5.553123718148112431e+01 9.051681856948741167e-01 7.331854791635690205e-01 7.325591318266271301e-01 1.748826812692838573e-02 9.567443639254332721e-01 3.086525427461880300e-01 5.900323699550699130e-01 4.573596062281803931e-01 5.045202675627571409e-01 2.432960715001013519e-01 7.788565907596274318e-01 4.804520953945440320e-01 3.245558167928613846e-01 5.175595706114187733e-01 6.223499146494004819e-03 4.183623586201854483e-01 6.406632201088804379e-01 9.219676326663993615e-01 4.131179101402338016e-01 7.580513932512961128e-01 1.642086312555580685e-01 8.905693693401346422e-01 7.701968902993241439e-01 7.451701435752848823e-01 1.507795002954233077e-01 9.437309762136349978e-01 6.405801601480517471e-01 5.607329675068755126e-01 1.081452107710131338e-01 9.690980351187866715e-01 6.587075872127088338e-01 4.751284837647304915e-01 1.957418164015469753e-01 4.094083964306283185e-01 6.013583204771846269e-01 9.353829130617911103e-01 5.122426890200021399e-01 3.012329367110853084e-01 7.026920123135119711e-01 6.266857226917319501e-01 8.145030638823307356e-01 1.660259724105878076e-01 8.763145769631895954e-01 9.248025980744378760e-01 7.794220245569581929e-01 4.175799672350621883e-02 1.608883138045700267e-01 3.642485752458733961e-01 3.435762327467904997e-01 9.439301428234543323e-01 8.928078798857114196e-01 7.906719808474017563e-01 3.181403432791334307e-01 6.315509531506845464e-01 8.129576481981583003e-01 3.887287018870898558e-01 4.765587993958338986e-01 8.901558373098227284e-01 1.619667991931686979e-01 7.254823928221498797e-02 5.190766708576606270e-01 3.802760469468983162e-01 3.996578629403142457e-01 9.013574392722321083e-01 7.972436598937160390e-01 6.798610412975061301e-01 4.077722287454129679e-01 5.509322848049649224e-01 7.616709397667216219e-01 9.167985318465066147e-02 8.603593380078046193e-01 9.004990133281937092e-01 8.861323783356481743e-01 2.374827884341126349e-01 2.536124033697375602e-01 7.113140511804747490e-01 3.911608358983342804e-01 5.174533621087828994e-01 3.673678372902777767e-01 7.633933292987228336e-01 7.029646952210417687e-01 2.969061522447546952e-02 9.912034909052169773e-02 9.516062675356434797e-01 1.760651143014784203e-01 3.299943037768253706e-01 3.045064616634541865e-01 3.977623525944317118e-01 7.795126847637843248e-01 7.828706019474126476e-01 4.576003435472569825e-01 4.990905404575128879e-01 1.307381694666815974e-01 4.357655632545620605e-01 6.446727969765264632e-01 9.484036658576218137e-01 9.269669967108897790e-01 2.227667435266290630e-01 7.517223274635983499e-01
9.529531279129870303e-01 5.173811473713293196e+01 2.766466030726829617e-01 2.975629803946314711e-01 1.248678071951914159e-02 5.297834121606478375e-01 8.584135876779511731e-01 4.608819592399004961e-02 4.745880624985283625e-01 8.584822689211578650e-01 2.432460083783568594e-01 4.638566451047088091e-02 2.405217966720925027e-01 2.107446996694961605e-02 8.245432533623546778e-01 3.926685291523128729e-01 1.351375065876878612e-01 9.321809925770662142e-01 6.341273512563151415e-01 4.468701007348679921e-01 6.506578029433601751e-01 8.006569080318082232e-01 5.874170343920508408e-01 6.932951691679167805e-01 6.668347376056913411e-01 2.725394432499967934e-01 8.641356085943300291e-01 7.356325651078992056e-01 3.213773345058112962e-01 9.024577365086960956e-02 2.727264005638438960e-01 2.658547797440469207e-01 1.014164080666570822e-01 2.292871570440301321e-01 9.872375521763175898e-01 5.584505720582226829e-01 7.108525395658857882e-01 8.637800820317232953e-01 1.033900401389402646e-01 1.595524919021529264e-02 2.729969112907655315e-01 3.375267305197257039e-01 4.422390634834766354e-01 3.884467616173791216e-01 4.809864775439675055e-01 1.649699338266243931e-01 1.791726031774003580e-01 9.557031765823098546e-01 5.279899474857835395e-01 6.964718343459622707e-01 4.771384398335610788e-01 3.112225035474205370e-01 5.602596845750722476e-01 4.413413654002539266e-01 5.542107124311805855e-01 3.033464108169396933e-01 7.051830118147263127e-01 9.274750745902489157e-01 9.459306136012838317e-01 6.321167930483047037e-01 8.664411808887328981e-03 4.583898904703501698e-01 3.502662477127116425e-01 6.348363896653548277e-01 5.434934536873625710e-01 3.552034222240054717e-01 7.534935012375048036e-01 6.091118248929937584e-01 3.139322045208240430e-01 1.381858684096000101e-01 4.130853381525247947e-01 8.977877995291712043e-01 4.300006145922651291e-01 5.515025072381434246e-01 7.131488341305919354e-01 9.577703667994259540e-01 1.113077305178561405e-01 6.559588090790668957e-02 3.047521604092034986e-01 7.643704590253629361e-01 3.321175949148228446e-01 3.758805466199237610e-01 9.185224016687175697e-01 1.031165232884186933e-01 9.441721469085969654e-01 7.426368632953697091e-01 9.975777210991448873e-01 7.767345397034198795e-01 5.697342302387600199e-01 8.915724691663211576e-01 3.439343180202846240e-01 1.369581890945511526e-01 7.736598414992373884e-01 9.537500064984610892e-01 3.343112204934899356e-01 3.052546811614565980e-01 5.756833186188017315e-01 9.141928839866130252e-01 9.984456050982875031e-01 2.096891979747441681e-01
2.035470072998375457e-01 6.658461088387268578e-01 4.859591942883441362e+01 2.644907089890099483e-01 5.832141128835162114e-01 3.926736428488031283e-01 8.552246435673781511e-01 1.846393771214976942e-01 4.283887742101718521e-01 6.278129005262266249e-01 7.696632735505399836e-01 2.777735557483999029e-01 1.678072790236628808e-02 8.147106578793110732e-01 1.703855932557940545e-02 8.402393800609364582e-02 2.784588440983937208e-01 9.371099224032558572e-01 8.709343683164005867e-03 6.095034183173131392e-01 7.146826111259768632e-01 5.471906336395940817e-01 1.201533145769047017e-01 6.673987677760524484e-01 8.713654242606599931e-01 3.540705001657753481e-01 9.406620376323679977e-01 4.128843278899553271e-01 6.696701715593551540e-01 2.381180227437407204e-02 3.128527206909315073e-02 5.595272873931105284e-01 4.614680981134301474e-01 9.498173565776878435e-01 8.332489179223253606e-01 7.943827829000050800e-01 2.733842536262047762e-01 3.480672722013994358e-01 2.927427662381858475e-01 6.354529546244810367e-01 8.910075182958570039e-01 4.633272742786905818e-01 2.798296653988940896e-01 2.100452598716326946e-01 4.916265105860273543e-02 6.995700185159068329e-01 1.301954104122201583e-01 6.625366369348452134e-01 5.362679566416640453e-01 1.703000787395451132e-01 6.710505915267502841e-01 1.622134093824828538e-01 1.096967250986313758e-02 1.711951434703566921e-01 5.193809279889797237e-01 8.146286735349245189e-01 9.599759024379166394e-01 4.086492738346347853e-01 6.838109401973099244e-01 8.523324261698759230e-01 2.836469469496435414e-01 8.802887225235628277e-01 2.419184324481225001e-01 1.430686771965682391e-01 8.938716658555981853e-01 3.401578757257690544e-01 7.912072304376873699e-01 3.635180854025577002e-02 9.282248704189811628e-01 2.642471932255952005e-01 1.359382736115485324e-01 3.434704709751073004e-01 4.026198749869209781e-01 8.912170805420084330e-01 4.506774800931609981e-01 6.428436187330003326e-01 7.469907496054108975e-01 5.320322604994672799e-01 4.460567333932033973e-01 9.215106932299415021e-01 1.789483662484880888e-01 3.158428931228648429e-01 3.145429132592884036e-01 4.736261189764834345e-01 4.101606769925859597e-01 9.677773134970458768e-01 6.406558911056269290e-01 8.977489582091592313e-01 9.545285967390515491e-02 9.824736553671106210e-01 3.887052694254294893e-01 1.164792621665654559e-01 5.735489769172852359e-02 3.751479640749220135e-01 1.235405397662054927e-01 4.843464314233634216e-01 9.146344577813975141e-01 3.896684762556429371e-01 3.116941075727628352e-01 8.725229025973350039e-01
2.615544878909340509e-01 3.504240654295075474e-01 8.676355643647393201e-01 4.725783200884859525e+01 1.504964633792381656e-01 9.812007100255961678e-01 8.800699228630349813e-01 3.807869699168123789e-01 5.105095637976528877e-01 8.112994750420116086e-01 3.778670952138301065e-01 3.465942305206610730e-01 2.447808734822081167e-01 2.092177746571860508e-01 5.413005660089592608e-01 5.367498443208676973e-01 3.673234141574992506e-01 8.753904192346704249e-01 7.045454207260252177e-01 9.445024592235895522e-02 8.794662475087121623e-01 6.182314358932483600e-01 2.185886485295800430e-01 8.031612034122860289e-01 1.344407206765274587e-01 3.410109111767573031e-01 3.198443328533073782e-01 5.024750943025770855e-01 6.402473950292024707e-01 2.595311747966957405e-01 3.286289500778651895e-01 1.774540062130501861e-01 6.694473748638936073e-01 5.845111611544773211e-02 8.128213380364917029e-01 8.566218169221955225e-01 1.418691438199807253e-01 1.620405018988140267e-01 6.770715079927299707e-01 6.152796319339888242e-01 2.170223809494353784e-02 3.108587444463112304e-01 1.398109648661940430e-01 8.289475255971323620e-02 8.801164747675425115e-01 5.954863367277740682e-02 9.002423954250204918e-02 4.540822205542986989e-01 7.410167993511185269e-01 5.054915439992561099e-01 9.522043329654539257e-02 6.317906523789806883e-02 5.388907982518361672e-01 6.944358266482586473e-01 4.685039666535838476e-01 8.025581041921765468e-01 7.677358846274731086e-01 3.502888880082581924e-01 1.594601408093785366e-01 8.066874470131103481e-01 2.844702136881093191e-01 3.283516844382128319e-01 6.778846989981353044e-01 7.194115833373827540e-01 5.585117971721150765e-01 7.610772949831716705e-01 1.043206149763786783e-02 7.319750484663648527e-01 8.211123989936774947e-01 3.984683290590586013e-01 2.257663035097903226e-01 3.394611113619712128e-01 7.820615267512961433e-01 4.882551461213091581e-02 6.860754345643094165e-02 5.196749898110146759e-01 3.560649340926043127e-01 8.305894012969051721e-01 8.838871698969509305e-01 1.838587891792948792e-01 1.205867160754778844e-01 8.623077941824308645e-02 7.098044072251572523e-01 4.600414250140647532e-01 4.299633122222198400e-01 1.690433360054524048e-01 3.282188258738957254e-01 3.878067828432253394e-01 8.421636462047816796e-01 4.102987798548167753e-01 2.478753057271976257e-02 7.641174906940730871e-01 7.459381017636963485e-01 9.831769725534887927e-01 2.826912156007939103e-01 7.602231268544414888e-01 9.873272381037495604e-01 1.130713131100158364e-01 4.701843190643902881e-01 5.881529442695787591e-01
3.726209879852848683e-01 2.832134008135708259e-01 8.993894310963170824e-01 1.719041590900773908e-01 4.756645016998071895e+01 3.510066228960094792e-01 4.447153762267327393e-01 2.326832733528331199e-01 4.384238142394099036e-01 7.408251823000477909e-02 3.611854484821076516e-01 9.980232041895529260e-01 2.471165080394555069e-02 1.442639057643426703e-01 4.114298640542457530e-01 7.115341108869646103e-01 5.944876013460788089e-01 9.569399388769269654e-01 2.884872734812521378e-01 3.662869654961045107e-01 1.234606172953711667e-02 9.000763952301413795e-01 2.675962088408571082e-01 5.915766841529899178e-01 9.740708957455529449e-01 1.676387315631466812e-03 9.298139748526581538e-01 9.734460003060120270e-01 1.580475949501837230e-01 5.485732629516208991e-01 1.303587304444695505e-01 3.384583352943431045e-01 2.646853274972071901e-02 3.134031699030920270e-01 8.136728417005544278e-01 4.510400611220256595e-01 1.412117071205856167e-01 3.140642268114892666e-01 3.973015778878740134e-01 3.795441205495965198e-01 2.051161398166789773e-01 4.567629569250978294e-01 2.847558494805827456e-01 1.230264082275844828e-02 9.379449106835398009e-01 6.342014468969014995e-01 4.865207960651577457e-01 3.674017772650161051e-01 4.477335845863212871e-01 8.917884034715450881e-01 6.057476748823331647e-01 9.398941657110913006e-01 6.579693982618438630e-01 2.415210751550045387e-01 7.585841596467612913e-01 4.407458388604101884e-01 3.155331839108317382e-01 2.129896447643488955e-01 4.113340438066659388e-04 3.383835320853394446e-01 8.833040069650521797e-02 9.938377778672217167e-01 4.868019422497804616e-02 5.024800934722742918e-01 1.013160952393437064e-01 9.582728356702164829e-01 5.877300067882916812e-01 7.335301786106473987e-02 3.633137215710039447e-01 6.488168899962633018e-01 9.855966379973216673e-01 3.338718712541857148e-01 1.985585155441393912e-02 2.407682269647100082e-01 2.813789766913530332e-01 9.421531499909030494e-02 3.772738577958119066e-01 4.634796711670122749e-01 9.527749956546912591e-01 5.349890731438798896e-01 5.649840136967143600e-01 3.975687365857450972e-01 5.757125953025183929e-01 7.388626999191326705e-01 1.527475586640253402e-01 6.607383243790662108e-01 3.552419414887145743e-01 2.845020582717776580e-01 3.859848922734343546e-01 9.980672589654979721e-01 4.543039650292918230e-01 5.935823842914955684e-01 8.289867625272953067e-01 9.305549711156216874e-01 9.574148950623666554e-01 1.986372024509497347e-02 8.972212964118776446e-01 8.398921450335455896e-01 6.191951932086484645e-01 4.519486504479169886e-01
1.347603185176129426e-01 7.659817800330450677e-01 2.453946282496453080e-01 9.931589917493482966e-01 9.669183973321994197e-01 4.958417577138311572e+01 5.471847685838724384e-01 1.349631470916373699e-01 3.115979602327859643e-01 5.526658627309892768e-01 9.349733813899653301e-01 2.700589712677946563e-01 2.702413180292884132e-02 6.863967789278847542e-01 3.536643833555286331e-01 3.022393774646425779e-02 2.155352940869461609e-01 6.384474162411926113e-01 4.285808946327328561e-01 2.181059991580658330e-01 8.139294338602613976e-01 6.214385991686800503e-01 4.688037588385373100e-01 7.117371176023272739e-01 2.544306821184987299e-01 9.341089858326970807e-01 3.476277161790722880e-01 3.816736199157026999e-01 7.457249282936151413e-02 5.119090841362696764e-01 6.669570647458953339e-01 4.880618747765204102e-01 4.655440603953130418e-01 2.788900529331611589e-01 6.898997287215381524e-01 3.332907740954129672e-01 1.911408533717264824e-01 2.077082484559977793e-02 6.293893616501781141e-01 3.216459013479990858e-01 6.639361527654252804e-01 8.452831581487966206e-01 2.155555482549587065e-01 6.719847419086566465e-02 4.991734889768503214e-01 2.551531275417712186e-01 4.069957886229337296e-01 4.545430046837006799e-01 1.378556549228301398e-01 3.774645393503938129e-01 1.547667667794693225e-01 5.618193313500632335e-01 1.656351140056042670e-01 2.155075099871764932e-01 2.159451711195399248e-01 3.911409394868724521e-01 5.016620002605274298e-01 5.172213003421417543e-01 7.924199960768932849e-01 1.852073264989980705e-01 3.161540915044632749e-01 7.407529619700589096e-01 7.303825011817399737e-02 7.755516214100707240e-01 2.729227161512348676e-02 5.763003423512357282e-01 3.744701575699344032e-01 8.548399286869492464e-01 4.395475306262468518e-01 1.043771839557902092e-01 8.650945462846701961e-01 2.373476017849883712e-01 7.193762197121011948e-01 7.288319236046281180e-01 5.392679366305642708e-01 4.572306158558561151e-01 5.014259037599895219e-01 9.614380929510515372e-01 9.298257363747753912e-01 9.342695375296763416e-01 7.229129143039177974e-01 6.884564245121017612e-01 3.032564637925705409e-02 2.262778831016599712e-01 8.766155489521683108e-01 3.434804112090443784e-01 1.948488939274313214e-01 8.588257829033071333e-01 9.915078671275776578e-01 9.094331740135098707e-01 2.282235884569158157e-01 2.651587478966337397e-01 2.331316247735261138e-01 3.850237901022970366e-01 4.433833740512700405e-01 9.183466288439051661e-01 4.978594643243822171e-01 6.766151854838906576e-01 7.749655428775876764e-01 9.047920805649400933e-01
6.296261450574441865e-01 9.454548392443679061e-01 2.914871873429533133e-01 3.692198872446451619e-01 3.883259841117880917e-02 5.082953609904584669e-01 4.810747598448981677e+01 3.011249025245266164e-01 4.183596516021770295e-01 4.261883034404084780e-01 7.756539965883946230e-02 8.971223816149511698e-01 5.643057494915892924e-02 1.075202540256244843e-01 6.171787759611677693e-01 7.034174115078237755e-01 5.754326649850982633e-02 2.843282382953742360e-01 3.279782544009367529e-01 1.561328593258465292e-01 9.758314307776773111e-01 3.513471847641879142e-01 6.700456177348554920e-01 8.514753723686370179e-01 1.642796184700980877e-01 7.621507178076555311e-01 1.383666851839336909e-01 1.306928253261090411e-01 5.835965095332062980e-02 1.341695320780595946e-01 6.498467545934152323e-01 3.867527864014991268e-01 7.544508986976079523e-01 4.133376598807240176e-01 8.316770877822543540e-01 6.447220428363706901e-01 1.007358663628544759e-01 8.928206846352110260e-01 1.868170067381581534e-01 3.559399060720114250e-01 7.580628219425166181e-01 2.582349050400125634e-01 1.938015960218890665e-01 4.080017896144849665e-01 8.542581140459296618e-01 3.329433503372437597e-01 2.092562893765466114e-01 4.521462192427049276e-01 2.723314999459391927e-01 8.115396465610212884e-01 8.070426051963769387e-01 7.815614081707348282e-01 8.510268621366519071e-01 1.755380828324042408e-01 4.098340545122883816e-01 3.230566943269818081e-01 1.520870394352697996e-01 9.851447183993122803e-01 2.278938667782443028e-01 6.245630689384328305e-01 8.830612403296344004e-01 2.666678666071258252e-01 6.008776745720937340e-01 8.669206811988766637e-01 9.140022489539922912e-02 8.518306919073982408e-01 7.542638604928688650e-01 9.174979834786590738e-01 2.048131037747994432e-01 3.212833610041891941e-01 1.425048770442907120e-01 7.517468223227754542e-01 3.417409197588546776e-01 1.629086625053017823e-01 6.718556504859954925e-01 3.266067388132256610e-01 3.907569986234505910e-01 6.166822087433021515e-02 5.230700546807365292e-02 6.990784327696679679e-01 5.617412289841184903e-01 3.872703920530718991e-01 7.634263523019029218e-01 8.351954305319416738e-01 2.956566334196822909e-01 5.330685292306527323e-01 9.544574175004033600e-01 9.929680261251186968e-01 3.293726837747321667e-01 2.825601299982860581e-02 4.412202006340941729e-01 7.379998786384898146e-01 2.471670253679222329e-01 1.995325829996092981e-01 7.028437903661937103e-01 4.084966616050685895e-01 3.985912068387001961e-01 8.314497444561816941e-01 7.861468865851189980e-01 7.185031548020082148e-01
9.479410507877860104e-01 6.807549428090491350e-01 7.317771395463744666e-01 8.032349797494191534e-01 8.769480942213481178e-01 4.148949952181101297e-01 5.359986570247516902e-01 5.082946637142718060e+01 2.162808708673130687e-01 8.515887492331442044e-02 8.226051371150830960e-01 8.238931103342792550e-01 2.626693883670451202e-01 3.114839786342582517e-01 9.819224652126279373e-02 1.174188767216628460e-01 5.589006678485122226e-01 5.415222851245113933e-01 9.760482385319525500e-01 5.289011081237761092e-01 7.567048951997439321e-01 2.637255251489044605e-01 1.730494440847503146e-01 7.529404974206698187e-01 1.019357459149798917e-01 6.675356835881842699e-01 8.172685405001125503e-01 4.051426270481945924e-01 4.086940527159124148e-01 5.928721684402586956e-01 6.468318555480434551e-02 8.912167989116437372e-02 3.562841964853121768e-01 3.590043347226670178e-01 1.427223382691389375e-02 5.476098251214002177e-01 2.590172383269035983e-01 8.341885287694681406e-01 3.740993166069235265e-01 8.736339501657559570e-01 6.468620166508673996e-01 2.135535152543754922e-01 4.777836342560687344e-01 2.143009303668567123e-01 3.274892768381948427e-01 5.515354423175135024e-01 3.244042072742744365e-01 6.848299751711581784e-01 7.328741403109928498e-02 5.567400738504404423e-01 9.706789349367632713e-01 5.545427430454186180e-01 6.337859934003169382e-01 9.931539787367403838e-01 8.096337036617387017e-01 5.092360842779259933e-01 7.791528060575187986e-01 6.079687756952700806e-01 4.532385344409354255e-01 2.374381753638588055e-01 3.775672771496791924e-01 8.116643858417329493e-01 1.443244755335924001e-01 3.001447925399788330e-01 3.132509536756178381e-02 5.453796877640415541e-01 2.779064771358027430e-01 5.571269091100328197e-02 7.386777992882320731e-01 9.594213144212493383e-02 9.169226886924997100e-01 2.813770142393254847e-01 3.833444721892080853e-01 1.122015340603843558e-02 8.527571218626728289e-01 8.936456687220029060e-02 8.891266700245834542e-01 5.445722451231989059e-01 2.406621681241656319e-01 9.349382997240734960e-01 5.514447581794794662e-01 4.078192824526621907e-01 7.917047376709421824e-01 9.625947411264649256e-01 6.336757598033598837e-01 1.953528323502047304e-01 8.591595037100512311e-01 1.886771491095471376e-01 9.006773964264683796e-01 2.097475226475642440e-02 9.493097231595173380e-01 5.488920696295259694e-01 9.835545899039916939e-01 3.747556988051153892e-01 4.414365646401041676e-02 6.815777785760268603e-02 3.965097235826637867e-01 1.923490814394589465e-01 7.888482550569583251e-01 9.637282684940460253e-01
9.100762836967034586e-01 7.999834513905779154e-01 5.487066755478542390e-01 5.125055672767722115e-01 4.495093328954636869e-01 9.576997597868625034e-01 8.649584089171508117e-01 5.494661210876109481e-01 5.183934977234493147e+01 1.191658519646685566e-01 7.324364043036308836e-01 2.687351457737783278e-01 7.556376466767155131e-01 2.798767660824336145e-01 8.788671215430279293e-01 8.927881677942651750e-01 5.093899485746122835e-02 4.428143967153773675e-01 6.792359199169240025e-02 9.050878429360179611e-01 4.176380450564476376e-02 3.831308145117247044e-01 8.177540568092863671e-01 4.549195953928615310e-01 8.005079600299828124e-01 5.151757167044538344e-01 3.676168012715609335e-01 6.491094609392582537e-01 2.602299349331947953e-01 8.882634103439146500e-03 7.622853332159075235e-01 5.664006788921404079e-01 7.932608616281967562e-01 4.591453950528391337e-01 8.301792503839021675e-01 8.970836325884360418e-01 6.727370104948734442e-01 1.292717737080865126e-01 9.507503669451471406e-01 5.841189561150470499e-01 7.264411540982996796e-01 6.651607176936324972e-02 2.920474879516985478e-01 1.729999863842094365e-01 1.369715194710531270e-01 7.034237644946874646e-01 4.964903917614312823e-01 5.113851770856499002e-01 6.401757566260446453e-01 4.584983926806329713e-01 6.153901909101743284e-01 1.856016239016244906e-02 9.437885356459611019e-01 2.747642665681526708e-02 3.657729401915216227e-01 9.041426268928524079e-01 5.010496797923339463e-01 7.034443806969492563e-01 2.700348802448345742e-01 7.778333895079706517e-01 1.943596927298891774e-01 1.113119534965658630e-01 9.981243088493922944e-01 1.869019926572377255e-01 6.410881759071608288e-01 4.198995382689172384e-01 9.913237840171529314e-01 7.827191723736209861e-01 1.810366441876767318e-01 1.082681042822997153e-01 1.828232071280692095e-01 9.201896619680712819e-01 8.976709650790946071e-01 2.124594745757067971e-01 8.901184284566199256e-02 4.680924249874334198e-01 4.541959921830427405e-01 1.244426912643520344e-01 5.472419896655704719e-01 3.009326007533530412e-01 8.334372591932651675e-01 9.014300819413870736e-01 3.697603299771203833e-01 2.627134157633091993e-01 3.673234140194393538e-01 1.282315481792669631e-01 4.272101077129605295e-01 9.822154755835137419e-01 8.749369592920380745e-01 6.853215716164943183e-01 1.956742248705936049e-01 5.967505011430300765e-01 2.551351274976965122e-02 6.674246417262483799e-01 3.171639732882385321e-01 3.521366562240275666e-01 8.818624744514400593e-01 7.717078636737731978e-01 9.406539383040631863e-01 1.244322765515881724e-02
9.643898028944408729e-01 4.238952930796433538e-01 2.489796394341350361e-01 7.383063847198453322e-01 2.508690383856588824e-01 1.497843983996950401e-01 1.135299752423731823e-01 5.409106047103725556e-01 4.539557270508877140e-01 4.855064441497309957e+01 5.498987691393675270e-01 8.568291882927774328e-01 3.501067961942210260e-01 5.443311441997394917e-01 8.715449711827679691e-01 5.328421511314423986e-01 5.578767617316963134e-01 3.928729524075934565e-01 1.135813373886856992e-01 5.649590708786467186e-02 3.975068833768130583e-01 5.787747459139468420e-01 6.620051441644504431e-01 5.221592772201230082e-01 7.960042348515977695e-01 5.667339818312568944e-01 8.499625269252498727e-01 7.518497377722105357e-01 4.463194993738619498e-01 1.051031663401268412e-01 8.170287010490134838e-01 3.757423503896738515e-01 4.960103219290733501e-01 8.133938048813311728e-01 4.573199193249349870e-01 2.250949110192914659e-01 7.477539419366854290e-01 9.642478503154268132e-01 9.053763639160135046e-01 3.831319788998943654e-01 5.203423577560467583e-01 1.130711120158899297e-01 2.839206455942853147e-01 2.143103733540527855e-01 1.104845643886920303e-02 3.363057551597603556e-03 5.640741932895070310e-01 7.119453849596668604e-01 3.761178667858190439e-01 5.417381801358720494e-01 9.822912468420625931e-01 8.052941419809692691e-01 3.566475513505236172e-01 2.228226537124683437e-01 8.804991942630040480e-01 2.759177921077463624e-01 1.580187664806979031e-01 1.609285940159813633e-01 2.732130504432033202e-01 5.366782863171191131e-01 1.755940113443410500e-01 4.427143833029082431e-01 6.859982994650180022e-01 5.478058109957864019e-01 4.081162965509284035e-01 1.181603072860448744e-01 4.505267360767436502e-01 5.595051180551108283e-01 9.944709362762359506e-01 5.724799232180417530e-01 2.799542395650117532e-01 4.070524938750488264e-01 9.846310731068896871e-02 1.038654668889462673e-01 3.229599498755220122e-01 5.816763356208440872e-01 4.654241303649899741e-01 9.166697474421870995e-01 5.715104125414099956e-01 3.793549599341478062e-01 5.748504229339470584e-01 3.160488744439624575e-01 2.665505474431605348e-01 5.460931705776254086e-01 4.772776202701008996e-01 8.342652613187151456e-01 5.438703271106258841e-01 3.709315349578293786e-01 1.386525416826679402e-01 8.722825428320880592e-01 2.350142142401289158e-01 3.226153534544701218e-01 3.566542766464301240e-01 3.934953216469307957e-01 5.813237087856875096e-01 1.096736046120855290e-01 8.304889903471306400e-01 2.215350036430752123e-02 9.943563618494056788e-01 8.888536799114663545e-01
4.766370576737284370e-01 3.785079646487305993e-01 2.891922620674578503e-01 7.653993125619651394e-01 8.298501726783860111e-01 1.284140431735956156e-01 3.777464422730734128e-01 8.830212787629529991e-01 4.343378103383900291e-01 9.162320919817982245e-01 4.879234953685539011e+01 3.270252847831769394e-01 6.342625341191304722e-01 7.861408230723021529e-02 2.454018546220088082e-01 9.507936661064676498e-01 6.063405516379311022e-01 5.416661756019458540e-02 8.290017172790908884e-02 6.742080876836228365e-01 4.382584525463689706e-01 4.124533082071555334e-01 4.131510798671154117e-01 9.213838856435988545e-01 9.892656142985243317e-01 1.019386566120916715e-02 4.620043469628838384e-01 1.118647191736296120e-01 2.839045426697137664e-01 7.419300753227658918e-01 3.080240523293874544e-01 8.258105910576258868e-01 9.391114376811948716e-03 7.487764518298785088e-01 8.001794551665171173e-01 6.028454278498510677e-01 3.277617278157648473e-01 2.139555104255717044e-01 5.178444539397004664e-01 4.093945460059400521e-01 8.587027703111627108e-02 2.767350879415764187e-01 5.515894800449154811e-01 5.518556469589499525e-01 4.029097381378697884e-01 4.192036614406204897e-01 8.438332602662689252e-01 7.867253418793769271e-01 4.398113951177261560e-01 5.517567493624542241e-02 1.083859810284815151e-01 4.541059072083498682e-01 2.209531441230022653e-01 3.309011375088742879e-01 3.228935628673519354e-01 4.283220745470772695e-01 9.015139012932763540e-01 6.220601319362669690e-01 2.392286284620614989e-01 3.448950581845675600e-01 3.268349953441441746e-01 1.089738935248411034e-01 8.096117158606883635e-01 8.896444640651645086e-01 2.661068559814627754e-02 5.520526254826314538e-01 8.902293378258766543e-01 9.848646430385249451e-01 9.107295433617736968e-01 7.308479023580621847e-01 9.608325623127270676e-01 2.289341221712458685e-01 4.015455064524565687e-01 8.099490426891169381e-01 7.263546764919004417e-02 6.065974947870907963e-01 7.508280947791881044e-01 6.734369598803254808e-01 2.122215333462531550e-01 7.020351789545706822e-01 4.475351165570934375e-01 3.817398732028298713e-01 5.247485211359577129e-01 3.947536622268867923e-01 3.327539276387029288e-01 9.852774935982221427e-01 2.859122445305660731e-01 6.180539512926692680e-01 3.580317930436697216e-01 8.497328359772132744e-01 6.128453470135331038e-02 8.532666728567361858e-02 3.644697075523295471e-01 1.763291125117427693e-02 6.286803073861569890e-01 5.014926449279781817e-01 3.018192584550405400e-01 6.288411401312794524e-01 1.382212936512869916e-01 8.722049374821080336e-01
6.236032145196553911e-01 9.707451473579501444e-01 1.753844795571612991e-02 7.244755405585536767e-01 5.974015137979050705e-01 9.329629279342954717e-01 2.604253916744949660e-01 9.581373694522389295e-01 8.329936944560794032e-01 8.281126969283838513e-01 6.718636680366751879e-01 5.577493728471204548e+01 6.643821286959359362e-01 3.087456725181056960e-01 3.756460726322273791e-01 9.784098488357304557e-01 3.604882246864914430e-01 4.852062824057502555e-01 8.599100327634536800e-01 8.246026523915908069e-01 1.033324594623630244e-01 4.273164982391783884e-01 8.385879464294792029e-01 9.248101349550701400e-01 6.224707314946323899e-01 1.684647378509730453e-01 2.316252710995654329e-01 8.575015483855806808e-01 3.322309282563169486e-01 6.059270729071606354e-01 8.593416146908742226e-01 4.747855405760682546e-01 7.797138827316445475e-01 4.578820193662119786e-01 1.387032060174745451e-01 4.244913110321547611e-01 3.588582992710369624e-01 9.535076457800895078e-01 6.161811342324464702e-01 1.634183199574165135e-01 1.433329867890660303e-01 2.412297912873178074e-01 3.833980489438419959e-01 2.584855022525934798e-01 1.947694749120733038e-01 3.288928002342124124e-01 9.273061380903779849e-01 1.392906563079069349e-01 6.532959242967107949e-01 6.599496843877450392e-02 9.756770987911126403e-01 1.720088976720277607e-01 4.515853602246631127e-01 4.313221410693801605e-01 5.840581008526858353e-01 1.592079240876436153e-01 5.314283573530653726e-01 4.688141955949325368e-01 7.094264600671376098e-01 9.209873223012430277e-01 8.439570287371654933e-01 8.774509807298328523e-01 2.357293746319768513e-01 6.265826416972470891e-01 4.651464408358496616e-01 9.781233285214969708e-01 5.193017396844155087e-01 1.564731609320413330e-02 8.659814331438462354e-01 3.528930779419570118e-01 3.912601557786806739e-01 2.531159562937781438e-01 9.857826070283172148e-01 6.773582604901156046e-01 6.786889353395676450e-01 9.573736190778658894e-01 5.630556291825195014e-01 5.567802154246830337e-01 6.789841518712197432e-01 4.838902291676965284e-01 1.448944686126417691e-01 9.376176235313983254e-01 3.657760243071311868e-01 8.316129599707897668e-01 7.147497050896036708e-01 6.856780240992155218e-01 6.666043901288534190e-01 8.981546025024169655e-01 1.007292143159743691e-02 4.518922477197361287e-01 5.259695212097665884e-01 6.370734480748931894e-01 9.562979957813265708e-01 7.951615356418710867e-01 7.722856064237300089e-01 1.807034018964669420e-01 2.467808257069303846e-01 3.952036378871923716e-01 4.939358508790081537e-02 3.907354704954463243e-01
8.767464182242834525e-03 3.802338370476009421e-01 8.186091877933132643e-02 8.487295704033204213e-02 6.647984774189791279e-01 5.590036770133921529e-01 1.318927267767890932e-01 7.449649036203931374e-02 2.908561900737045569e-01 4.872948271598286363e-01 9.278909065007996393e-01 1.601303135730373084e-01 4.892901999358019793e+01 3.173422110563517418e-01 2.929802246580581748e-02 2.371652814054074909e-01 1.496046428127182359e-01 5.530310398904744185e-01 9.169040926294632632e-01 2.322273763631910182e-01 3.853211944250359844e-01 6.826651139519567257e-01 5.891488994877415175e-01 7.445661250190394043e-01 6.657240554653659492e-01 2.728333321168103787e-01 2.425842601033596502e-01 7.524220874569965689e-01 4.575628952587692533e-01 2.383723732156873831e-01 8.134423337282380428e-01 2.085387722079424799e-01 6.618676844318368557e-01 9.703230231568937825e-03 9.087046989521817553e-01 9.916061390101853501e-01 7.757600077390873761e-01 5.232704699372165980e-01 4.430617488356696221e-01 7.127123628531651933e-01 5.452020054359444368e-01 7.353455401775443878e-01 5.784169078779485274e-01 9.501445074084572395e-01 2.841751096590686698e-01 1.336495815279858945e-02 1.421600880924324128e-01 3.784928778906437863e-01 9.019158532778918103e-01 1.954494535604265337e-01 5.700845994123421301e-01 9.112995960155327868e-01 1.969977156890920789e-01 8.487184566992692636e-01 7.224476108043229594e-01 3.285870843519981266e-01 9.521697974674713238e-01 4.734585711645198369e-01 6.773095647009457210e-01 7.642020772165484255e-01 9.308402495222023454e-03 6.817787815657428974e-01 6.182465094534128625e-04 8.115090753068426865e-01 1.799763358300273675e-01 6.417821024717075273e-01 6.959397572909381546e-01 7.277222995384023951e-01 5.972712509643326451e-01 7.033960369062404183e-01 5.320829885957327754e-01 1.238919666645298401e-01 6.460576140519947996e-01 3.544974881659334054e-01 4.210685750947215089e-01 3.870104316281769430e-01 5.790721153102752483e-01 8.211659156559215633e-01 9.075252843438144090e-01 2.321647871288914367e-01 7.278371657216911039e-01 5.726054621682034051e-01 4.938986242973675278e-02 5.043793927087313334e-01 7.130782628896424891e-01 5.339502182006488074e-01 8.483326331997242953e-02 2.859213701743138492e-01 1.651540046108450621e-01 9.800359412319515906e-01 7.899512916216602232e-01 6.061116204687179154e-01 3.098091848081252486e-02 8.757748170523826925e-01 6.808705998157966732e-01 2.669547597256869409e-01 1.478491428682577880e-01 6.731714447570427140e-01 2.021924741652112445e-01 2.866381942920273040e-01
3.480975097174634492e-01 5.062560093474927081e-01 6.984003482623518666e-01 4.951697033897373146e-01 5.544815730836917256e-01 4.765832023145913920e-01 9.417085025866659409e-01 9.544268830159408079e-01 1.657248879114114892e-01 8.720690805383719546e-01 9.142185476514332887e-01 7.624063144907757827e-01 6.484643789412587456e-01 5.443607342729341525e+01 6.340618171152770932e-01 7.382489151930982096e-02 9.994107120489569285e-01 8.865547314407412616e-01 6.659869587230273780e-01 9.354111093304939839e-01 4.468406418845503048e-01 7.940334618802511457e-01 5.396443431327471174e-01 1.674589346185318961e-01 5.989541753501345100e-01 9.331348807234457476e-01 3.062059919992691226e-01 1.053642138706957221e-01 5.427391550890388050e-01 1.948196970521802740e-01 1.534403822107953674e-01 6.914764042665187960e-01 5.212365221250534475e-01 2.026855258282486139e-01 6.795814426583343115e-01 7.282107637941787059e-01 9.265131262170619442e-01 7.497749923539214212e-01 6.120866709022079188e-01 6.354086474997664435e-01 9.539569224327535402e-01 4.967195764483200993e-01 6.834537865501136844e-01 1.882961958125812796e-01 7.317486312376102475e-01 5.151516033251234417e-01 7.486311346810334832e-01 4.959029076844456707e-02 7.734832786974151775e-01 2.753666022201572972e-02 6.592130077401114896e-02 8.247060710560449870e-02 1.647810524881632155e-01 2.829020261591421725e-01 4.382357800572779238e-01 8.557949407278817588e-01 2.749711022366784219e-01 1.377791309933115160e-01 4.661181177172681878e-01 9.879673319552328969e-01 3.285220325466660096e-01 4.329820845465490731e-01 9.008257578769238716e-01 6.493480577288297528e-01 1.205463653417386816e-01 3.158720668679536603e-01 8.034956468489073966e-02 7.218262270413774440e-01 3.851426624303249113e-01 9.425182748321810910e-01 7.547629652979068737e-01 7.773093978405680726e-01 7.935542194725841991e-01 1.379093253466812108e-02 6.644901143034431801e-01 9.906812600385793699e-01 3.503228952208736757e-01 4.728704831252964480e-01 4.993825087641434735e-02 3.373671841490069045e-01 4.150700958593880330e-01 6.817944683580793308e-01 7.385347170611756829e-01 8.833836679164676076e-01 7.634597442036519244e-01 6.310304043929618745e-01 3.255410374912212079e-01 8.407847214192191165e-01 5.614775087860660596e-01 6.959844936021081230e-01 2.101480056402535990e-01 9.245992291491720305e-01 7.685503216863294185e-01 3.548944210247743092e-01 1.034846406589545742e-01 8.969072220813723018e-02 2.308869868392491309e-01 5.062778815578350411e-02 8.505657184814221505e-01 4.167098024275178725e-01
5.392168894458518880e-01 8.058168275243143830e-01 7.289754128375329767e-01 1.625187774905156868e-02 8.608854650842545642e-02 4.860109398766621069e-02 8.785191096374105335e-01 6.538583463005712693e-01 5.344748094597706611e-02 9.800827777886839121e-01 7.300426875974681540e-01 8.960518570467950195e-01 1.395656333566970275e-01 1.688859963444500067e-01 4.634238385893788603e+01 6.050002904337925536e-02 3.573543577251078185e-01 2.023652263622570668e-01 3.692510361156181586e-01 2.176687280816057557e-01 5.845386263668449489e-01 8.522946232277217593e-01 2.561423707111176729e-02 3.286273706986135856e-01 1.709353281540393343e-02 8.382571991644338638e-02 1.959346473237579822e-01 3.927354813197592165e-01 5.075458604132706553e-01 6.812026905901689133e-01 2.703630722870401515e-01 1.307816401375734294e-01 6.260299512780995723e-01 2.316632918574650368e-01 4.869053589611667121e-01 5.896140566708041320e-02 9.245403447486411075e-02 7.013717610964619320e-01 2.252000649014449518e-01 4.261082395365132225e-01 5.408701418799114480e-01 3.457001915731421349e-01 7.276843466919474812e-01 3.760487483884955573e-01 8.047015231800480617e-02 9.411337765685333645e-01 2.166589494210888756e-01 5.579732090302871317e-01 9.594359275168384826e-01 1.221466475845049970e-01 9.219689523725215219e-01 5.996120034105540952e-01 8.487749825162763662e-01 8.819526079089182735e-01 4.869609338421085898e-01 2.009718315646680242e-02 1.432549795157237460e-01 5.246733971670327623e-01 6.705191016219237410e-01 5.439893314536614621e-01 5.955720705642467694e-01 2.057379551409299623e-01 2.106806927884599112e-01 9.494310742610684306e-01 1.971303979560051767e-01 6.078438353647501735e-01 3.079155398309938452e-01 7.854605096772226958e-02 1.762736213722667644e-01 3.010968193476963872e-01 6.232439100930399212e-01 9.686620124543658950e-01 1.646270500550466309e-01 6.333463993768184697e-01 3.135786923044331376e-01 9.064106661671722520e-02 1.370392969472444822e-02 1.198141905278581332e-01 2.007020216924420009e-01 3.877298920435496843e-01 7.983153384438311795e-01 6.441428250602724281e-01 6.662360163234937183e-01 9.820992985297504196e-01 5.240647230567668791e-01 9.543033324587805177e-01 6.942727806438033777e-01 5.813018974704100561e-01 9.523833099840536276e-01 9.388133211419236179e-02 6.383571558587994854e-01 6.074600824744208483e-01 6.722385267024443278e-01 5.750235159459542444e-01 3.465668312497026671e-01 3.921665242803302753e-01 4.749391492774045487e-01 8.568197169681907033e-01 8.363529966531713100e-01 3.736755458192126955e-01
5.282198061537958234e-01 6.838321674283247553e-01 9.824988311200490987e-01 4.067595645276703697e-01 5.226539302340702520e-01 6.672804303612505095e-01 1.743618635587489418e-01 8.755666695533670385e-01 7.062184928605261813e-01 8.874483721142939485e-01 9.463578257476057409e-01 9.247507789639597409e-01 8.433987671112519457e-02 2.095953976044989675e-01 5.138010726706372377e-01 4.656222673392616684e+01 3.026622741929781979e-01 9.223571870676419149e-01 4.904664541597097971e-01 4.017471475265197434e-01 6.168960331866338853e-01 6.049346566767381805e-01 1.232587356776703169e-01 9.029589571099744250e-01 1.413958291609523910e-01 2.796015427325483360e-01 4.823100015734851365e-01 5.207053001490663524e-01 4.429415954042997816e-01 7.095924633552527228e-01 2.267870293330096487e-01 2.824311127268276378e-01 7.690311772469482499e-02 2.231210731801747116e-02 1.415006775792249094e-01 4.253884203684217269e-01 7.928613993186504061e-01 3.255994339775420965e-01 1.829871066554972225e-01 4.217144177380985903e-01 6.998307793063587301e-01 5.837485322967718160e-01 2.820935835833633387e-01 1.557394531652349645e-01 7.109024627820585973e-01 3.763752268533444578e-01 6.372879661159717157e-01 6.969174429988223007e-01 1.733881574410525150e-01 7.394089342616431138e-01 5.015663243175374486e-01 3.856677749100509978e-01 4.362411945491253551e-01 7.743049695773142060e-01 7.417661140731208747e-01 2.252488380832856629e-01 5.459276878710039860e-01 3.249731928367859402e-01 3.952652239492296937e-01 1.071375361161472917e-01 6.355505032744950267e-01 7.614259328588968145e-02 8.799198463902400125e-01 9.787012043179160736e-01 5.255057462329193463e-02 1.116642839778073659e-01 9.527261518166474374e-02 2.247183838250123022e-01 2.819221027365995669e-01 1.674605212153790212e-01 3.283561537560037991e-01 6.365959138992925981e-01 2.401242341881849596e-01 2.551201304709072026e-02 4.591257942966390226e-01 7.313730862904856966e-01 1.311998018572215763e-01 3.088207262313773516e-01 3.895148320829844302e-01 8.248793468848006905e-01 3.041021698805169704e-01 1.832029817179058329e-01 7.415675769367041648e-01 4.160432193246577093e-03 4.244885134326071841e-01 2.730699101418443409e-01 8.421041275476199850e-01 4.301273466116265487e-01 3.179336989198917607e-01 6.746863696211404804e-01 3.290043595005061050e-01 2.260973215980656148e-01 2.208431424401265941e-01 6.312026265147153703e-01 9.070499418134849723e-01 8.732167136895674364e-01 1.958563341548289483e-01 6.866621071440177637e-01 3.884873391781461516e-01 5.070118089724895416e-01
6.822876795283960849e-02 4.763992975534578900e-01 8.880811946970375015e-01 9.070714066918139640e-02 6.055087454570510230e-01 3.746487178468832502e-01 6.050866115731573514e-01 9.168860964862179941e-01 2.198851611484601287e-01 5.326824125881952643e-01 6.794950178739531665e-01 5.855556874834189074e-04 8.781552106820611492e-01 6.112056193659133330e-01 2.596840314904311775e-01 2.968168711029939288e-01 5.077590731367700982e+01 2.430072664535003479e-01 5.468555224009991056e-01 7.856644997161142951e-01 1.905746240368924038e-01 5.943301475534306100e-01 1.344795916230618893e-01 6.535379902707649791e-02 1.084497876538486061e-01 3.854024422014774576e-01 6.922236732838272788e-01 7.231614826982835087e-01 8.380811322869554658e-01 6.007773656310594346e-01 6.612220164197856187e-01 4.486815478871148954e-01 3.362095371590874127e-01 5.874810701778393485e-01 1.467187695264297043e-01 2.658146474436575701e-01 1.174024152814302502e-01 3.730026174191468646e-01 1.842400449769084902e-01 7.069621453135578326e-01 2.638804749090200019e-01 5.910533206569208442e-01 9.839002679767014925e-01 6.110622300021167908e-01 2.965936116511604936e-01 4.605619414471757711e-01 6.741129792902245121e-02 7.050014403261259943e-01 6.971078209616502486e-01 3.245782280868854119e-01 8.552912727526116310e-01 9.189436857340670395e-01 2.377414319260994224e-01 5.752884865846126239e-01 9.347772051431113560e-03 5.402718061342570710e-02 5.128506026774618531e-01 6.710281539226453651e-01 9.878162166560469082e-01 5.580049249549253743e-01 1.256476885948881739e-01 6.241069996661291475e-01 2.547307156965710195e-01 6.983763617536938861e-01 6.475808829060446525e-01 3.918578990409676832e-01 6.378983822474443288e-01 4.675303776350726581e-01 6.882749164334096559e-01 1.081492188215724681e-01 9.419685140914113575e-02 9.071862123955857227e-01 2.584248321196970233e-01 1.070468582370877053e-01 9.854556479049727535e-01 3.779326953175463633e-01 5.022101949857450398e-01 5.600764177459749416e-01 8.125165026117689981e-01 1.179240530140163168e-01 7.569617301354658601e-02 6.024213754277820687e-01 8.218498144277999184e-01 2.506678479699431250e-02 7.857491856990121981e-01 2.099456733792641749e-01 9.120193916707424187e-01 9.865850573263521550e-01 7.875903245206572478e-01 8.716058647693871730e-01 5.566932946306606400e-01 8.484673759813773364e-01 8.556415673327467664e-01 4.284336680923891416e-01 5.699331551843707100e-01 5.999507794343664768e-01 5.984706901510471466e-01 7.857352609505759977e-01 3.172782459086291862e-01 9.686104762240246302e-01
9.787058992495598631e-01 7.596109011314577941e-01 8.272945644247177155e-01 2.699926443945328547e-01 1.199853368510336304e-01 2.564621432654657918e-01 6.714753189972074710e-01 1.303837417197210025e-01 1.365263398936542583e-01 1.417638352132155610e-03 2.404055767029622537e-03 9.344547765012082285e-01 7.357058046458065936e-01 8.757517795801343929e-01 5.470370467277357873e-01 8.887721376670247864e-01 4.027131460614132852e-01 5.257022551632945806e+01 3.444725288585508416e-01 3.113278375799025666e-01 6.993106074954388296e-01 6.953124931744880666e-01 8.972102927698207830e-01 5.575745682454033014e-01 5.634040585563913073e-01 5.090462198699963192e-02 2.971976869767003482e-01 5.135101396541530416e-01 9.163614787885639990e-01 6.369676326682017775e-01 9.330269135563007410e-01 2.815906715437543895e-01 8.118089008740589918e-01 9.684615211419737024e-01 9.024075623692708881e-01 5.233438323259930192e-01 1.800321962983216784e-01 8.697257284496385799e-01 5.227811809724083325e-01 1.507061313484259202e-02 3.082733956928049857e-01 4.944279989174671375e-01 4.233898033169805064e-01 4.207189340395263155e-01 5.571819612615979134e-01 9.956889437276456034e-01 8.695773487954224779e-01 6.848087480608685551e-01 2.611526902853121834e-01 7.956949789120740801e-01 7.701050795454068565e-01 6.216391371473503069e-01 9.807020704776563402e-01 6.740755365795803034e-01 9.814687727562310116e-02 4.212686513864012383e-01 1.592272606212313812e-01 2.129853077895993430e-01 5.739331883562770464e-01 8.445819601214322736e-01 9.124122818479634134e-01 9.032796093374466651e-01 8.232586265093342348e-01 8.943631028182006393e-01 2.051268711211950979e-01 4.031066659507273053e-01 7.963386501824820662e-03 6.404240256676321241e-01 1.926954230816235736e-01 5.557450258429277312e-01 3.002571268522051806e-01 4.543077937130999278e-01 1.178307792879991212e-01 8.973077099378489185e-01 1.341085055345928589e-01 1.712687685844360708e-02 6.239048704740741691e-01 4.744475236666299001e-01 2.617943488990767120e-01 4.761576884988242275e-01 6.589632181580797887e-01 6.830107019373362620e-01 7.870351991152112481e-01 3.609874448805344693e-01 1.123014775356103723e-01 6.727487361405133370e-01 5.840653954343295595e-01 4.153861599296893026e-01 1.747973225166787881e-01 9.299432281560325864e-01 1.872039297578322881e-01 8.070431590314810499e-01 8.886855979138904571e-01 2.439647021582659336e-01 1.212454621636666063e-01 3.049546595228854740e-01 2.276100689727570403e-01 7.537413057596288324e-01 2.899023751251377234e-01 1.451762067896764652e-01
5.466706014970971195e-01 2.601956199772922362e-01 6.006969000196419328e-01 9.458396156706169178e-01 3.296829747888163631e-02 8.678454447520813630e-01 2.009212116079994725e-02 9.456812854235751020e-01 3.455019341263649846e-01 5.150526808626401110e-01 8.040740043528181724e-01 9.398138615402212848e-01 9.845246584553659641e-01 2.063314222667328446e-01 7.282175201816231125e-01 4.313800192385033316e-01 9.989400300488667783e-01 1.628079330544820458e-01 5.584383879167156550e+01 1.064095383842585951e-01 4.831598100268355012e-01 9.468968251370890599e-03 1.536353823416003461e-02 5.437222440400140133e-01 7.983214708627525136e-01 5.257249529033413138e-01 8.571985162251404278e-01 5.476194028595338104e-01 8.825316019005547963e-01 9.531510848951877390e-01 1.902189766734541099e-02 2.070138863368680138e-01 8.282297012126214053e-01 8.519012970737945833e-01 7.853051458527188222e-01 5.632278613568717507e-01 7.854967534998666956e-01 7.957564140704095346e-01 8.416606911125112944e-01 4.666663934032870831e-01 8.415476468603534377e-01 5.980800711236125000e-01 5.581479522179910724e-01 2.468524414659768462e-01 6.655817717134601130e-01 8.273804936485517070e-01 1.849872316970314623e-01 9.328343102132078402e-01 6.479112373749356113e-01 1.482667134491787442e-01 9.816057720260714659e-01 3.791450749965841194e-01 5.023824319652888670e-01 2.960706438775060345e-01 7.416142303747988995e-01 3.438007815478798523e-01 2.685055848586466176e-01 9.859468140037408457e-02 9.526575295583307179e-01 2.418069810040087697e-01 2.331942267299497162e-01 3.840905652461490405e-01 2.901870188997313083e-01 7.315731951984979498e-01 2.336039441307669051e-01 7.843877615343758380e-01 9.425064555246220888e-01 6.146541114130481542e-01 9.576254089904010502e-01 4.673041959489804276e-01 8.769903790868320836e-01 7.034610202664837164e-02 2.811717078831964534e-01 8.179004991459932761e-01 9.124921337052988024e-01 5.890055920027637004e-02 9.392938199843885450e-01 9.531103064657199253e-01 5.928456568439829377e-01 1.684725088860165032e-01 7.157617410945402714e-01 1.542297418961305899e-01 3.774545074236196340e-01 2.002274897103480944e-01 4.557365686266762195e-01 1.967482655602469377e-01 8.475683385561791905e-01 9.919240810352938365e-01 8.040545211535178316e-01 4.692278787265744544e-01 9.879928126382953035e-02 2.779711043830158657e-01 3.755474345021347915e-01 8.897921610715125995e-01 8.924199368885272765e-01 9.803522034973839450e-01 4.377575890104088430e-01 9.658188191884471419e-01 2.398791474392730771e-01 3.389611007863405634e-01
8.726262480570357027e-02 1.025321505015091006e-01 2.759518174335096052e-02 7.120156817809742966e-01 5.898229748906170800e-01 4.896907239285652746e-01 1.489457098461802742e-01 7.984338896719544998e-01 5.060375478522531889e-01 2.805022700048922513e-01 5.045202226258295175e-01 6.745785206697330061e-01 8.843869578764202988e-01 6.314059987187075063e-01 1.815016220790972579e-01 4.572662756930424566e-01 4.807785442904699558e-01 8.198479299650387464e-01 4.358375030886523227e-01 4.971655503115113817e+01 3.966657760809432220e-01 4.535238356243035396e-01 3.123346187684565844e-01 8.644408742563436387e-02 9.299063399291478405e-01 8.645745586152276951e-01 2.804585785775011164e-01 2.851744013485244533e-01 3.519120170153848814e-01 4.588017253923126759e-01 1.440951080504607740e-01 6.438114454090619887e-01 4.104232654467416808e-01 4.038911487943709355e-01 9.271764805039086621e-01 7.102041401403619281e-01 1.245942925128648016e-01 2.434144758510506934e-01 7.569160121064100188e-01 2.064323747792113917e-01 7.927828103737776244e-01 6.644949233536125988e-01 4.418588114682802104e-01 3.989749219547429337e-01 8.437756988244704548e-02 1.818279870093303385e-01 1.941658502615738469e-01 1.343412884969911181e-01 5.821159408434268823e-01 7.825881211096534784e-01 8.743430571523261863e-01 6.865741951858888026e-01 7.041742714640278900e-01 8.555202922452102010e-01 4.463336519936861313e-01 8.749942185262936656e-01 2.859872618602389283e-01 2.792544675197508042e-01 5.722340850064012718e-01 9.889497941610130294e-01 4.849913736964972522e-02 9.252169514174357623e-01 2.086016148024479877e-01 8.686606137586018184e-01 8.676305547422532571e-01 2.446270339292059282e-01 9.353530895148409741e-01 3.795007850299018104e-01 8.611949814336596898e-01 3.136195485692910845e-01 3.282434403207712403e-01 1.355341826184230936e-01 3.438544043712121745e-02 8.760648439112429520e-01 8.488319144075572309e-01 2.929295845325234904e-01 5.615116654409438857e-01 8.674287397051110293e-01 1.893471960188480852e-01 9.495763356179249826e-01 8.772678702588091459e-01 4.719479676945674829e-01 1.632693482578050359e-01 1.182301344293712475e-01 2.802131569200784211e-01 1.917090034303472468e-01 9.516138791447135148e-01 6.786477421797568743e-01 2.490857801464455568e-01 1.176050673775530520e-01 4.634045395131292100e-02 3.737694463407847945e-01 9.306054628305644449e-01 6.238530903106082048e-01 8.894339188671770424e-01 9.486737914882670264e-02 6.966692795617377421e-01 1.753071125361991278e-01 5.996344100881294548e-01 6.066233209855809161e-01
1.251802229176599557e-01 8.103995140128172903e-02 8.272881837642681591e-01 8.371641366317125188e-01 1.822342292323814172e-01 8.284140118163554334e-01 2.516513076167479213e-01 8.325316064499495017e-01 9.912809208357894475e-01 4.314979507303097206e-01 5.808629867979725470e-01 3.286316639594836220e-01 9.108749038173556967e-01 8.098823530664156500e-02 8.082866929330660977e-01 5.128640743070966845e-01 1.697713583074074162e-01 8.820992420532635103e-01 1.663156571915012094e-01 2.901123824276023999e-01 5.076147921001879837e+01 7.768055970225120621e-01 8.230353356563128164e-01 7.925010773980835088e-01 7.035441238420767629e-01 5.126071210324728566e-01 7.430521733910446791e-01 4.900861976287953503e-01 9.384548011307315418e-01 3.744144233140999090e-01 6.157817229049485919e-01 2.240434901951334767e-01 1.053657688846638685e-01 2.388776452863295985e-01 2.569721221664202915e-01 3.018934835595011856e-01 7.066417204058280666e-01 3.472627465214160880e-01 7.951486842542108135e-01 5.897136076383425740e-01 9.710902316472316276e-01 8.574552771525617567e-01 2.395999707090733510e-01 7.200521241873658607e-02 5.402697343631616134e-01 1.790927236396729905e-01 4.359669430577884919e-01 3.804971284413146693e-01 9.290319716149614271e-01 4.540975938324064431e-01 9.633400637561204682e-01 1.728493260600864057e-01 5.432953722662978713e-01 2.056466836901165163e-01 6.400905922532065251e-01 1.537246430141738784e-01 3.916949115216572519e-02 5.756259419324938342e-02 5.148016736868554766e-02 5.505764770672387787e-01 8.028137166187770957e-01 2.419474312377517533e-01 6.296727301770721485e-01 9.039322746952491716e-01 3.306607846458371469e-01 5.255490603113408543e-01 1.519978424941165196e-01 3.293418087775692449e-01 1.656452442372507994e-01 4.881788083859296412e-01 1.869885261514617758e-01 3.859676796756147388e-01 9.099370667047068650e-01 5.214614247553599480e-01 8.439358127701307444e-01 9.608117768539630177e-01 5.016685893437787813e-01 3.254122920496067550e-01 2.793844920372829943e-01 1.809093493575016920e-01 1.080206433387171927e-01 1.991508347351684804e-01 7.630008489114181724e-01 7.805321638844108234e-01 3.176439180825062492e-01 1.164107077437837034e-02 5.099756074611370149e-01 3.933984623078694565e-01 3.730730145614168380e-01 5.935780640980271583e-01 5.272029091702584713e-01 8.036820685521481877e-01 9.011430918104853527e-01 1.585818608322800971e-01 7.265725404796322673e-01 8.702243497679703621e-01 8.260494961274706949e-01 6.505053336722189661e-01 3.592818277221360157e-01 6.556735506815605241e-01
8.418312035935435755e-01 8.583427684085465081e-02 4.284530453265347205e-01 1.831228457699907164e-01 7.815433976608245903e-01 1.443128349309397152e-02 7.302823751595668433e-01 3.822786855191773192e-01 7.173065227339464611e-01 5.838783949322261524e-01 5.728666378084388278e-01 8.303909319239618503e-01 3.201620997480639774e-01 3.192644278171097305e-02 8.865252454137375615e-01 4.225927981412526124e-01 1.218365316508791540e-01 3.909501624774919248e-01 5.958043289856008728e-01 6.978644625855390249e-02 4.109641597377706734e-01 4.850838465702289426e+01 9.601678052788715778e-01 3.713801084450596424e-02 2.183907231055006726e-01 4.415618930304321399e-01 1.103541747692394770e-01 2.876923370590596107e-01 1.832000889006109023e-01 2.046901621957721851e-01 6.074432413638778394e-01 3.848935221747652458e-01 5.901114127287326871e-01 8.226525903064649814e-01 9.105064718557136505e-01 4.760293225712243226e-01 3.753850351459409040e-01 6.300541041048148827e-01 2.002599525804363845e-01 2.076699730797753052e-01 5.019099055105304963e-01 2.878066118864338607e-01 5.529013105013607099e-01 6.339954146873101326e-01 5.069727471479765768e-01 1.910612850495544413e-01 4.914244943316294911e-01 3.177454274391715572e-01 5.820148878801973957e-01 8.032631976141064722e-01 5.644745953324025178e-01 3.882036052333097675e-01 2.330980997324636483e-01 4.860244533807080991e-01 3.072389837977199667e-01 6.570995953194118666e-01 3.610582213723312339e-01 5.605866148250761016e-01 6.145214936226753855e-01 4.143486438613473988e-01 5.650642442223334783e-01 2.327135638760735592e-02 5.234244887157631920e-01 9.940432989156642307e-01 7.558934896560368655e-01 5.289715026082082439e-01 5.636577025103091110e-01 2.475847711708079046e-02 9.866273651724855043e-02 4.722867174345679597e-02 8.167535278466848681e-01 9.595562997657079984e-01 9.711243630312748065e-01 8.827676654543656909e-01 6.094608023350666093e-01 8.822818237758639492e-01 8.017984925631416182e-02 9.733535326115743125e-01 1.829690481029477844e-02 5.068613844592012585e-01 5.629105645481089493e-01 2.407797681414534097e-01 9.954652217926527324e-01 2.690303811177174875e-01 4.685118688957635724e-01 4.503976100825474171e-01 4.896846474306687513e-01 6.316704179416378073e-01 5.437512460761990685e-01 3.747636179505445808e-01 5.703181339347173084e-01 1.736133021750428940e-01 2.596631432640920112e-01 6.087701973263992539e-02 8.556776039199748274e-01 9.713804848497668010e-01 2.216665525473848763e-02 7.532946240208446831e-01 1.484950638788199440e-01 4.887332944814704039e-01
8.554416552137922292e-01 5.005777567707960785e-01 2.521041941166899392e-01 9.993144039111585553e-01 5.389290262155578271e-01 2.494715221089165436e-01 8.818031020389299757e-01 2.914981351653457287e-01 7.233979597134035933e-01 5.033340345098793467e-01 3.784326625667960853e-01 2.266813843071184831e-01 7.046419680586974987e-01 1.892611645643580420e-01 2.873319241227748622e-01 8.545063014087572739e-02 3.034305527555527515e-01 7.674273994489064776e-01 1.665663266727394065e-01 3.716194878085468112e-01 2.035743979049035035e-01 2.860030912203884723e-01 5.134851178190243104e+01 2.961201147532708244e-01 6.857234090492980716e-02 5.118584537700047177e-01 1.045185521555880293e-01 5.841791143190073754e-01 3.261128948682046058e-01 3.442176008452149105e-01 7.242769926521908097e-02 6.426624509953920983e-01 7.040528219748282135e-01 7.011010274116754593e-01 5.502171574987586578e-01 3.155289134828542785e-01 5.618239176492194620e-01 7.737936139088589238e-01 9.857113670826322949e-02 5.128855815698785126e-01 1.215266121419026346e-01 4.923050010035211477e-01 3.690820279685936844e-01 4.002756362887506247e-01 4.491948820306244095e-01 3.275169509118268651e-01 7.916852323039361705e-01 9.691028873665286092e-01 5.525559930711312351e-01 1.997857612352447187e-01 8.710192333233077733e-01 4.239398184653345725e-01 9.417814281380351149e-01 7.315560230701038114e-01 1.767676214618953967e-01 5.634640411621473222e-01 6.391978992004951898e-01 5.624123008056194362e-01 3.573361761974958029e-01 6.373977043211317417e-01 9.069020646905643357e-01 8.603904206487608120e-01 9.006235290963828799e-01 3.173931400669787184e-01 4.732589428951859967e-01 2.341973140291806477e-01 1.996679478640831507e-01 3.739749827768522605e-01 1.437151709545130274e-01 8.903256103924994669e-01 4.967435111319400409e-01 7.966418871810913016e-01 5.728773266843102396e-01 5.664243522914022000e-01 6.612514381755332238e-01 9.078244153800691940e-01 7.441647269101792084e-01 7.272834897943248889e-01 4.472763591474988587e-01 8.752356066239650456e-01 8.702556971402597430e-01 3.941901724748491098e-01 5.379783597880227752e-02 2.809383935612161931e-01 8.459069153954623665e-02 6.206773672397081221e-03 8.183131740834823642e-01 8.617031493459345048e-01 8.595178162098736641e-01 1.271019355556426422e-01 4.564498543731463354e-01 6.390104528326749911e-01 3.680450094015439433e-01 6.819098664199909621e-01 2.737268344719492319e-01 5.272486586715637857e-01 9.779960146474027116e-01 6.496839098649057620e-01 2.257550345246303047e-01 8.484477062801206726e-01
2.221888320481796297e-01 4.785729244249162795e-01 1.502906423312869721e-01 9.808181638680938397e-01 9.006322099663798264e-01 6.452515002179661785e-01 1.004674096867376187e-01 5.194890364589619391e-01 9.389816797257988235e-01 7.991272544839489456e-01 2.200339080144347870e-01 8.255351682048195361e-01 1.057026885168410590e-01 4.325315649435481635e-01 3.053362022558401279e-01 3.338311135322050704e-01 4.882533291680359877e-01 6.371544951561300962e-01 3.941715729387595957e-01 4.865486050468940116e-01 4.168616951622684530e-01 5.612740422814139762e-01 3.785067122744695256e-01 4.901806774263784661e+01 7.269204760302967472e-01 4.625147314759207040e-01 4.505467441192255729e-01 3.607501029970837658e-01 9.475201661395226127e-01 7.775699529747749361e-01 1.469841073633767481e-01 8.348189302466074713e-01 5.277149344843706791e-01 3.007782711316757673e-01 1.335183868177725053e-02 4.794858869422469194e-02 9.711207737823897013e-01 1.490735775069942370e-01 1.456726225768651961e-01 2.646842748218569685e-02 5.650600538794938732e-01 5.848963673017223419e-01 5.795169359149789923e-01 4.341642557153375659e-01 2.534775646103937241e-01 4.867311601774952923e-01 8.116032222815919850e-01 5.380607818379218310e-01 3.416385623692710372e-01 1.591561105332989223e-01 8.610240803524525921e-01 6.128342157028021653e-01 2.910918986499072547e-01 7.958705281481507354e-01 6.281984091074709342e-01 5.180348784918228366e-01 1.616252632257103583e-01 5.390005358068029606e-01 3.315592443793854427e-01 8.651534054323349876e-01 7.980882172388162887e-01 7.661210437965478848e-01 2.991293881362517837e-01 7.792786615728823918e-01 4.311272051432879504e-02 3.192544801267782617e-01 2.036028648489438542e-01 4.438183709905284546e-01 9.286656288256353031e-01 9.181869447053583322e-01 4.988178241064922247e-02 1.224445333284418513e-02 8.819573551011036239e-01 8.870924366410493089e-01 1.074670241593306264e-01 1.358049496501955167e-01 9.285834652533735412e-01 6.013443715348345542e-01 6.179107206069418545e-01 3.213959312115185485e-01 3.351443403744753802e-01 5.827172206535990995e-02 5.690587581446655552e-01 2.240741460724898770e-01 2.241015360484784891e-01 7.696343040582401818e-01 6.089592417895829390e-01 3.698409820763850497e-01 7.048228368047607661e-01 3.226074061085782985e-01 1.716095706556476364e-01 5.562806884131237251e-01 3.296472809248953695e-01 5.629949830288393242e-01 7.036828441094367115e-01 4.692984217038085326e-01 7.166925426692910550e-01 2.678080404111266022e-01 8.829293931485889813e-01 2.225946494018303801e-01
1.523583916908896052e-01 7.893012968619366188e-01 7.201709884658229477e-01 3.993837936630100227e-01 1.082990905838878692e-01 1.038411546966589993e-01 7.544838557633878340e-01 7.300686021513846935e-01 7.865488372960380836e-01 3.198654622115375545e-01 3.621141091914416021e-01 8.350673900164403696e-01 7.402956325181435648e-01 4.535414505507847638e-01 5.896980087852037311e-01 6.069547790727006786e-01 9.544239896271362600e-01 6.762383058664560576e-01 7.099905148150729151e-01 2.976833403158896107e-01 1.969243977562853409e-01 4.453067802480903392e-02 7.139884554773811010e-01 8.433590388774547808e-01 4.797280216929394214e+01 2.292718441727499279e-01 7.683964795230138201e-01 9.760109014830778973e-01 4.319262055909548481e-01 1.438211061757266318e-02 7.251666055762218122e-01 9.242241119448828535e-01 9.109267991629972361e-01 2.242251762369178447e-01 5.430964337666188690e-01 8.332080193001722979e-02 6.348463342351029493e-02 1.301024524065563792e-02 1.509741573525764657e-01 2.370209332964428040e-01 4.719257006812912492e-01 9.238239209049762257e-01 9.367684070972129851e-01 6.974015195392602173e-01 9.041692747873442126e-01 1.090611897631587057e-01 7.077834267158074066e-01 1.808641849711474237e-01 9.881470593703335359e-01 8.531444346022564185e-01 1.262847259971168201e-01 5.415944897780947676e-01 1.113576064781142128e-01 9.767562707928342247e-01 7.944503268970493082e-02 9.555571484919512804e-01 4.819141630070118421e-01 3.069568704453033980e-01 5.225244325322289107e-01 1.594033952584773539e-01 7.305165099128015926e-01 1.034339738468765812e-01 7.414729862097912960e-02 9.286537734540916134e-01 4.772568677877466747e-01 3.665857989715444187e-01 6.223946904089272536e-02 3.106680264053608420e-01 6.683197519670669440e-02 1.827655618813847083e-01 6.679050798069795514e-01 7.864939407388726877e-01 1.634452246852866608e-01 7.273676896810283843e-01 3.643377643676843913e-01 6.979767388336820533e-01 4.959241744521052375e-01 2.277668914647373866e-01 8.623576724938076810e-01 9.461208006566106388e-01 1.948098434564131676e-01 1.679217413114196811e-01 6.504980487907763287e-02 8.604146322925831925e-04 3.973782351356799358e-01 5.970187761376006819e-01 5.799633386277674996e-01 1.645062032580446587e-01 7.917243662712001306e-01 3.236223702640539379e-02 2.099953081215840678e-01 7.483240423762528293e-01 1.440292136094695197e-01 6.845091814266524022e-02 3.050971464078964246e-01 7.224863878088192415e-01 7.474151078760282729e-01 1.664166824002100142e-01 4.919665993886629396e-01 4.781506778039387173e-01
8.334922350552217418e-01 7.712780059863046933e-01 3.006945462165652172e-01 6.160128876885870852e-01 1.762161712543758307e-01 2.151769836367812827e-01 2.094704809128050682e-01 6.747259422839224641e-02 9.599582884218175183e-01 5.553873403650769758e-01 5.335452483935299028e-02 2.744604210850876136e-01 6.596145518355235327e-01 4.913733524693697508e-01 8.795642561930107073e-01 6.838522820836910876e-01 5.949041642124276441e-01 7.219718872967456624e-01 5.999743263394321513e-01 8.382412557982902301e-01 2.073853667812123325e-01 6.213512487434167397e-01 4.413067725272781239e-01 2.544775489130080004e-01 7.296688028863219655e-01 5.094630706774896112e+01 9.848927628434399617e-01 7.433526579908930065e-01 4.100940105404848879e-02 5.894668965258150761e-01 4.270939311158303830e-01 1.987421148055229514e-01 1.716559228897160949e-01 1.713827448022089417e-01 5.994535444374982092e-02 1.335677108824098180e-01 7.142361964693296761e-01 4.117290329135037119e-01 1.673544525768868585e-01 9.802891266290620909e-01 6.136409388205998905e-02 8.867371653180236013e-01 7.788240585052833564e-01 2.708551636024268960e-01 6.554045232701434243e-01 2.539703683451832728e-01 1.666219426502465462e-01 6.640867087911014321e-01 2.882765228862057549e-01 1.916018453756420659e-01 7.036655757852537940e-01 6.190104205024837825e-02 6.593126287395472129e-01 1.176425472049636989e-01 7.886744065642543600e-01 9.296340587136937561e-01 2.440652154499844961e-03 2.722974327319048760e-01 5.168087263878284876e-01 1.827501538970539574e-01 7.527231984445660329e-01 5.039359146035893300e-01 7.150196016157305268e-01 5.063650146402320917e-02 2.941008316975259884e-01 2.620525553330971258e-01 4.894771814633187557e-01 9.552265158698485248e-01 3.485323874681284240e-01 5.001643803570428037e-01 1.863325409975253866e-01 4.659240715656145504e-01 6.776528116939548596e-01 9.607436598209323497e-01 8.933759867352648598e-01 9.368067144201304153e-01 6.436438377860042026e-01 7.033069196125746325e-01 5.327201577914553177e-01 6.090055231298734384e-01 8.543005326441417413e-01 9.780841025297392077e-01 7.573857410310111948e-01 6.292789769991270488e-01 6.642705260146207769e-01 4.407179320130294453e-01 3.465262739151361293e-01 7.936797890175154579e-01 6.355657569977289922e-01 1.767880795418451667e-01 8.611586876408328095e-01 8.653193685963497250e-01 2.719687705044799841e-01 7.082613220602388404e-01 2.390254910963832691e-01 8.422397472992171341e-02 1.205262387744382435e-01 3.004917903991844996e-01 5.466737144046671659e-01 9.626142291016015484e-01
2.114254553399892433e-01 7.958692061820952235e-01 1.173336129788855597e-01 9.961323014605311110e-01 2.437958868107561461e-01 4.852885554875906449e-01 7.026782183921046476e-01 9.763396991809536463e-01 6.310407937943217638e-01 1.253931922496877016e-01 9.917828824307418634e-01 6.714186529144481330e-01 2.218081923440129444e-02 2.641384030566301666e-01 1.582057415928453947e-01 2.228986270197874653e-01 8.001353291498103371e-02 3.135594051591649167e-01 4.636586292120405961e-01 8.633860823090815373e-01 7.978825927305509547e-01 8.001287672987047461e-01 2.955973648282091970e-01 2.846208301259541829e-01 9.416000708574866485e-01 9.348744427197580587e-01 4.728621044918769201e+01 9.800518570096067306e-01 2.902179062427203693e-01 1.244938674087049391e-01 2.315891134149742348e-01 2.402919032258231669e-01 3.628271171084029856e-01 8.911183598020329111e-01 8.979046779411388179e-01 1.129370046531050775e-01 4.267503954432638746e-01 2.288349173650056079e-01 6.233895974776603177e-01 8.486142970475917258e-01 6.703754432053157242e-01 5.820625249412650914e-01 4.002492696516686266e-01 1.485750050161388502e-01 1.571943201786973887e-02 4.896435193909636219e-01 7.193638226548315640e-02 7.064489848249998483e-01 1.259471905512317136e-01 2.566372963510250571e-01 4.185844243978491530e-01 7.168100953955824917e-01 2.229099409870021198e-01 7.529116447172664595e-01 4.253405360927262624e-01 8.709575147545939311e-01 1.462954319913380985e-01 7.868499273290255891e-01 3.153954759140809028e-02 1.445136511740320318e-01 6.778971192722703654e-01 2.551778705254724722e-01 3.267091138906774717e-03 6.815367503603375621e-02 8.017736352942400613e-01 7.146507010871129273e-01 2.204554847321601452e-01 8.684139295554698101e-01 5.102414997288973186e-01 1.582154201449085251e-01 1.889384102419344735e-01 1.639949368713077282e-01 8.125565543663788581e-01 8.470930008569598213e-01 4.906182596206345448e-01 4.467822377520490607e-01 6.470783281135581433e-01 6.834967844932313685e-01 9.100786159449157919e-01 1.011601097033903995e-01 1.962205053810411881e-01 9.602320919106209773e-01 1.972078380940329723e-01 4.857060801629264901e-01 8.290178395968168523e-01 5.037876668255529822e-01 3.105272019542570927e-01 8.519547434946428410e-04 5.778592057575241414e-01 5.752280971148269195e-01 1.192659153280672957e-02 7.656785955252839448e-01 2.661550631041686987e-02 4.424420218635785051e-01 9.647155416758723678e-02 8.889143499313867380e-02 8.497892958262858176e-01 9.527748219725195034e-01 7.217791995526195992e-01 3.937226187971876179e-03
4.476359720393552344e-02 5.717535548388729127e-01 8.590435904420683499e-01 2.594746772607802177e-01 7.632979542835784947e-01 9.583154558039294058e-01 1.020406900417036855e-02 4.022919591625088165e-01 4.817707182966308732e-01 9.435310744258128546e-01 9.667760650475221151e-02 2.238195758216517950e-01 2.317646943390473391e-01 3.829861623542163418e-02 7.195346929907598943e-01 2.655104322905765812e-02 8.979937125183654612e-01 3.459041817176631284e-01 3.065657181862488923e-01 1.938305783892902978e-01 2.032206028055560942e-02 7.873661330194584584e-01 8.718035006714531798e-01 3.970257624631164939e-01 1.260432322701700025e-01 7.974126554061975458e-01 6.580872964843307305e-01 5.177084507714778994e+01 1.128564191568026676e-01 1.655996188764764510e-01 8.934523054589297297e-01 7.025944051508650201e-01 9.579228304101027325e-01 3.881045873811953539e-01 3.371104522704542195e-01 3.410905600126600268e-01 2.462183875043935100e-01 6.455307172975306429e-01 8.792250350443872042e-01 4.852826365686688792e-01 4.900573594059843829e-01 9.836979045506826225e-01 1.408568075150024024e-01 5.786401789641880677e-01 8.989394469102439666e-01 7.099008085951885594e-01 9.598437005182858250e-01 8.494764876967263456e-01 5.376736527233186846e-01 1.563287210157111584e-01 1.160146571857348929e-01 2.312608500622085339e-01 5.317200705602262989e-01 6.003066079038801295e-01 1.398529481776923378e-01 3.029930805280695028e-01 7.755632297498554761e-01 2.595887687787973297e-01 7.507390167461265307e-01 3.143683482625714287e-02 4.278791484152668634e-01 9.130016655149009175e-03 7.996558544627228038e-01 4.362190007791642010e-01 7.615286149658306858e-01 2.042282656637596228e-01 5.986766393788509610e-01 9.100201638598635068e-01 8.270756046200077316e-01 5.225863091194637988e-02 6.612792751612652786e-01 7.779109965181219000e-02 9.843902403595827799e-02 2.441818560064942245e-01 7.914636105613493955e-01 4.557749824225046931e-01 3.832018926241199663e-01 1.388589114400756719e-01 9.171737235818964162e-01 8.826675240727690497e-01 9.071213766558576808e-01 6.759311441089376205e-01 2.335653805971338315e-01 9.721684141311264238e-01 2.972203752963498147e-02 5.350322269345240134e-01 7.740196496053237674e-01 3.735559500510283737e-01 5.408189838710676378e-01 3.744356479497873424e-01 3.159827549237314015e-01 9.418369696833734928e-01 6.642422953322586476e-01 7.452801497950330978e-01 5.247099364302948432e-01 1.823549876379576551e-01 6.420181171371047713e-01 9.163202271913797325e-01 5.964192060496902315e-01 9.193431382440626631e-01
2.524954114037885056e-01 1.941868069541450303e-01 6.873051974291305433e-01 9.086706509400703791e-01 5.627674319849593765e-01 3.331920665802599046e-01 4.485345173332461188e-01 9.133183263367450344e-01 1.422546978011086649e-01 6.320903050137869350e-01 8.296912697841737350e-01 7.801228651813165715e-01 1.641849542365809711e-01 6.339244626878194344e-01 4.464425569026488905e-01 6.522896531154591671e-01 2.212614370232059979e-01 5.947428447617120195e-02 6.575406010407577329e-01 8.862027284720505049e-01 6.521562107279172960e-01 8.813438571205951533e-01 4.240609684109385435e-01 7.913394834462628147e-01 4.472447714839331567e-01 8.214683403175262466e-01 4.466106004841442489e-01 1.013054425061424846e-01 5.012920091894770991e+01 5.443764799975917557e-01 8.275789822113133187e-01 6.035150182477231340e-01 3.587547546284047817e-01 6.491071869106301850e-02 4.894811165497364724e-01 1.399462589338459351e-01 3.233376076217657769e-01 5.392718142857599872e-02 2.315628726547032112e-01 8.694367585112554586e-01 7.610271342287685536e-01 6.934183553613809670e-01 8.017621763794237078e-01 5.486671028206279166e-01 2.195924208180684012e-01 2.110118334751776015e-01 8.958797980736319388e-01 2.305850409897342024e-01 9.049487533716288334e-01 2.113301240190708086e-01 7.181652194417875723e-02 6.392738274438100055e-01 3.751019821394230291e-01 9.814064628005867430e-01 4.562141651248466934e-01 6.456395537370107629e-01 4.972613509245821239e-01 4.529909745245987995e-01 2.021250614825482739e-01 9.777932820076984388e-02 3.606632021684067491e-01 4.968072383822293991e-01 5.301298511816868730e-01 3.326111559653815997e-01 8.658751967203158761e-01 2.860237236813494288e-01 2.306314136328017073e-01 1.352434431237359291e-01 7.293783403770243146e-01 5.241950300541313723e-01 3.820816380603674345e-01 5.713019687928149182e-01 8.333664277908026108e-02 8.543371293362985730e-01 6.586544999428363134e-01 9.601251182363829129e-01 1.256207620099301092e-01 7.284476315985333184e-01 2.144880581482450088e-01 8.662536890651867383e-01 6.574483118571183837e-01 3.101054991061813482e-02 7.000483670908338452e-01 6.605802220283518711e-01 2.049786576156606976e-01 7.819489066114655440e-01 2.587034571194780641e-01 4.553157203082153215e-01 1.895449656534321514e-01 3.470626487902641610e-01 1.778827206842135134e-01 5.088604470664058743e-01 2.917548114074274279e-01 3.917807571852068849e-01 7.436349257504166754e-01 4.093030264868950940e-01 4.155931841254602022e-01 9.711266237558066061e-01 1.327224273768577989e-01 8.643468574484223232e-01
2.518577531599804908e-01 2.847564784078391309e-01 8.614119799343611383e-01 2.938936050402799482e-01 5.323684867483545746e-01 1.668085901245801583e-01 8.994017852169634564e-01 6.512460908125248249e-01 4.632386692222415503e-01 6.690128265945260999e-01 3.815739582532113872e-01 5.749745647577075847e-01 6.261916359449380964e-01 4.550440995423892243e-01 4.255832423230911932e-01 8.025516123651439404e-01 8.230826892428186881e-01 7.386600675009560302e-01 6.093319496989759720e-01 5.641902072989721795e-01 2.043512593814844625e-01 7.737230024790415772e-01 7.169933007070183884e-01 6.647454211258307932e-02 3.315325855581812142e-01 4.391960441324392894e-01 2.086553260235235463e-02 4.796427538769147958e-01 3.385165019256481944e-01 4.997199410944625697e+01 4.592207145454302308e-01 3.520690203322285328e-02 4.050627290044340745e-01 5.288283197575769368e-01 4.077661695556574761e-01 3.490233242802851521e-01 1.813390941095412989e-01 6.750618536432709815e-01 6.876518290033761804e-02 6.725704041273264933e-01 6.639707759362354356e-01 2.098394856841618861e-01 3.324603617481358686e-02 6.748920001201144103e-01 8.967775233723950246e-01 7.170830962587932955e-01 4.311939233683803607e-02 3.898287625638042764e-01 1.521442582863764548e-01 6.209884580478851612e-01 3.204631872428059802e-01 8.028916642260996994e-01 4.942078581854094654e-01 3.201697903987801297e-01 1.084011106750303322e-01 1.603539524598119881e-01 7.384144273907119471e-01 9.456650050920071271e-01 5.828399314007376431e-01 9.448503267808245898e-01 3.770555619760563859e-01 8.904282054954594239e-01 4.342199654398435360e-01 9.121200670449508552e-01 6.411960196930193145e-01 4.116448526370509731e-01 1.872468295387464954e-01 8.616934221294925145e-01 3.952720954479663762e-01 3.906277297360810641e-01 6.401371392075591027e-01 5.875752753441438880e-01 5.744598192302774464e-01 5.188662105724650697e-02 6.549789220013580993e-01 9.569974169316791679e-01 9.042179354425191606e-01 5.028952856788849735e-01 1.499906550160750029e-01 9.475114246990333777e-01 6.671337099435147300e-01 5.395324998429933405e-01 3.029799407275219902e-01 6.135475789288694637e-01 1.783344419230409317e-01 7.518595502753473436e-01 5.027802712561351139e-01 5.891586737369304272e-01 5.208104222618805679e-01 4.748354453947234433e-01 9.076145068376101355e-01 4.725645760933991912e-01 5.816312423451608371e-02 2.223734933891493570e-01 2.396850269842812908e-01 4.871655922055850851e-02 1.713263219578268215e-01 3.325437719431145744e-02 9.060744639007728418e-01 4.933127843311370109e-01
3.615270215521038111e-02 4.280621108725308765e-01 6.576591297486903409e-01 4.461383417807218699e-01 7.430808204181703625e-01 7.119073767941836994e-01 8.222025393817899985e-02 6.293586113779368052e-01 6.976100394005813055e-02 6.922557253360015483e-01 4.264080411004775861e-01 7.711597342929409349e-01 2.226469043286183336e-01 1.070706378743342402e-01 8.659237521247309388e-01 5.452065576069931030e-01 7.516288636993172512e-01 5.378871841078547433e-02 1.963183275178547182e-01 4.260883522334999451e-01 3.802535972305913781e-01 4.242006145834172903e-01 2.783574885830721879e-01 8.991688221300954131e-01 8.808829437110085037e-01 2.263849876438399633e-01 5.910914297235532189e-01 1.731347927758133398e-01 7.218446486783786087e-01 6.334891820498734782e-01 4.799066765311960836e+01 4.156061199094039926e-01 2.046924321172387540e-01 2.693762119134744948e-01 5.271800949761110688e-01 8.436795941970696155e-01 2.594546311247025727e-01 1.294036091719180659e-01 3.048113208406385555e-01 8.666060147444115680e-01 1.870930135996460297e-01 5.958984078946654162e-01 5.683512101125387517e-02 5.657415692312939282e-02 2.530810454392172781e-01 2.534673851621505047e-02 1.277888943320479864e-01 2.880666599958874308e-01 3.281835692866805765e-01 7.846718378356646317e-01 9.883730347708854502e-01 1.140841409414878882e-01 4.710905448677371599e-01 6.911397906988498985e-01 1.727233571894192243e-01 6.025255771922251036e-01 6.007377761519091530e-01 8.511763955696984851e-01 1.093388400142452088e-01 4.494118730424496722e-01 3.908809102118190326e-01 9.023837143687373219e-01 8.848873776003605141e-01 8.997714911211778244e-01 9.502407537545528582e-01 5.053825500907914714e-01 4.037317543773877304e-01 2.841479485737573585e-01 9.257359408632105380e-01 2.255207794948215216e-01 2.375267544678066889e-01 7.689902517380201585e-01 6.895867542331939326e-01 7.382463552248798022e-01 2.829010309519309763e-01 8.662047127386235390e-01 4.885641214804542498e-01 2.375903187043265641e-01 6.947271777307888474e-01 6.563141818776112579e-01 7.066536525457985940e-01 5.545740051438746709e-01 9.661196590055809441e-01 5.326876747016846547e-01 1.001940126616126525e-01 5.534185645977063306e-02 7.034829302407141771e-02 7.246153791964354829e-01 4.845995572746421010e-01 1.283495627831628960e-01 7.890291980483959966e-01 4.179751280462326024e-01 2.248291238967405903e-01 9.169865326067492273e-01 1.095612795440544796e-01 2.345064506406315807e-01 5.011989179000811978e-01 3.778498592573880099e-01 1.307076539573256424e-01 4.532839574547264938e-01
7.316127633948479314e-01 7.491651253408337929e-03 9.835602530140974409e-02 9.967515354953350171e-01 3.471736760403479893e-01 9.149018488470455068e-01 2.109143635667710681e-01 1.126223416903396890e-01 5.868830398169860851e-01 1.783821605568005619e-01 1.628407553230640792e-01 7.975669930911486460e-01 7.863461870605923387e-01 6.693012171794180398e-01 6.942211921938621355e-01 1.390230781722288089e-01 8.935786015443873964e-01 4.017308055518641341e-01 8.477139974397498445e-01 3.323258879389537901e-01 7.646113251577761893e-01 8.633299990088407760e-01 3.999836570263095581e-01 1.035762718913753044e-01 6.668412911209791183e-01 8.435474924098330662e-01 4.636265707424322979e-01 6.261772560069095439e-01 4.700580659016616591e-01 6.455345386064957891e-01 1.979084858019005688e-01 4.903476394057043564e+01 1.884925775363847089e-01 6.686914457058447114e-01 8.687984772451118332e-01 2.552649398002593273e-03 8.718843996067903168e-01 8.774132110752260738e-01 9.736015260154539108e-01 8.491049487762614145e-01 1.441623007844149429e-01 1.772243383667171379e-02 4.590201134921242376e-01 4.867160162399909451e-01 5.641121893867488968e-01 7.137060515640932801e-01 7.186805970386045406e-02 7.106249490344174191e-01 1.539016448944325877e-01 6.206806251223360160e-01 1.871934279631184417e-01 2.363843713333924068e-01 8.680114849931230836e-01 8.350335159151901498e-01 1.528645384880518154e-01 4.780295382606191135e-01 7.749401262386533817e-01 6.797813266425078993e-02 5.508561691253555104e-02 8.937039432071394174e-01 5.092678009669390216e-01 7.765626332299141454e-01 5.842321183403618168e-01 1.435062576721638505e-01 1.656139076441290880e-01 9.776022203383877285e-01 2.901117851332051245e-01 2.242871632448228958e-02 3.667450842890658258e-01 4.330212456223139217e-01 7.041111465842186945e-03 3.807792862660444033e-01 2.874834879134410270e-01 2.589113311119350946e-02 5.946057365022954233e-01 1.441585612625672086e-01 4.494446844187562906e-01 2.540945812876512777e-01 1.635015670196128257e-01 6.967223036823732008e-01 4.264049877065445582e-02 9.171661101369381619e-01 9.773974215899182694e-01 8.871572079205182204e-01 7.703731082493331384e-01 9.590009696283811058e-01 3.109579062914410441e-01 4.730066993925400309e-01 7.162842237104262155e-01 8.022041021799080074e-01 5.981415071147208051e-01 1.461802259888342892e-01 5.163778866745698526e-01 3.700890710792530403e-01 7.123763235097324564e-02 5.293975165443557396e-01 6.710092162698404472e-01 2.680036348652909961e-01 2.127621503920722468e-01 5.072765401052660161e-01
1.180424718013910468e-01 4.852676470993902980e-01 2.467817755181134221e-02 4.012813831455592783e-01 7.939390154813414924e-01 8.155049914351852891e-01 1.752684571873962538e-01 2.637072024416240446e-01 1.183435841997171334e-01 4.744412353839247976e-01 1.097746162664802183e-01 8.611169187005794923e-01 6.023244555367742725e-01 8.207528423047439903e-01 6.782591793712975381e-01 5.430588327679988225e-01 3.179850740741895221e-01 2.659634359599386544e-01 7.095129021793712409e-01 8.230477028026557118e-01 7.708062456075371882e-01 8.282759778704468223e-01 3.668911161269580168e-01 1.065319205762504939e-01 7.355727661679989371e-01 1.109693549113307531e-01 6.059172468989939553e-01 8.205358738632040350e-01 2.625245509806892752e-01 1.050417734877013842e-01 3.247301039789649568e-01 8.067648840496751683e-01 4.814429784307947102e+01 6.433460240637063343e-01 3.450471813160297385e-01 6.231707421948354808e-01 7.668929573803324740e-01 6.819830946763452140e-01 6.035398636618826140e-01 7.244503608012131668e-02 5.032814155527683964e-01 5.255919477871253687e-01 2.894543837742126202e-01 7.346453877519949494e-01 2.330414336795783026e-02 3.306679008017142651e-01 2.563637184886199405e-01 9.591571485551103615e-01 9.186735315833307602e-01 4.022120430091294940e-01 1.792071338556855409e-03 8.074632377942700945e-01 9.936078407208377428e-01 2.917974650970334149e-01 3.904184288098639932e-01 9.312826520645774986e-01 1.286995430266145712e-01 2.090643107123660860e-01 8.240140064745220538e-01 9.603795046959177073e-01 7.129571235418186159e-02 1.569055877689390366e-01 1.356389360607460626e-01 6.026810185556905619e-01 8.627155010441995842e-01 4.419934130382860982e-01 3.791815959276265691e-01 6.193077553996413354e-01 1.752307761709561706e-01 8.353388633580726141e-01 5.524708335068636567e-01 3.967845116219766988e-01 2.491363074600131400e-01 5.235059599415912146e-01 1.312461823964906626e-01 2.172500289252752292e-01 1.913425263373763618e-01 1.896932953703099889e-01 5.778195314887369927e-01 8.712605759488539769e-01 8.548903913688588041e-02 6.255014644763463583e-01 8.672937885217116838e-01 2.234223822167153983e-01 6.118543919679060306e-01 7.821698413744413436e-01 8.796151552297267751e-01 5.043906713676060694e-01 2.526805189492264958e-02 2.660618320754509769e-01 6.351272883639277334e-01 3.302619247635432131e-01 6.675053288671011220e-01 6.977824682486085672e-01 7.316298913386665159e-02 1.416638438206381245e-01 9.320226148146583123e-01 4.518780680628519120e-01 1.552767502882044237e-01 1.449635535601230263e-01
7.083558291147281638e-01 8.679842122820683459e-01 9.053450188637729434e-01 5.386940242213075214e-01 1.907016844366203889e-01 1.286358671629355133e-01 4.538879089364933339e-02 6.993248621294494427e-01 2.493270536761272860e-01 7.301977406156101580e-01 7.051405333160035704e-01 7.930467300434947964e-01 9.345932234149600948e-01 9.831675769621995853e-01 8.483745511554040553e-01 9.776461146981417771e-01 5.456561053584425558e-01 6.120954429717311296e-01 1.996919598441824206e-01 7.607420048160709047e-01 6.918289954143106435e-01 4.900250603799940485e-01 6.181675030511112334e-01 1.519087270569996484e-02 9.357133239347087406e-01 6.276953712258237505e-01 6.378359680398331122e-01 5.311950417555469928e-01 4.687063532487386608e-01 4.602949623785710376e-01 8.740079914800208405e-01 1.876573216630438301e-01 1.899016466674686709e-01 5.191460644262628676e+01 5.844297647093070758e-01 4.325591029191961923e-01 2.388969525527386839e-01 8.222860407850225428e-01 2.432275359120826819e-01 3.045723942982025978e-01 5.109687478268730709e-01 1.272486762119360293e-01 2.225209637268832363e-01 1.417023563302500788e-01 4.253285693908270826e-02 7.556942278710935268e-01 3.552971643670977953e-01 5.569541700875985102e-01 7.453563098374177409e-01 6.947135925121467048e-01 1.658589513267578752e-01 9.463662527961174131e-01 7.479721155359885243e-01 2.841255376479960848e-01 3.554858841891500587e-01 9.093441873854054558e-01 2.035065857316757931e-01 4.201853816240024297e-01 4.644115257579080058e-01 4.489983820820303562e-01 2.942555713835413034e-01 4.178560323510018826e-01 6.923241556684827103e-01 6.030811154735933322e-01 7.259266467626639407e-01 8.535796714283783171e-02 3.214783621288153093e-01 3.566660449129241961e-01 2.312004238897198416e-01 6.468386167573371148e-01 5.860597238654873253e-01 6.554265840338533433e-01 6.868653333465682964e-01 8.719111758757062125e-01 3.058097941770934192e-01 2.135260927190621993e-01 9.928339429270796046e-01 5.249215905353107336e-01 9.679970137219506832e-02 1.445759409984381794e-01 4.409709208359824384e-01 2.200609933623051129e-01 5.400787816978811495e-01 6.841883588911524816e-01 3.006222795783205504e-01 5.884576349647907545e-01 1.982404293627697545e-01 7.920069150304428485e-01 1.706007507617030017e-01 8.768086474257751339e-01 7.124276776221926122e-01 7.547582497467318907e-01 1.823113884011704489e-01 4.487558810963051537e-01 4.653042400675555523e-02 6.689679108213726355e-01 7.296246447061888185e-01 4.193992316698543776e-01 7.774283783906771328e-01 3.856951268273893785e-01
3.091439713643536757e-01 4.961906620266616219e-01 3.759350093870248433e-01 9.927214567636158948e-01 4.752870475584158871e-01 4.406944729466599764e-01 2.425135141676969530e-01 4.780352821477595882e-03 7.565677412222560072e-02 1.280147139725551497e-01 1.655927826898011546e-01 5.926663070693827251e-01 2.589709090055378748e-01 8.370438271025171240e-02 8.457723340742840934e-01 6.325393974257395024e-01 5.351615708752751610e-01 5.889439437392238741e-01 6.163768723464499999e-01 6.082196745260560755e-01 8.308246557307094049e-01 4.088981436325149765e-01 1.467428051792316612e-01 6.051094316061865763e-01 7.692276903936755561e-01 5.295394115060776397e-01 7.686246183730435222e-01 1.175377874364150754e-01 8.762167259699825683e-01 2.831731693871658573e-01 1.964260270818910525e-01 9.495803522164052435e-01 2.949931248979797971e-01 2.168132304598749949e-01 4.718897781690311888e+01 4.906021404955012155e-01 8.503145646343754915e-01 4.578732124646047730e-01 9.089072140653443599e-01 2.645636614461709391e-01 3.019564746985864412e-01 5.400365544939739193e-01 3.360497473839496596e-01 2.975662534706259299e-01 4.090739385199659850e-03 6.912380175235066648e-01 4.379538931070573460e-01 3.170590979786561681e-01 8.801858496144399080e-02 2.106784934168119960e-01 2.965033103538023962e-01 7.954302723900701366e-01 1.482802362710605726e-01 8.404462302981072774e-01 7.554109772294087533e-01 4.021124512486535796e-01 8.044140931039690523e-01 6.221166280000776094e-01 6.786578697975073071e-01 3.361528685695643892e-01 5.863622767896339294e-01 8.608451972425184007e-01 8.901183675075661217e-01 7.335851134998746526e-01 5.027514805312396362e-01 7.514017544917720448e-01 4.177257855199838499e-01 2.603339538666166186e-01 9.092298709889777841e-01 2.703015315270302921e-01 6.433234049866356496e-01 5.531364766240655095e-01 5.145553515475393969e-01 1.044759946979649801e-01 4.418294866708397661e-01 2.046392179716822746e-01 5.714675071003531004e-01 4.683834925371911373e-01 6.431882609367411963e-02 6.394263308685410596e-02 6.646272182526744565e-01 4.270774574260377543e-01 1.026114927979752123e-01 5.905959413444669126e-01 2.582062662001449738e-01 7.232662602595282264e-01 3.556494421186993105e-01 1.174893950583055791e-01 7.074490359114181670e-01 7.506667979199063145e-01 6.721891772417312172e-01 8.541226693603214404e-01 9.542722700481509612e-01 1.539665846219439027e-01 1.099148865200321179e-01 3.194202075032314125e-01 2.300726047091985471e-01 2.021974347109368741e-01 2.425779703667153564e-01 3.351098836763929389e-01
5.644090715541384418e-01 1.558414596092055904e-01 8.775812629088142192e-02 2.649963376916575353e-02 6.032810071081382564e-01 2.188200141894299788e-01 4.609755485432448507e-01 6.603046516936751376e-01 2.153427584870837297e-02 2.776069882654208509e-02 1.913726822040378028e-01 2.869196420122962499e-01 8.327497968010666440e-01 9.622857823547202871e-01 7.844098707351061517e-01 5.165497408141487279e-01 1.865138596403883575e-01 7.671702571529037673e-02 4.908112104318796964e-01 3.995865063647489057e-01 3.713317338376314058e-01 8.393893168574265706e-01 2.768702474892282828e-01 6.403274327964409984e-01 2.444599119865006331e-01 2.205106657560693684e-01 5.232845208163550144e-02 4.009966180909141364e-02 5.991567806910936822e-01 1.448974991413870539e-01 8.051202476974872457e-01 1.166591711853051105e-01 2.192957689950291167e-01 4.829134180496769124e-01 6.615105401014942377e-01 4.338395343482419975e+01 3.654891800958772752e-01 2.237350295611756357e-01 2.713469251000300009e-01 3.152977485610023445e-01 4.447219910492925532e-01 4.352827540443482413e-01 4.341546703281817798e-01 2.177268963994630768e-01 7.280079128475319683e-01 6.761945882089178683e-01 3.672488719149148428e-01 5.720551179260420227e-01 2.674915381315768892e-01 7.756765589306482411e-01 1.537089365274156849e-01 8.003798307763851927e-01 1.700969262513054581e-01 5.628504315818563253e-01 1.545498817088556409e-01 8.204773167339560747e-01 7.998515131173937753e-01 8.860920647280356999e-01 1.724980827076350032e-02 2.726002515694770922e-01 4.851338798529234442e-01 7.818503052132470543e-01 7.131790213894699804e-01 4.120503016284621234e-01 8.457312485190043860e-01 1.418665093004439770e-01 7.350587442551725914e-02 1.448720236731593225e-02 4.619549195143046738e-02 8.419983502723857871e-01 1.985150204976529054e-01 6.481383352311137491e-01 5.777911260744161837e-02 1.993162713122127450e-01 5.550043863719708037e-01 6.668801113857906193e-01 3.146616965103876673e-02 9.178550413591026746e-01 7.265886594726216341e-01 4.298379979108505333e-01 1.286990985977407576e-01 4.457926659296584937e-01 6.333996949574103308e-01 8.970354276037447727e-01 7.714766377781511197e-01 3.143179157286684067e-01 3.666723191710795637e-01 4.851676680804328790e-02 5.036980264492729731e-01 9.281844170441150288e-01 4.278850131752340857e-01 5.332437298325318764e-01 7.543017956162412219e-03 5.062226413208965603e-01 4.776494501854007257e-01 5.111983564658427737e-01 5.405612413052581777e-01 3.349013960908544529e-01 1.222355713426536150e-01 5.912672863883207119e-01
1.895268370530155400e-01 9.935232437684430318e-01 6.966781674014353998e-01 3.562465078109617878e-01 9.605700005892801041e-01 9.316929851519072381e-01 4.188941169974036427e-01 3.295313083039679292e-01 9.654560398510205754e-01 3.264921923845212071e-01 4.943520374600685052e-02 1.839738923429923290e-01 4.995984256338156237e-01 5.646329238425673580e-02 2.793039969884502094e-01 5.896219378971474523e-01 7.884226637257688575e-01 3.496167383207687829e-01 4.240198554545001608e-01 8.931205113133668938e-01 3.509324186971076731e-01 2.740323667045094780e-01 2.483135312480564405e-01 2.844124448627517454e-01 8.279882701930177946e-01 4.069239318328934374e-01 6.026351653193873226e-03 8.699990665022686587e-01 2.662390909510400361e-01 9.047114648796790171e-01 4.335849447910958832e-01 8.835851297804876436e-01 4.650150184671697495e-01 9.486638381679609600e-01 4.521046210058866643e-01 5.154744202638350536e-02 5.033041331548523800e+01 9.806055135993779759e-01 3.827882425845676728e-01 8.015287340711247932e-01 6.766205946142439531e-01 4.459275268635980449e-01 5.756425317171838252e-01 2.002317277425385011e-01 3.958270072506204773e-01 2.271330388665452338e-01 2.180570273094560863e-01 6.533667895198728148e-01 7.691185248445063793e-01 8.181785013404251350e-01 6.490458668072512927e-01 1.264013552735092638e-01 3.961954445595328167e-02 4.926376216926808826e-02 3.845317209481877718e-01 1.936514979248091795e-01 8.199550145527352285e-01 8.161293672503231456e-01 9.520560025793223247e-01 9.397035007664125139e-01 6.726761223510335785e-02 9.924909282515251840e-01 3.195265636985148427e-01 9.178073865902943718e-01 9.077644161675453294e-01 4.743405807815205266e-01 8.072086596995264873e-01 2.329284411356621343e-01 6.294021901121930052e-01 1.246102242113737990e-01 3.161655126203959387e-01 6.014077097982893916e-01 7.302977948025912713e-02 2.453515729914690358e-02 4.566306618303671572e-01 5.973669545687686488e-01 9.098564794198975569e-01 4.609536486429187674e-01 1.241857435261839449e-03 2.577448182201927951e-01 1.606276791769865042e-01 6.653857982048340114e-01 9.705167745514492461e-01 8.872210670342076666e-01 4.197215346994208618e-01 6.764625703405913182e-02 2.965890634588400632e-01 3.937845087596242299e-01 1.030314083269998626e-01 5.836663493642435530e-01 1.567911044229518547e-01 4.256727809461416934e-01 3.559112613054109531e-01 4.810254564899992813e-01 2.085393291820401007e-01 2.420976212103811420e-01 8.441807144228041793e-01 8.846487236591684677e-01 4.345400406911000823e-01 7.647328450800020549e-01
1.846203852884163998e-01 6.891551865298263246e-01 3.401485078280080954e-01 8.962613985928290505e-01 7.168103527995224322e-01 6.908500797735761534e-02 7.773316495683981753e-01 1.845837166684599628e-01 1.393486959030301175e-01 1.425234739237029036e-01 7.345461394766772401e-03 9.512079571251361720e-01 4.945327303737889757e-01 8.416564729910049891e-01 4.041155404077774183e-01 9.909703754634852091e-01 8.796467459576836623e-01 4.164262489720795823e-01 2.661519428170912027e-01 6.475384336649006034e-01 5.688286516735852061e-01 2.140380197331082091e-01 8.305225734631220824e-01 5.561426597571306196e-02 5.609802772230894075e-01 9.181054515957998152e-02 3.176806752631666786e-01 2.630673496549889023e-01 6.652078371779295285e-01 7.780464446483070784e-02 4.169770893160276160e-01 4.825674103887622746e-02 5.727573122448533782e-01 2.068185287430167607e-01 9.457690951915853628e-01 5.319878181509799520e-01 1.427204480453070357e-01 4.740771812776851846e+01 9.829673351007346405e-01 4.805122164505701843e-01 3.873805534472090084e-01 3.856239894267927681e-01 2.857620107438205714e-01 8.750118592114893845e-01 5.762909534982550985e-01 9.159192599864223183e-01 8.627360862038984113e-01 4.395762251191862591e-01 5.655612579592302902e-01 5.180252742891914286e-01 3.372361573796536227e-01 9.725197112564420987e-02 3.835578912578828659e-01 5.928424543120272006e-01 2.242331174670653127e-02 8.115129285744057119e-01 9.400862519828900865e-01 2.111258442767161014e-03 9.468159588635780555e-01 5.368128397109542815e-01 6.403547847606813059e-01 5.681305448682028025e-02 4.060562913616464487e-01 2.841849739522651630e-01 2.000219214244682853e-01 7.563870332732613999e-01 1.889779742982818922e-01 5.774018117800920891e-01 6.025022549172738273e-01 8.102313271225125568e-03 6.353973121324602014e-01 7.844231613935690461e-01 5.544912698711195187e-01 8.425032752950496473e-01 1.659987041534202179e-01 2.998866268109787736e-01 1.631349544407909580e-01 3.660680714190793772e-01 7.337298867763345500e-01 5.730188094206707383e-01 4.231506585915534302e-03 3.148055802225655508e-01 7.824244660628423276e-01 2.887707701505741742e-01 7.025431921413888281e-01 2.401642595491721988e-01 2.912262628490112082e-01 3.438004272384079796e-01 7.067720011067347707e-01 1.912867137848751620e-01 4.173965621233718393e-01 6.632896903895685314e-01 3.189011716026951548e-01 4.186878200844378339e-01 6.407420509221987137e-01 6.630238866996441827e-01 8.823412539279771316e-01 4.767226429987098113e-01 3.678461306252411855e-01 1.349889188751483005e-01
3.810490250829796643e-01 8.357434404915754511e-01 8.246786753842156870e-01 3.251057222506835709e-01 4.902685438734879497e-01 2.245313594248157241e-01 4.639310561865555016e-01 3.885761513095471464e-01 4.552489586272562283e-01 9.331422991240079234e-02 6.070384566020636807e-02 3.336543988517051140e-01 9.082077539468517147e-01 7.363265153722907685e-01 9.232061867740495309e-01 2.777972215855987193e-01 5.619276941993269769e-01 9.572444925178946740e-02 2.044512261606945547e-01 7.157635211156510024e-02 4.416504455366223603e-01 8.464917458431634456e-01 2.843703198184915903e-01 9.238503383744446351e-01 3.263536243984039853e-01 7.374833914512127775e-01 2.726155619235602900e-01 9.048289746313776805e-01 4.669512296672931884e-01 2.498913040821275633e-01 1.436520334131431431e-01 4.410776236421741769e-01 7.002077404510642644e-03 6.324437256997273993e-01 8.196158152491394011e-01 6.067324389263419882e-01 7.503506392624489374e-01 4.211518158563164471e-01 4.909023490461433425e+01 2.634908131457819325e-01 7.153938351805217977e-01 9.446100511749303541e-01 8.406555780763799168e-01 3.823716086560658978e-01 1.274119339176766896e-01 1.074403291555615647e-01 6.359086178030802783e-01 4.932389361587332655e-01 6.227088270984204588e-02 8.749284886125574534e-01 2.811231764801593869e-01 5.329580816145631506e-01 5.443173233923148668e-02 3.621726737654056283e-01 9.281208256411177526e-01 5.056616844762089613e-01 9.021812925412819872e-03 2.759534865263981729e-01 3.321919267847006640e-02 9.420209790958670171e-01 9.444308802510967826e-01 9.418824629179304297e-01 6.255712119838463536e-01 6.580217730080062388e-01 1.841867765859414030e-01 7.670772867355862834e-01 1.090695622046389257e-01 8.180962647129558230e-01 1.072040168934631499e-01 4.883536351449644375e-01 3.633678592947532371e-01 9.348183427034584270e-02 7.331633593896976775e-01 5.222700233248043222e-01 7.440245148352913063e-01 3.875215886414427047e-01 1.636205584983261296e-01 5.469521661318018646e-01 5.167291842284617021e-01 2.391896670019093563e-01 5.431359094572340007e-01 3.618825670931964389e-01 2.779035170045449643e-01 4.279808229732235958e-01 1.507264258813307833e-01 8.641004296628362891e-01 8.298830344507759360e-01 2.203302294439103415e-01 9.140662048634801140e-01 1.578285583381229262e-01 5.491144272604325804e-01 4.187190007656559354e-01 7.733978321258014876e-01 5.775699224235547602e-01 9.930492889769663156e-01 1.966194472605449217e-01 2.109055430380780694e-01 4.071340523328965677e-01 9.704533292140503642e-01 5.954971532196542405e-01
8.910021159126002566e-01 1.470569656620402954e-01 6.953007491551047581e-01 9.194665718111524333e-01 2.546677687291060144e-01 8.344147064878473241e-01 4.485706521648313849e-02 2.726844757110321593e-01 8.567348528214404624e-01 9.606935550874776686e-01 7.696855581372483712e-01 8.184099102409935211e-01 1.846654300820829153e-01 9.450427587634754323e-01 6.606275892707791364e-01 1.412192392602318325e-01 2.321489370011142750e-02 1.985909772203946488e-01 6.893242900687175378e-01 3.637825315760840894e-01 6.506157949545310348e-01 8.935541800523035816e-01 5.828809593911157272e-01 6.625983714987088158e-01 4.854835362149322320e-01 1.862328276107807490e-01 8.214209811492589886e-01 7.263695891721521081e-01 2.222181294109766281e-01 6.386220378131732822e-01 3.129918216756909510e-01 2.846705813698575671e-01 3.701937153314414086e-01 6.200251319104819192e-01 1.851805496502856307e-01 7.193233418094883147e-01 9.520894483902186956e-02 6.499867358933213435e-01 2.132213118648049743e-01 5.365707466671371151e+01 2.828169520708989637e-02 9.208780057181139567e-01 9.537178945493343107e-01 6.432952134383908005e-01 6.055428669897167104e-02 4.542015626431751274e-01 3.022277957020057526e-01 7.318571370191615522e-01 7.920324617948002466e-01 6.068860819552305275e-01 9.212227229077558643e-01 2.019811454050564059e-01 6.481951620992743024e-02 7.902300448111234665e-01 7.446263290817146663e-01 8.646132007050194579e-01 8.820892532783725093e-01 8.249076051900545714e-01 3.706973536447606410e-01 7.941888769412716043e-01 5.633696626944831864e-01 2.724925120593917338e-01 5.263909312562489173e-01 4.570500842393788732e-01 4.166159539231744091e-01 5.468354448214282071e-01 9.580960431893945639e-01 7.230707660746641396e-01 4.632005184575762602e-01 1.734789187569005797e-01 8.616123309140897302e-01 6.584246255822223670e-02 7.084851059930752371e-01 4.310670385826731454e-02 6.157910970108930737e-01 3.348981481438491059e-01 2.655055496688714101e-01 7.222134935731434613e-01 1.737236033605685792e-01 2.531481442934715442e-01 7.561694720010799786e-01 4.458191789820996620e-01 9.040749916613421977e-01 7.928417899369692989e-01 3.344642638753276831e-01 6.272554722658376658e-01 3.817262342199780889e-01 5.199306511023737976e-02 4.057089637973665397e-02 4.462147338657462825e-02 3.333630709691949301e-01 9.149129756598690655e-01 9.923899306024346334e-01 4.958807010182578745e-01 5.841883305883538435e-01 9.627322278086132279e-01 2.281916004975532708e-01 8.451046498709670063e-01 3.418529306052305872e-01 5.873625561405599882e-01
4.605319669158633999e-01 5.817550204615575815e-01 6.364338190001384010e-01 9.105662274075098095e-01 4.928338719242452148e-01 1.790458179664201621e-01 2.841014194487140321e-01 7.538070953068758406e-01 4.169628426401594812e-02 2.656079840646519141e-02 6.641914748506575483e-01 7.220956670178653170e-01 7.568227028607287243e-01 8.214579301986634219e-01 4.766334749878284871e-01 9.804834725646345284e-01 4.237070114559123857e-01 5.627120110239999251e-01 7.158475915131085054e-01 1.464529841713868574e-01 5.495963811683287625e-01 7.539675782575478991e-01 6.282276762881742194e-01 7.668360530543326670e-01 3.789773306020118859e-01 5.743386334628303169e-01 6.656326062800133059e-01 5.232470393952119991e-01 8.952971361565242869e-02 8.907271394551247168e-01 7.704100036716052813e-01 1.473604009233292489e-01 9.544170523114394733e-01 1.998855371935048808e-02 9.408636579937412758e-01 2.809042383832428547e-01 8.227601803071884490e-01 9.068492267856347322e-01 1.415265121332276443e-01 2.566403968658445001e-01 5.178160353013643658e+01 6.708881516215130514e-01 2.176389959664766227e-01 3.917915714207043099e-01 8.439907761714771084e-03 5.875926850661619127e-01 5.247377617352197987e-01 1.258091470102218334e-02 7.087176250714714021e-01 3.191767477476173953e-01 5.498320296682481789e-01 9.732579228572529884e-01 2.049038263721141284e-01 4.792027380138439430e-01 9.306846630998255598e-02 1.554862578066628087e-01 2.517350875728794346e-01 3.641014657203496263e-01 1.563298245844380041e-01 9.124344180330583587e-01 5.751275196443450533e-01 9.509178156124741266e-01 9.624917893109384837e-01 9.722976400213744208e-01 4.542116235937184721e-01 7.770407492095655622e-01 5.637617403726935539e-02 8.641528016625596997e-01 1.906150386950146158e-01 7.625778325913190603e-02 6.629084488387955165e-01 6.463461514598334290e-01 9.265192583052151987e-01 9.565740105869169341e-01 1.050871382705161894e-01 7.266724041597643069e-01 5.422491914817492153e-01 1.065834259918504445e-01 1.640037716773816712e-01 2.472479002057280661e-01 6.412717717057913047e-01 3.241846403695133327e-01 2.208556444829775645e-01 9.788067555016428667e-01 3.049957793010383833e-01 6.796807440112038190e-01 3.439318657467183016e-02 5.256330003474867230e-01 8.507548348359538215e-01 8.337179048053366959e-02 2.889125734687182367e-01 1.668862258754292283e-01 8.249576088733669987e-01 4.005517498888868655e-01 8.113145314584764289e-01 5.560437835587718203e-01 4.215937889297107777e-01 6.319307533117570763e-01 7.394068677487284358e-01 9.454796803520549853e-01
1.233212576489950418e-02 6.111373375620915427e-01 3.220671067186765546e-01 8.114148430910307352e-01 9.145109018536825563e-01 8.490282728536644452e-01 8.913561024818149603e-01 9.943133122517743283e-01 3.859777122753084155e-01 3.050510766154862496e-01 1.614612607747456519e-01 3.040972888614074110e-01 5.379464283088580823e-01 4.118837437934457224e-01 5.908576546708776966e-02 7.240476963894904028e-02 2.414800089493656099e-01 2.405430683681332171e-01 6.994422412357903518e-02 2.647570830212987447e-01 5.625309619287327534e-01 9.550218799600194153e-01 9.462223686352103647e-01 9.511528446737310682e-01 2.262682701030118704e-01 1.191758832905331911e-01 5.485981461364675127e-01 1.589305117254471433e-01 3.221205877193585865e-01 1.930748181910001415e-01 2.835311737946901722e-01 4.451745793338522938e-01 3.536355705794264059e-01 2.829634178015183466e-03 7.695883561938412498e-01 4.207857878814398322e-01 1.407811094993348666e-01 3.374283298602572811e-01 6.244760387503922594e-01 5.215121612091258019e-01 2.807620195695271770e-01 5.070842563315050455e+01 5.948949160453694818e-01 1.772627117312189915e-01 7.305660670560529812e-01 6.769247899232165855e-01 1.529314665295659070e-01 8.515875517509766679e-01 5.619922571123791011e-01 5.490058271955976510e-01 2.871489616281588386e-01 3.949610063045322361e-01 6.166968686891334261e-01 6.072987079185451220e-01 8.302970985121799208e-01 3.602208227823322506e-01 5.893852185111415620e-01 8.318515012362557304e-01 5.842757994045506553e-01 1.568103751766131149e-01 2.532037954923374024e-01 3.422254118199955508e-01 3.924543835387926949e-01 9.029822882027571662e-02 6.847034748484512878e-01 9.634512213549271120e-01 4.790084603329447521e-01 7.716465045149405455e-01 2.315488293974916623e-01 9.880912262890823028e-01 4.701347489528390211e-01 6.107922882279270826e-02 9.333769199774135661e-01 8.226732350146059858e-01 6.093194099667257335e-01 5.580441645333508172e-01 2.254371418824893114e-01 4.609047557036609621e-01 4.447852924078005143e-01 7.349450435715099150e-02 9.483210521750831123e-01 3.591677463181270902e-01 5.409449409828451794e-01 3.528033822491560834e-01 9.305861758056046540e-01 7.972645776853075628e-01 2.177776678207664629e-01 7.680248468685869634e-01 9.001682641598011125e-01 4.517929944600195258e-01 2.773579210295765707e-01 6.492595870783340883e-01 3.371410062068986857e-01 4.070375941037251977e-02 5.441267465882206888e-01 9.224103435866602974e-01 2.835545275761710560e-01 6.910096353559295190e-01 9.105044686098233697e-01 8.581322984225533412e-01
9.514007690089566482e-01 9.851311374866648096e-01 4.410523926164940933e-01 2.386424804877634864e-01 7.860209360469995188e-01 2.629698661865993436e-01 6.768643676492206440e-01 2.089492637561997102e-01 2.898046403959758655e-01 2.827949605924640064e-01 7.695817947538383663e-01 1.007110585669336311e-01 1.008447559986979103e-01 5.064172885286508663e-01 6.075389827889211558e-01 6.439658375252271805e-01 1.409985835449604208e-01 6.575570880087975301e-01 2.397885374466535158e-02 2.087999964197578828e-01 6.101289364731475873e-01 6.323349160729517804e-01 8.235742974280910733e-01 2.273013693307263106e-01 7.552936898571849245e-01 9.078699684687195903e-01 8.436100720907054873e-01 5.931911425447788933e-02 8.449586381691743808e-01 8.043885832800783398e-01 1.029079878328232889e-01 4.226389613409580193e-01 3.248838973728460644e-01 6.804939581432090101e-02 6.558678436708812454e-01 1.638588834596814703e-01 2.546375415090480487e-01 5.086652808553800975e-01 4.267191426252270325e-01 3.649453624643798078e-01 8.434642381888936002e-01 4.754579094943769402e-01 4.899280078097277169e+01 3.863901813494068360e-01 7.111525883040175078e-01 3.100653255081152748e-01 8.788925591467019460e-01 1.921109928743175432e-01 5.518350382675085708e-01 4.005079337494732439e-02 2.411254315069089049e-02 4.484660046406684364e-01 7.384085260596539024e-01 1.973781444482464176e-01 8.310005560214406284e-02 8.647630900646213759e-01 8.958244963608134048e-01 7.895241460680829659e-01 3.664126415791058022e-01 2.382421980287814378e-01 6.823803975285032131e-01 2.357184178083731041e-01 5.044495975950482602e-01 9.287562603862852262e-01 8.883059207256192025e-01 8.255372684416966145e-01 9.924977226994330382e-01 8.639583583277001821e-01 9.091888670082696189e-01 9.354085823291441448e-01 1.217642416327241461e-01 6.998001961345146071e-01 9.867004601618764026e-01 9.438798121107457861e-01 2.456475450097750368e-02 1.732190486703948373e-01 6.611684652473993618e-01 1.088691556887085854e-01 7.184018758252763703e-01 4.955557160627876989e-02 2.059018329356178123e-01 4.577570943170927720e-02 9.770626815623650874e-01 9.515805167047011182e-01 1.032707120786396926e-01 5.036970719922396755e-01 7.137719179755621646e-01 1.533803641084335867e-01 3.701231158168957203e-01 5.472452202828900214e-01 2.809274453720248532e-01 7.740891301792451884e-02 2.121474251506672015e-01 6.531374223581465355e-02 1.176342963191443491e-01 3.193964655848623435e-01 6.698793713257512605e-01 3.845568380306761957e-01 2.678497468082643440e-01 9.855246298254802806e-01
2.630718044170679004e-01 5.105370664840975792e-01 3.958000000674671837e-01 1.356586001689985554e-02 7.008516094960249854e-01 1.932275551190184570e-01 1.713759522503938149e-01 5.227089841298598882e-01 8.566397864394588169e-01 5.922433277521130801e-01 2.998720520897472097e-01 3.652515989597426849e-02 8.557712651595128506e-02 7.628714437719318342e-01 2.610539576573673859e-01 2.556601792468596868e-01 8.916884085491604273e-01 5.082838991851030830e-01 6.916561643684242533e-01 5.306075350131068680e-01 1.887665414254274809e-01 4.646510547159254934e-02 7.701578682161746015e-01 4.335760462337929777e-01 1.647352210744408296e-01 5.425174207023577555e-01 4.801649588084249132e-01 3.427366290255905446e-01 2.510353273250565120e-02 8.388301564067965899e-01 1.792141501017039396e-01 3.163846201922150270e-01 2.422835712529962660e-01 2.382588237871032799e-01 3.099846294591386275e-01 3.452280112206097540e-01 2.263746533420933904e-01 6.081075798995856374e-01 5.406558703484279915e-01 2.974059249750565792e-01 8.377830260866455658e-01 4.687326066541649405e-01 1.607710458241682350e-01 4.299522761869187093e+01 2.930893234104788858e-01 9.218595776756381976e-01 7.809497831750465968e-01 6.984797333518921736e-01 5.107265985036840705e-01 4.063297616894596676e-01 1.391332592087322073e-01 7.046248844816634938e-01 7.567051882316261358e-01 8.950106646959398171e-01 6.104011528128036046e-01 3.555127008912806197e-01 2.710035026783019774e-02 7.926622755756026484e-01 1.134707815690300103e-01 1.678207600418955003e-01 8.084287081325872704e-01 2.375058964750402790e-01 3.668819990280672849e-01 6.222469383898741047e-01 7.786459186770222640e-01 3.140479069160376779e-01 7.680473217078344073e-01 7.013399252727702260e-01 5.123006353659999013e-01 6.384362380876209553e-01 3.059160113061017983e-01 7.634817162960254588e-01 5.490069079683619346e-01 2.209854275393169365e-01 1.081449151828958177e-01 6.215646726006673894e-02 6.022738546459582842e-01 1.568598405524975758e-01 5.209816815434362702e-01 6.951233616656706804e-01 2.321864938102006226e-01 4.810356863629405844e-03 7.932458097274630582e-02 2.742389594796079688e-01 5.721608293872031403e-01 4.372650647161391291e-02 1.808649655054118677e-01 6.087708855127330621e-01 4.592624750534985978e-01 6.189368472625056405e-02 2.359875834281490725e-01 5.243181291572862612e-02 4.624285100793391612e-01 7.776830037286797115e-02 4.669798118055422664e-01 8.106683894661382839e-01 1.833943316298117798e-01 7.543196068606451421e-01 5.948994668914472372e-01 3.443284982900116642e-01
1.330641166633426131e-01 1.644225784836983451e-02 6.850354316974307523e-01 3.318652398476418242e-02 2.399639782770910390e-01 3.787162129868404392e-01 5.829552937124855561e-01 9.186648364607851169e-01 6.596833191145983211e-01 7.860243285194403740e-01 5.331792925591158916e-01 7.737526000215506627e-01 8.402040429616507433e-01 9.431994903189073742e-01 5.021648133636014144e-02 3.152299556782367507e-01 1.456813490355657326e-02 7.464239413524820232e-02 7.612729947457083091e-01 9.347250176758186146e-01 2.898379935190497081e-01 2.786418097688972972e-01 4.271676830646650158e-01 1.157620124416226526e-01 6.669199430691477026e-01 2.835030576867317853e-01 4.656827779172008075e-01 7.413216221857661381e-01 9.918468027671051290e-01 1.640855703961681122e-01 8.004979457464982406e-01 1.655820411939531445e-01 2.956220778417540940e-01 1.231326088986107736e-01 7.512820310780224942e-01 4.757905566757455462e-01 3.750555027061026614e-01 1.389717219149961824e-01 7.482668150612526992e-01 3.642261017521412070e-01 2.967245411384177300e-01 5.284097756682347713e-01 4.653816164343016482e-02 5.918361838456459578e-01 4.993131355047891162e+01 3.035913310082911654e-01 2.254593954544251710e-01 3.941960752375006649e-02 5.519452887280122955e-01 6.851239617563672502e-01 6.942478915471287371e-01 1.955431188954950272e-01 6.788146551871576673e-02 3.636433811758169599e-01 2.744180781558919202e-01 3.546786631321477978e-01 6.199734517198048911e-01 1.795293288390552577e-01 8.243267752461432840e-01 9.856122712098973615e-01 2.325030396571362568e-01 1.221287581081133000e-01 7.484830618497650967e-01 5.310723476041355751e-01 9.905293521847141625e-01 7.381109813898567573e-01 1.790553901127681646e-01 3.334119133342265950e-01 6.440759323954501347e-01 9.888494853703018173e-01 9.007909399067711709e-01 5.279991528773901877e-01 3.933209446022890576e-01 7.246695240858156417e-01 1.130694652863958316e-01 1.936780094496026727e-01 8.111762259676438269e-01 4.707673959196335689e-01 5.360797580082762304e-01 1.856068589361372645e-01 6.805728930536556476e-01 3.971863407264701884e-01 6.703610786191716020e-01 8.007551057361027569e-01 3.868349768435819236e-02 1.148082446898901487e-03 1.760250489580240663e-01 9.761101078638733108e-01 5.960909374506392355e-01 3.981638086617990124e-01 9.046484285652401924e-01 9.793008856216872671e-01 8.006672666922932668e-01 6.544971995891515348e-01 4.333036610718149495e-01 6.968835243926758682e-01 7.662608434257868195e-01 6.210634441962933350e-01 3.923695849890316278e-01 9.791397936013890302e-01
5.625575120937058582e-01 3.104050591784109914e-01 4.530515537337401755e-01 8.933343024146656042e-02 4.594926986679050973e-01 4.822036004020436861e-01 1.468168010683557068e-02 2.958830995388290752e-01 4.030468013400795302e-01 9.849932674651735720e-01 5.284566739494105381e-01 8.395856269617335554e-01 2.555191513520211899e-01 8.716312448174412530e-02 7.611594372094651062e-01 2.291523097362008210e-01 2.715349494475552961e-01 2.615902837573924611e-01 7.687430145459976938e-01 5.115062056622168285e-01 6.426152806550261554e-01 2.886762097170911812e-01 5.449772466903013424e-02 2.748829129772072388e-01 9.789633693050209251e-01 7.478320940406859574e-01 5.521241257028952631e-01 2.473068727099342334e-01 5.769276021425716605e-01 1.461191763671598753e-02 2.915527688567476350e-01 1.673406017392555789e-01 3.278437570652305011e-01 4.750458692274572847e-01 5.302703182151344841e-01 4.725229540944181350e-01 1.604038799601280596e-01 9.347681722460399190e-02 6.556427868041161400e-01 6.811302789833253435e-01 5.566517213135619979e-01 8.510662928830752261e-01 1.792386090678983468e-01 5.707793323730526724e-01 7.215539879324287531e-01 4.928415193509265180e+01 7.715147668337148934e-01 8.461511129475460802e-01 3.612905158224997137e-01 6.697447059153774918e-01 6.334452206397589435e-02 7.540359056862155906e-01 6.629694147201169452e-01 4.308073713187976495e-03 1.286969121475158850e-01 5.346080192874298476e-01 2.177562668498479459e-01 7.628388177177869434e-01 1.314840588242232045e-01 7.968867868968065871e-01 8.435226733223444295e-01 8.457786711413286529e-01 8.369780146263703369e-01 1.530444451550639906e-01 7.560815209107171198e-01 9.691318744482556591e-01 3.449917070156337529e-01 6.345314677051906438e-01 5.004969059726248615e-01 3.726915625260629472e-01 8.662316443868244287e-01 1.453972947313344477e-01 6.630254830750553774e-01 2.587041181982583371e-01 3.193347308565324116e-01 3.963814582765025074e-01 3.072209327556425507e-01 8.760108464435787390e-01 7.346199406473530313e-01 6.943640467515949100e-01 6.602781685143155332e-01 5.140747181664184762e-02 4.717332938982427004e-01 4.709165414451106368e-01 3.358421479713912250e-01 2.887205564071743114e-01 7.271000347587794899e-01 9.346295747242522323e-01 6.579209475582938893e-01 4.119154116090667506e-01 7.825894413691293350e-01 3.928024404220108456e-01 3.241909930996822453e-01 2.463294051061436507e-01 4.053112090640379472e-01 9.062901817141527649e-01 8.236965327232309564e-01 7.855676303607728173e-01 4.127581153489973120e-01 2.176712552409220125e-01
3.623194942321841250e-01 5.693705544754922299e-01 4.471311856174783328e-01 7.907008840153042506e-01 4.426178971791291383e-01 1.034810476319354411e-01 1.157273545985971763e-01 3.086584873000974838e-02 6.510212816977314354e-01 8.542405986083563274e-01 9.360906558471674410e-01 5.780106767071149232e-01 2.110860641999551257e-01 6.040133511322600679e-01 2.819392452635579582e-01 9.267052973821645612e-01 8.116634392472220627e-01 3.576110540707846397e-01 1.203821948420854548e-01 6.340437800879894503e-02 9.586653012162446030e-01 3.960572271060401883e-01 7.786056238759944126e-01 7.423794926319177145e-01 1.462824394958340823e-01 8.635369284186579231e-01 3.354578591330712456e-01 7.672361813402355235e-01 5.463566603165107560e-01 4.470098659041220612e-01 3.592796919471608064e-02 6.686023226688529997e-01 4.442350033772430873e-01 2.932232675362194119e-01 1.969671924710559852e-01 5.746922584755064234e-01 9.050037100517049904e-02 5.111087214627116904e-01 6.708007930396169272e-01 7.971547343201733637e-01 4.495659674121500471e-01 1.381647323510977188e-01 3.852539221394755131e-01 4.294122516653426924e-01 8.053036964596020919e-01 3.298778456219304545e-01 4.880072392368421674e+01 1.837079543160838879e-01 6.851013248301318637e-01 5.776148305546986439e-01 4.162045059597702101e-01 3.680443325811176836e-01 5.514318668545388213e-01 3.288614754898929737e-01 4.724943715666677369e-01 5.207381551681929954e-01 9.524859363861706285e-01 7.234524503190958855e-01 1.806659592132769943e-01 6.976862323306660674e-01 1.702437914163741350e-01 6.623847916628908816e-01 4.171557473202291977e-01 6.703864791388839395e-01 2.799435225483839496e-01 3.843768662612530029e-01 2.335037178937116042e-01 3.621892540519618953e-01 5.128904562006897372e-01 4.564160223194531074e-01 1.083658272210515916e-01 7.586084602584937109e-01 1.916238356023358680e-01 2.038155351432952012e-01 8.138139277425379126e-01 9.473867501993897822e-01 7.918448537382392072e-01 6.686838143227835651e-02 7.378209838907650031e-01 5.123007256734781745e-01 6.244417272888370674e-01 5.082270103652433146e-01 2.588002480469182576e-01 7.436818191983418647e-02 4.622632454861991258e-01 3.005998046790170353e-02 9.031310451971131803e-01 8.399984403400235777e-01 8.284601216088037789e-01 6.954676601394371716e-01 1.113850029833006738e-01 8.197263307086225526e-01 2.445113517186023877e-01 6.685559180082741859e-01 1.727377871282331778e-02 9.447782091561629514e-01 3.800018333860885056e-01 2.777555508590816569e-01 8.594622998736317632e-01 2.814279068138458850e-02
6.850995784457223348e-01 1.477485606237775029e-01 4.335458325775144450e-01 3.637012408743811598e-01 9.074007316108483323e-01 3.176957635773807187e-01 3.356317848358819633e-01 3.878592232274161722e-01 5.997289078346639268e-01 2.367330364459589997e-01 9.208143264408382711e-01 4.814565860023086730e-01 5.132743957384175992e-01 2.156967584904634361e-01 6.992228127143885752e-01 1.314242246977248563e-01 5.586868141776842878e-01 6.681345568519758693e-01 9.256294384799070851e-01 5.237982144805353180e-02 3.718085474356614961e-01 7.682485160131156121e-01 6.618373816393186004e-03 1.044581430494525565e-01 4.231719016538396660e-01 6.989938859977113950e-01 4.490043293791795564e-01 5.892314256504602721e-01 1.820502776694035152e-01 5.871450703174494468e-01 1.880993568090086887e-01 6.720310313744689568e-01 6.018901253342989754e-01 6.728694298851493061e-01 9.428877797055568166e-01 1.731100111660877072e-01 6.189476740749376704e-01 5.434025047832439226e-01 5.792931895195104763e-01 9.205243891742831419e-01 9.329678687061214726e-01 8.527670458743379367e-01 3.618581344090743279e-02 1.815846579120078408e-01 6.315488214152975566e-01 5.522754831958395227e-01 9.926605006437307921e-01 5.284854320133985794e+01 8.772393559389479734e-01 6.514323270811130939e-01 1.829226602138993574e-01 6.447348965106013408e-01 8.634670367255344869e-01 5.699670872373002739e-01 8.001420724863677059e-01 8.829281365649377378e-02 1.428802499188998043e-01 8.827008397474097601e-01 1.753113261837946357e-02 5.034048727973784443e-01 8.355919430099176815e-01 2.763866168595430217e-02 7.972155401939323704e-01 4.769849359060518434e-02 5.368366009826026630e-01 6.220854257533691145e-01 5.553787398113613216e-01 3.748027838303655823e-01 7.910075535114013956e-02 4.678644203224381348e-01 9.036550150848996488e-01 2.604154082958023420e-01 4.849712433793507138e-02 1.767568736045141975e-01 1.613716988533547836e-01 6.609431728112762361e-01 3.848643877306664463e-01 8.900171632428359736e-01 2.815897101088118415e-01 6.982900498678640266e-01 4.951406018118578167e-01 9.098422845615624643e-01 9.594601496854443523e-01 7.722908777085548682e-01 2.294395984674035827e-01 3.358896027743930590e-01 9.322837515550870258e-01 2.396206154331710358e-01 5.315492466720697085e-01 2.102055155675501830e-01 6.125515426033503186e-01 6.579157496967620311e-01 3.776907360346696274e-01 5.988219816099533688e-01 5.361493034572734073e-01 9.481582568831231628e-01 6.768443472762765145e-01 7.359890706333723776e-01 6.326764170382730423e-01 9.461710654491193306e-01
3.262070481276236888e-01 5.039449329475229611e-01 8.401159197379216570e-01 8.266982748722063734e-01 7.022587817047318826e-01 8.655902067959936330e-01 3.424478995669215653e-01 6.958198905537285039e-01 2.208471922276542543e-01 7.231274779526440932e-01 3.860242406127396553e-01 5.640741320710898066e-01 3.184162384848663319e-01 8.736093086715334133e-01 4.733907614686316823e-02 3.013960782446694076e-01 2.358084533989569520e-01 9.755170112017756967e-01 4.460600904537760369e-01 8.071836121672553155e-01 7.983255672310501927e-01 9.184794660198376537e-01 2.490331059269677016e-01 7.027937837218332096e-01 9.686242123476528354e-01 1.770854651836906157e-01 8.586467297142874600e-01 2.886825362174343379e-01 5.349186813159503284e-01 1.575437240536589067e-01 3.794762257904267244e-01 6.746779204592999735e-01 6.034242392051019088e-01 4.002626639231284811e-01 9.270551257291216318e-01 9.590059571632565394e-01 1.176914503128783096e-01 8.425423384702322993e-01 1.396645130214216879e-01 4.389221311512527812e-01 6.229627662643976160e-01 4.156099998815696583e-01 9.692519920556833535e-01 9.490114271577736460e-01 5.651778241995225605e-01 6.052695915949757310e-02 5.856933062689404501e-01 5.854981650341223309e-01 5.465414492148465797e+01 1.061775271259931541e-01 9.258954317485651453e-01 3.478979103911635784e-01 7.174271761351097565e-01 3.504322397691783664e-02 1.114078420534226899e-01 7.879635921908701990e-01 9.956042878904562965e-01 3.299247194060224153e-01 3.032166920465787507e-01 1.448488236426378473e-01 2.282798316534394578e-01 8.147243229811549359e-01 3.588358911769196080e-02 3.593180977580563429e-01 3.922739538061403852e-01 6.208960157539117342e-01 9.878517999346446699e-01 3.316279427290600434e-01 9.103385888582253838e-01 7.571408698472027465e-01 4.720493330727548731e-01 4.224335164439110279e-01 2.911710744052921074e-01 5.591730920225308488e-01 3.854080046657363257e-01 6.199958265363044729e-01 5.225265629939788159e-01 8.426528888337825318e-02 5.074807972696445679e-01 4.189208759038081098e-01 9.726629614655183387e-01 9.895379453464003827e-01 4.652931886469701128e-01 8.661970256270746793e-01 7.674356677291187534e-01 8.452912051347838407e-01 6.926060643988044552e-01 5.893437581284270976e-01 2.066905429602627908e-01 5.080301239080796671e-01 7.958106693673123733e-01 3.333366767444552181e-01 9.919397377092469270e-01 6.518503183341597396e-01 8.042008903485947657e-01 3.197770181709014281e-02 5.743757106451502503e-01 8.690999673207115972e-01 1.523775174445562985e-02 3.147920507324941664e-02
1.470595000221495141e-01 8.239185556382793152e-01 4.266775360932248962e-01 1.763666472762853710e-01 1.942389689700644295e-01 3.475855576926373258e-01 6.572616702899081176e-01 3.596290492863333244e-01 6.391224294572916964e-02 5.745373733994058041e-01 8.138436620106103137e-01 7.026520994700979905e-02 3.507730226612478797e-01 3.870134378035128275e-01 4.969673439818969030e-01 9.018667476189737853e-01 4.281786984703602750e-01 4.889975906768867508e-01 6.153206582647393619e-01 8.821366783367495801e-01 1.276140502013480837e-01 6.770609045864360853e-01 1.644635328293730936e-01 7.377435524855435744e-01 7.546839697861670304e-01 7.662162132818658433e-01 8.072392209060138546e-01 8.296616290378571179e-01 6.166638237408751388e-01 2.654169777162850297e-01 1.880427247333609220e-01 1.356069695212713810e-01 4.976856228883428379e-01 4.159072830236973939e-01 6.416119697663588139e-01 9.519310353442377304e-01 7.036899264481853988e-01 2.498070487881751678e-01 5.815351835645460321e-01 4.714185620589361747e-01 3.981973352969288005e-01 4.210007475065276061e-01 3.995397995518713552e-01 7.357457179852088247e-01 7.450814276480444143e-02 2.560152895297599374e-01 2.126071079781091111e-01 6.368320571047618728e-01 8.179119969245212118e-01 5.156367875645542398e+01 4.172849215003825440e-01 3.034704699166701491e-01 7.949429529549103535e-01 9.100214500527341599e-01 2.262696360968168285e-01 6.438660824289406115e-01 1.089231876635585738e-01 3.714640279307427351e-01 3.284245190956894822e-01 3.964027990646408206e-01 4.864945338622879145e-01 9.119505390271900325e-01 7.942771845429825728e-01 5.219986509281583364e-01 7.557423783232937176e-01 6.987203564724416838e-01 5.171264869846167178e-01 2.820424908819506582e-01 4.290768310568418009e-01 8.266082235759047991e-01 6.961635054179925453e-01 7.104846100140724818e-01 5.752355188444402412e-01 8.678083383930325079e-01 1.979202621535288698e-01 2.781852925514973762e-01 3.889415609500646021e-01 7.028189831357311013e-01 6.225311204439075707e-01 6.459373825619070253e-01 4.716382014796691724e-01 7.740382660985117846e-01 3.708916152927993481e-01 3.725867695993662077e-01 2.534348083846812427e-01 5.238028930955606066e-01 4.072797817026599931e-01 5.048843507777260875e-01 9.037315074225787948e-01 3.036732547413100169e-01 7.019479558010613962e-01 8.821046946998328808e-01 3.364108847902258503e-02 7.009429327535413590e-01 4.941122058110275495e-01 5.469893794555114042e-01 4.775626901440981342e-01 8.582037994358038269e-02 2.484817681838793479e-01 7.325529258732588200e-01
8.454573357084305130e-01 2.978802390241298559e-01 2.806184604475251421e-01 1.965834978666258781e-01 8.741221868317406996e-01 5.250907805230086156e-01 4.275579961574647037e-01 6.259064539193485155e-01 1.313046745278417804e-01 6.118112414364921259e-01 6.521930135316573729e-01 4.898308221857994305e-01 8.241825738626228359e-01 5.211118674727169831e-01 9.779852078869226695e-01 9.829395158466380789e-02 5.706728839276136167e-01 2.838970619936921347e-01 8.003964776215366506e-02 3.450429151702281150e-01 7.383218235402411178e-01 5.828759274538191093e-01 1.578020897340056683e-01 3.920948270949191627e-01 1.701050292153940546e-01 6.979304177694496403e-01 2.518024170772256154e-01 8.490886428076338532e-02 4.359141516333742139e-02 8.645003960766870499e-01 1.691587502385469843e-01 2.212344011740410288e-01 1.318513927437017230e-01 8.529362352385027046e-01 7.434569038667709906e-01 2.912066522136749214e-01 2.644220466785446311e-01 7.852552200482627587e-01 4.474481685158420152e-01 3.370446570872682734e-01 9.757078033828786578e-01 5.724470827826219077e-01 3.558131664571403396e-01 7.774758792268056107e-01 4.906471950285273831e-01 7.632557177340071330e-01 3.618979218640512308e-01 6.424723319115294151e-01 4.946775857128494769e-01 2.540224835767062039e-01 4.591258857010070216e+01 5.514612435795984702e-02 5.627615105014108776e-01 1.731181052022698896e-01 8.109097392381576785e-01 6.362991511341244966e-01 2.003661062368397028e-01 7.680190159279709494e-02 2.207758486052523450e-01 1.355363775293086936e-01 5.739574400494182882e-01 1.985590292461036910e-01 9.690331569043054705e-01 3.461961407787484957e-01 8.764365903831903282e-01 5.115112771954066773e-02 4.748423879277717807e-01 3.992681001970390664e-01 2.083153489858263763e-01 5.118232910615462261e-01 8.244362487811529583e-02 3.547867316975003016e-01 1.540630847779430601e-01 9.027847762365560635e-01 1.799869042425594756e-02 4.845833083760368032e-01 1.966906897420145350e-01 4.883732836252455689e-01 2.985620451102890538e-01 6.384070700370328977e-01 6.508484019886389138e-01 6.298043750708974819e-01 6.671598800791924688e-01 9.378911086962884447e-01 8.962516574930561308e-01 1.162974851263698373e-02 8.622900197278215995e-02 2.103080949079958462e-01 8.189999870353493749e-01 6.092094090230848469e-02 7.027198445290929740e-01 1.837209731173180538e-01 6.462648005706873588e-01 2.919075998488861456e-01 8.765760663948706233e-01 3.622779317521370723e-01 8.760039159644725792e-01 4.895705992135985785e-01 1.299780595265606076e-01 4.721754121226735545e-01
4.998863430052779000e-01 7.052813364678164332e-01 3.042506400216655749e-01 9.161120166441660828e-01 2.195113128856442941e-01 1.572543385920067704e-01 3.509122967367012125e-01 3.373152197683292330e-01 2.164294463115717937e-01 4.851200048746923121e-01 9.811534167028246323e-01 6.330966114732516914e-02 1.765669722908580486e-01 2.199175127094201709e-01 3.040127838499218083e-01 2.500358166217205858e-01 1.676355223138683570e-01 2.964196394241668253e-01 4.706871194488096988e-01 5.847532921320270916e-01 4.946454548693577369e-01 4.827876850795015384e-01 1.142170855103337157e-01 5.617970633905075006e-01 4.750443494847885750e-01 7.088074417727568965e-01 2.732158454439692630e-01 7.243288986955030984e-01 7.222971633176263895e-01 7.441114180654616606e-01 4.709311197030515705e-01 7.338263728241484207e-01 3.957732900665200670e-02 7.108402344510389437e-01 7.798617741903134393e-01 8.535653676127893386e-01 7.177492998380475830e-01 7.177061356247209645e-01 6.657828382689424673e-01 9.681428989962510556e-01 3.439558121230842369e-01 5.029785264642393505e-01 3.075537108791375207e-01 5.557324566444746816e-01 3.382728905140778286e-01 7.470744475406149165e-01 5.489926681557197874e-01 7.801626503870905394e-01 5.877790236111811728e-01 7.042074990693100167e-01 7.326604090022136306e-01 5.172287063713620370e+01 2.283629936999908017e-01 3.478253732524312358e-01 3.250687777021680214e-01 4.423893507195353347e-01 9.343923673163500032e-01 6.973772423253963293e-01 6.266837169472326829e-01 6.034033544012535888e-01 9.720274302186158177e-01 8.644201028904957562e-01 4.699787087517377504e-01 3.126156361910218395e-01 2.400516079273115055e-01 9.314860600150561831e-01 6.361257077780881897e-01 7.392553819286472594e-01 2.029872150881051329e-01 7.312183475032482116e-01 9.779827371402971536e-01 6.237478562228879753e-01 9.426622675798496109e-01 3.892845844800364441e-01 7.636985753500360463e-01 2.226648414589280645e-01 4.286561725854585170e-01 1.317246884950887820e-01 5.468643688860971297e-01 1.284398395780350643e-01 4.794434473748050429e-01 5.786514945580646385e-01 5.847218047923754547e-01 1.768135870141946953e-01 8.867730034540517448e-01 1.526975767131077966e-01 6.102748749572084463e-01 9.799841401813373931e-01 2.718236971545062719e-02 3.380451153353400962e-01 8.192948293139158400e-01 2.363870552446273310e-01 6.568524001172210136e-01 9.203261672581627417e-01 3.715834710534635654e-01 5.469289423917330639e-01 1.883612856039018624e-02 3.498270262665877928e-01 2.974184511019528632e-02 5.442571114391743237e-01
8.701166483781884731e-01 5.175412071768487055e-01 2.283990920214237219e-01 8.031646464566749577e-01 2.309131168538621770e-01 8.609165266325302657e-01 1.954341932917329494e-01 3.041674811332604200e-01 4.070670607051553036e-01 2.615250444642888139e-01 2.494312082594375424e-01 2.093412052855967431e-01 4.326295272292268734e-02 3.722763075801531762e-01 9.757914285078779226e-01 5.184044134087170130e-01 8.874726332521188921e-01 4.075378757499417137e-01 8.305773741130024757e-01 9.504310802355427912e-01 5.415894735093907952e-01 1.482320233461746906e-01 1.969353976823706720e-01 6.686791479056816145e-01 6.085851781644624481e-01 9.786255690421150621e-01 5.486243067228435688e-02 4.625949504828646974e-01 5.204490923784536038e-01 7.113404161974461459e-01 4.526209128235341161e-01 1.954883036275172348e-01 5.501627044423526014e-01 1.208425823015096823e-01 2.295104129130147719e-01 7.460352136620901353e-01 6.638430045300945936e-01 1.598274060119724282e-01 4.968097530153714469e-02 8.373213816150713029e-01 8.414172568456038670e-01 7.278920167451827794e-01 4.234852854524333576e-01 1.054637439966475965e-01 4.404779385501700339e-01 4.564107006247567488e-01 4.558192258418184428e-01 7.574779703357285010e-01 9.738067417050253471e-01 6.572750213823667087e-01 6.605916865675335314e-01 5.964076508298814527e-01 4.906421502220413799e+01 7.547912805378710344e-01 7.666477126400320641e-01 5.364327718899788433e-01 3.192243664428786598e-01 2.841175206926429553e-01 5.285265686143991726e-02 3.868831859683368180e-01 1.363943632543862527e-01 8.992316034169067773e-01 9.968247898120603523e-01 2.070848354439370764e-01 8.075340571912740240e-01 6.783304344949581122e-01 4.588659174078643099e-01 3.015110308920341264e-01 5.781529195214607508e-01 4.692131874225191623e-02 1.704636618410135807e-01 6.035245127330811643e-01 3.253405652309793172e-02 3.894537368849815273e-02 5.978476165389281505e-01 2.301878927356572069e-01 3.838669855133491904e-01 9.719369783832226828e-01 7.338130653560526184e-01 3.752038042796940198e-01 2.577508980759071200e-01 5.706635589976325473e-01 3.377269524570690740e-01 2.050701765988756087e-01 9.843816290902552835e-01 1.141998489445974485e-01 7.490144157623099819e-01 2.579486523439695755e-01 7.348448559207535480e-01 4.258060013285925871e-01 6.493358886212010628e-01 9.506734582611694462e-01 7.028585716375335135e-02 3.662488409006783296e-01 1.757675842603045879e-02 4.004206374124740231e-01 1.893721985419366538e-01 6.070394621939545488e-02 9.584886576447682049e-01 7.955945692340304909e-01
4.597674605535135850e-01 7.543066642253837273e-02 8.017855057622432779e-01 7.896483811991106272e-01 3.222428810427619972e-01 6.699492081810807242e-01 5.781873426081429734e-01 1.339159799342929391e-01 1.354928345924089061e-02 4.148928255674783072e-01 7.812867873140150188e-01 7.060500712473871676e-02 1.770471770685526636e-01 1.790496901853766420e-02 7.170456978525163727e-02 6.794194819526843121e-01 7.615692381101650810e-01 2.815859265996908389e-01 8.611960735316875892e-01 1.780325304839207590e-01 9.877644270785573832e-01 1.452530022869038540e-01 7.520028143873865867e-01 8.818939171713136016e-02 7.866240035166298661e-01 4.475906281661938824e-01 9.244155666918136838e-01 5.862686721177056137e-01 2.303513682028786036e-01 8.217480738416460539e-01 6.174734055233254137e-01 7.055964380096287902e-01 1.859488441185142005e-02 4.448617213666594683e-02 8.702839561573405547e-02 4.620565128345327510e-01 1.709096583041433970e-01 1.872948472368785033e-02 6.464993513209331688e-01 9.907454928803738348e-02 9.196367646673220264e-02 3.032841412045582663e-01 5.222605601528407249e-02 7.896221349283142343e-01 8.806248941201868519e-01 3.617897319584146842e-01 9.209599404714574611e-01 5.422489534991099536e-01 3.298976064601153446e-01 4.378659070304806722e-01 8.339860588038139344e-01 2.428002976835015314e-01 6.361689294724792720e-01 4.633592409597695649e+01 6.471640227290328395e-01 3.847481644993354655e-01 4.364329722908966147e-02 5.816894203057308976e-01 2.663631383222597737e-01 2.016442725353670973e-01 5.886910916689277462e-01 5.960033054744598990e-01 7.041631129523613364e-01 5.681055191981271291e-01 4.888700163136735499e-01 6.610197032332332245e-02 4.794594379937496820e-01 1.954414672302146050e-01 1.203725713107915984e-01 6.551454283211488594e-01 6.774062278490271538e-01 1.615862146587961901e-01 5.011217955929859746e-01 3.268613869051024690e-01 5.894463847699540349e-01 9.863577459089665211e-01 7.673212635479033095e-01 2.433571600549488956e-02 1.710227231465198949e-01 2.852641841669809608e-01 9.049471874403466343e-01 4.946604753822807510e-01 8.051682320358208855e-01 3.557683402292476371e-01 4.438623182664813704e-01 1.939490989977048496e-01 4.724187477012491421e-01 6.238524300291370395e-02 4.732124707643272643e-01 4.625490583561635560e-01 7.032842172958255755e-01 8.806091037587902015e-01 4.845595258922237303e-01 3.035457792161903035e-01 4.861491464114702232e-01 8.779147868725504233e-01 5.764283082623115062e-01 4.554764212549931024e-01 5.093004136630286949e-01 8.995744677492725216e-01
9.239427986080170907e-01 8.867451759356971275e-01 4.472822591686618221e-01 2.912180462357460975e-01 9.320759885485362384e-01 6.912020680907563497e-01 1.891789080998900197e-01 5.145962133789218074e-01 8.942485000157130992e-01 8.691382741070748930e-01 1.063704479417472148e-01 2.434433138829688037e-01 2.071980218296950449e-01 3.416085932230061850e-02 8.056371234672684567e-01 1.151920791558905810e-01 5.225391397018168682e-01 6.738478472345037495e-01 5.940428413984255585e-01 1.983222387820994248e-01 5.611235930771456548e-01 3.567597691396332538e-01 6.280598797055191307e-01 7.470590551469391549e-02 7.341249404041705340e-01 6.337197672258586545e-01 1.053124866009927940e-01 7.881985652961107647e-01 9.121636597978529659e-01 5.766807488391686443e-01 3.933449234486096069e-01 7.944360107210090005e-01 3.479474893184880679e-01 1.093895312949354492e-01 3.598356065336724141e-01 1.553875675339618789e-01 4.682381818588982059e-01 1.746966085282235515e-01 5.106010812693667633e-01 8.968323079143448728e-01 1.886866717958888273e-01 3.715805224598230927e-01 2.146549688747262374e-01 7.946000681439485680e-01 1.306678908569710584e-01 9.162296057250824965e-01 2.708179204772674931e-01 3.611080163150736100e-01 5.024702865751931036e-01 4.304362146984899162e-01 4.365716481674949412e-01 1.118636389478202542e-01 5.056046124121775787e-01 7.510504912804459865e-01 5.233829124493492913e+01 3.879623510588348090e-02 1.363137676521928299e-01 6.742594647641265704e-01 9.539751638838864789e-01 5.054278488784865742e-01 3.836093294820924759e-01 2.550221583307685780e-01 6.105567397998219459e-01 4.439377468799394766e-01 7.308621484533103230e-01 6.521640326835274060e-01 9.779545384663124175e-01 7.253460503544426619e-01 5.970775980890081769e-01 4.786752250543957476e-01 5.234807643211024653e-01 6.371502749814171862e-01 5.794141330820851143e-01 6.013979487536194046e-01 9.618780248896185991e-02 3.292358732596787352e-01 2.364337610117673849e-01 2.478061067850169108e-01 7.747475736501654442e-01 4.237759652837223001e-01 7.315328701052993265e-01 1.367765601970191147e-01 9.902962228538882972e-01 5.501630930692185117e-01 5.153689534364696012e-01 9.476517644578982269e-01 8.408316504241388767e-01 6.856744665033210895e-01 5.583114894552870799e-01 7.971423201238457823e-01 7.499321700642391786e-01 8.120637674745022627e-01 7.103987172876460310e-01 4.238043509594451308e-01 9.527782512234113099e-01 7.681749178257737398e-01 2.290146144276098417e-01 5.020507415347862379e-01 2.926698475656618337e-01 4.440175596606156239e-01
1.330010681248584570e-01 1.728651899817347237e-01 3.083508464257170845e-01 2.083529930718042156e-01 5.012717563730110237e-01 2.777347124466046369e-01 2.778672350909823230e-01 1.442354867292372500e-02 7.757842719876556492e-01 5.074824220691360743e-01 6.817550822316381653e-01 6.880501727360802677e-01 7.700541973223604675e-01 4.700406586690952793e-01 7.028104939931706374e-01 2.921416448707452318e-01 6.644525344175390424e-01 9.726757526741358628e-02 6.593850457734938830e-01 9.117697198923699897e-01 6.469235136527305974e-01 8.082566387257797969e-01 5.614812594491391806e-02 6.033435608095224501e-01 1.778687851875647707e-01 2.749907898861367883e-01 1.039653863709467663e-01 7.863506633652150857e-02 6.334657670421302011e-01 2.498925213410255752e-01 8.540205860619767275e-01 4.584758230481913444e-01 4.224553223148342918e-01 9.753846231781546638e-01 7.554904944128164601e-01 1.030986122542245642e-01 7.592244142660427020e-01 7.023270386472068028e-01 7.067140167304141185e-01 1.299976620935749949e-02 3.587245330054951165e-01 9.726620810055139899e-01 6.136258426263164756e-01 1.063356889786440940e-01 6.400113206217892259e-01 3.603849892522098530e-01 4.444827596761113941e-02 8.450825962155992244e-01 2.804623197816610292e-01 1.574892084675035830e-01 8.052597740430224027e-01 8.343099771643310847e-01 4.509363233080422306e-01 6.086889843225796737e-01 1.835902157301869675e-01 4.842746093636193194e+01 2.468344268109926576e-01 8.039172399948013581e-01 2.107772784228577612e-01 2.267099318032451682e-01 8.080381191548973163e-01 2.820112965144702111e-01 2.243253355438019625e-01 9.536517701438010919e-01 3.821111244599526557e-01 6.812246472506360284e-01 9.141829826622728250e-01 3.489776126524058997e-01 3.196459139891258960e-01 2.477482357316813655e-01 1.500682740868447551e-01 7.166064557303156723e-01 3.364403278314093138e-01 6.969928021308574584e-01 2.789675010422144608e-01 6.356561085793952515e-01 2.898939700586522505e-01 1.036913459351208600e-01 8.651696279979268489e-01 4.472021666351299052e-01 4.759018083986845671e-01 9.015268878269288022e-01 9.984492942315096320e-01 1.391725297979765630e-01 2.699678487860531773e-01 4.874026330812996077e-01 4.728363155337207413e-01 4.056782072511994075e-01 6.335700635728029884e-01 7.568567368314692567e-01 3.257221390416445983e-01 1.876143781636202545e-01 3.603016438058018744e-01 6.657677041469541868e-01 5.405731592572947664e-01 9.721022726544077397e-01 2.497183767531716558e-01 3.592522211804208832e-01 2.096016232710423699e-01 1.030325802586740114e-01
6.119610080246176143e-01 3.381325451044320252e-01 2.745174923449310578e-01 1.812407922268362004e-01 6.035558598520543994e-01 1.501814407987080990e-01 5.324671288936572155e-01 6.151518245157866493e-01 5.832790344579803499e-01 4.327504808294896366e-01 7.933970611155550801e-01 5.292301938716192922e-01 7.836517915230195586e-01 6.454875249599045794e-01 8.289054903125008256e-01 9.947915815895713720e-01 4.990484803533321578e-01 2.172062740266219594e-01 1.243426308795877455e-01 2.168346812129732237e-01 4.523537861007729255e-01 1.744719115763033734e-01 2.963410597474567254e-01 2.222796860213948067e-01 4.826124309984740623e-01 4.528470288613907213e-01 9.553541193796953879e-01 2.142432715705996360e-01 2.646684324395592869e-01 2.295992394524203339e-01 1.490097224830193579e-01 9.723490419532576645e-01 8.107404419951558250e-01 8.086998524275741396e-01 4.483241700116412654e-01 3.660810956956361828e-01 9.090795223283694160e-01 1.593678249306594852e-01 8.806121275884704058e-01 5.556574852759799121e-02 4.051245811077819337e-02 9.551920726250865412e-01 1.756939652384438277e-01 6.556636454760967903e-01 7.088130982958860127e-01 4.229349520683102215e-01 1.836802918413269481e-01 8.075690183868177163e-01 5.417062482629574349e-01 3.847676983470773582e-01 3.929036397313019346e-01 6.788512958419432586e-01 6.081430407835929364e-01 3.372950857151543191e-01 7.836647282687840832e-01 4.281037277761219340e-01 5.121482878106876768e+01 9.474633882264625884e-01 2.800772004048857067e-01 4.561593976783102633e-01 2.089599194451514652e-01 7.665126177628366344e-01 3.630608332211007205e-01 2.841082604347897611e-01 7.680951170612629886e-01 6.832072535438081795e-01 7.092956260289332571e-01 7.040402489522381568e-01 3.559305773657450711e-01 7.806740472670207209e-01 4.231500133434655808e-01 8.709468028533422501e-01 1.897601277654878960e-01 6.485226862148513183e-01 4.792722733285229575e-01 2.173124892329016955e-01 6.012763469731261523e-01 3.727494567413043303e-01 3.286968212672587430e-01 8.993156020588843891e-01 8.859228525834642598e-01 4.179231431343006786e-01 1.281153493636459917e-01 2.726571603735643556e-01 1.705986486924826462e-02 5.608609297189526277e-02 5.500662111128737930e-01 4.659183492766088008e-01 5.705346424148439732e-01 9.029116891756501229e-01 3.453810730680085817e-01 4.199925562026269876e-01 8.860105670157732982e-01 9.779880081361551625e-01 7.484248441766586657e-01 3.152088156943478880e-01 7.395050488901052654e-01 4.645503081450220728e-01 4.410632614795043649e-01 3.705344912652109857e-01
8.822735350175392455e-02 3.950533557048618860e-01 7.232908196974557891e-01 3.931464350480669001e-01 8.972998994813538021e-01 2.351117627367067531e-01 9.961135692118846530e-01 3.160781526203519931e-01 3.854068083478355833e-01 4.607872278876382621e-01 9.814578675389218354e-01 1.819173631882254893e-01 9.632409576698705012e-01 9.731930878794292639e-01 1.044403175881081225e-02 8.258504368434231857e-01 1.766151309837475925e-01 4.347824787687114556e-01 5.420409642186472254e-01 7.637765453383740244e-01 8.137796998046172847e-01 5.563897060352671620e-01 1.852552938294756979e-01 2.613460879305915530e-01 1.129535634848036763e-01 2.582501777560776146e-01 8.453829450664540612e-01 5.912756683614113218e-01 6.447704794868003297e-03 8.253887773760900659e-01 1.966372692418247858e-01 3.141759712999808718e-01 5.820969780983562547e-01 3.005289065213181399e-01 1.531160138298804929e-01 6.251354178334695977e-01 7.963899504707959709e-01 2.631467103257598694e-01 6.757599288655313785e-01 4.382891350275242015e-01 2.569863083090939693e-01 6.138362357142850279e-01 4.988531392098027872e-02 2.179949907166889300e-02 7.982980131098327270e-03 8.058995845928665913e-01 3.313008375454550292e-01 2.685943983119221112e-01 6.049480519788715815e-01 9.944005231766482877e-01 6.607896146513343449e-01 6.387326000097183210e-01 6.360726090721045001e-01 8.158216930764266017e-01 6.737746622227092086e-02 4.105315159127553848e-01 9.656702954494628122e-01 5.092465626937768519e+01 3.225172204622198668e-01 6.020035272610334554e-01 4.903653982582312221e-01 8.613497465001236364e-01 8.612662162399653543e-02 7.247787368124446461e-01 3.704767280177796440e-01 4.261424006272036547e-01 2.447151610011146783e-01 1.697165626319018239e-01 7.125921441971020398e-01 6.170483269834895479e-01 1.304726426776839920e-01 6.001776998867579538e-01 9.614888877509660814e-01 1.711507956090909666e-01 5.749520788754534095e-01 4.186333698785643653e-01 4.149970942051771639e-01 6.062070231806537812e-02 6.014610382332959970e-01 1.077663462436744268e-01 8.831144437637639122e-01 4.403371397782285257e-02 9.414032406514071250e-01 3.300725223725738955e-01 7.461952073089644921e-01 9.394676322628187082e-01 6.303234213651057738e-01 2.601312144618667110e-01 2.668388114425312985e-02 6.403545538513604196e-01 8.000444546957578007e-01 8.130426325143673694e-01 4.410059789156797194e-01 6.806473585726143805e-01 7.105331676226163129e-01 4.696435621249982484e-01 7.249993381770237777e-01 3.887013962940960576e-01 5.320577130705548274e-01 6.276986407669647994e-01
6.323041685103375498e-01 4.565498015923534769e-01 2.323860537109400104e-01 2.679385053797844751e-01 5.688035221226539484e-01 3.804305037698165748e-01 5.541536055298554864e-01 5.273126640590874992e-01 4.328506249079197010e-01 5.845640775694986857e-01 7.079264438944745663e-01 6.532590476908838317e-01 3.639775276946805027e-01 9.795981455604888533e-01 6.855024911475765537e-01 5.171833940690893083e-01 9.646925603074245625e-01 3.661440124758476022e-01 1.488497794217047421e-02 1.943955758912515597e-01 4.166784665373206575e-01 4.583576637943804766e-01 2.816748314331796177e-01 6.178900499047726980e-01 7.584482594959531809e-01 1.700694589917205457e-01 3.598871390087911015e-01 1.987572070869626506e-01 7.921250974857318994e-02 6.815155461781985391e-02 2.325272742209928412e-01 4.880848456475372910e-02 2.272043074316980604e-01 1.295892550617530059e-01 9.991926744939391147e-01 1.045514744568493137e-01 3.439267942061726702e-01 6.672032768155297111e-01 1.773457590037427201e-01 4.929179435202406534e-01 3.490916760809928965e-01 2.949780452176189449e-01 9.824062297183110415e-01 7.123637003244874810e-01 3.400227756476099650e-01 1.855989763744415599e-01 7.467878442246651538e-01 6.570896715174345815e-01 2.739320361254082847e-01 4.714436965367369003e-01 5.414934729730304097e-01 1.291609574188922194e-01 6.120471967106978495e-01 6.548764186426968559e-01 3.022050521994941175e-01 5.289826482890546133e-01 1.602741706021513224e-01 5.198309617172397479e-01 4.811726607140602141e+01 4.945100482934299269e-01 5.782150645292304381e-01 4.875590045709050635e-01 8.859344615258668565e-02 9.028842087814165085e-01 2.376873305734393815e-01 3.533331245442783430e-02 3.125380894612146410e-01 9.122083971561195659e-01 2.930003863018122434e-01 5.164184585630127167e-01 8.235362247651698553e-01 8.838352961293771681e-01 6.193968851722559954e-01 7.622714168464915785e-01 1.219401118216761892e-01 4.685233600645767327e-01 5.822076934022786254e-01 2.175522800481262120e-01 2.055081054487846171e-01 6.759742867922677867e-01 3.387798261331195215e-01 5.231623440046219153e-01 1.329092767847539491e-03 8.648094711804190649e-01 4.883386561569954543e-01 8.857719684058887877e-01 5.736661625517361918e-01 1.631364355979160186e-01 1.850032784185987600e-01 2.994240454068978208e-01 9.740233790340269149e-01 7.662143007683321905e-01 7.262899700499214628e-02 8.089828745470619697e-01 2.039243437797042535e-01 2.516024269536004665e-01 5.891243597168632773e-01 8.031060248500390131e-01 9.632744618801237779e-01 8.489364468099994676e-01
3.522311801791000452e-01 6.010776362546260687e-01 2.446419040095544339e-01 7.197571090442231867e-01 5.347860160881396929e-01 3.374280265282507685e-01 4.705841783307238568e-01 6.139872175277487631e-01 1.544230749138140180e-01 4.519764566399936401e-01 4.081985672233630069e-01 2.288847804936734454e-01 7.508235515876411359e-01 6.666199741073107754e-01 8.068017171462606996e-01 8.857435581874629760e-01 3.955422578804758116e-01 2.810898954868530364e-01 9.281986133693609364e-01 2.046787949183743738e-01 1.266753473765801496e-01 2.761917572133887333e-01 7.257611447438376828e-01 1.181912453430856713e-01 6.249617554828678090e-01 4.886199542663003381e-01 2.957667684709524014e-01 7.958996857151305893e-01 6.903140760552077815e-01 6.884245941776555577e-01 1.143029059241046363e-01 8.447656132664687068e-01 4.800577884287037245e-01 3.657448216788151685e-01 9.194222493965019671e-01 6.714945777220157064e-01 6.871648378827336368e-01 5.376143484450127685e-01 9.865701509919502232e-01 1.622124720144616505e-01 6.422111073874980924e-02 1.386794801301056701e-01 9.397136446431150203e-01 4.225297079170210468e-01 9.944126399612370770e-01 4.092347062075750719e-01 4.760024570082730389e-01 5.986877337763658602e-01 2.705642170467620344e-01 5.379947679975862762e-01 9.473813217163629119e-01 7.982884859516120590e-01 4.003698060201489328e-01 8.832890662118813019e-01 2.860809066772670439e-01 1.525135836991620142e-01 4.325910077863096559e-01 7.383075762230201233e-01 2.713905376987321150e-01 5.326452371954613341e+01 5.373354888118331285e-02 5.664493579436368220e-01 9.048229600701718223e-02 5.368505835489576494e-01 3.416216046181671517e-01 3.475655515350148939e-01 5.642492837017185625e-01 8.850187421921563713e-01 2.020372227492939210e-01 8.805114648733006755e-01 2.231567145348060111e-01 8.617605592983952345e-01 7.859929335094348879e-01 6.273663524439903050e-01 6.008177829784892010e-01 9.480224081471312347e-01 7.465949255465723633e-01 8.495934485173394224e-01 9.594333963268319998e-02 7.217628959546886769e-01 8.900150834602602590e-01 4.534054485520667699e-01 9.073351921061110215e-01 2.280312135547505337e-01 1.769642872565212466e-01 5.423255954034387205e-01 3.485797781984796284e-01 3.926185673991936520e-01 9.548451065444152341e-01 6.704617314601082345e-01 5.065504069684971800e-01 5.254981386068016125e-01 3.590170108792811732e-01 5.192799083068410093e-01 9.235626604552347185e-01 9.058432491140324672e-01 6.398447804673146333e-02 1.203814706849931637e-01 2.488784402790236161e-01 9.655211186805313650e-01
3.500691330470585561e-01 5.117194926469619265e-01 1.699454250659870880e-01 6.888226388349868445e-01 2.576346834327947199e-03 3.074233586338919189e-01 2.836592259604554522e-01 1.354271931040086363e-01 1.437491146899676497e-01 5.059408206840987354e-01 3.837799147890761375e-01 1.146667013365459953e-01 5.101471701657260827e-01 7.182843428895584470e-01 8.390346137707538343e-01 8.317363425285347889e-01 8.464433907978936578e-01 4.891713037491994820e-01 8.718224549534010492e-01 7.298172503822476509e-01 6.665525681013523274e-01 1.911398627874117961e-01 6.164464366608646273e-02 5.592188370241971684e-01 2.863627307788940701e-01 7.624884597666464758e-01 9.342937322234593500e-01 8.675199115283789286e-01 8.691206435707432565e-02 5.627685381064364556e-01 4.511511784423671845e-01 9.930041634407710260e-01 2.230541532729283238e-01 4.886967407736755309e-01 1.659517222500619393e-01 3.805615365640000469e-01 8.064205721709573060e-01 7.748356246040686290e-01 2.513279408333245479e-01 5.642478117654422531e-01 8.485622474345153599e-01 3.520195558060912333e-01 3.275117138884429124e-01 6.636952584534860922e-02 7.327052754622431774e-01 6.103821535575921775e-01 6.249447843723280327e-01 3.031854049796374184e-01 2.578461290349107760e-01 7.870347981779481916e-01 4.857084089659868820e-02 8.241518063552000228e-02 5.129776321359873492e-01 7.100477713435141558e-01 9.502407283005454008e-01 3.927002896134277332e-01 3.063399543886611287e-01 2.393446295176594463e-01 7.123233863033340274e-01 1.717050250799123656e-01 4.944874696037072681e+01 1.263833851058693281e-02 7.470304700555241428e-01 5.264095464306365324e-01 3.806241924083390016e-01 1.249382618417785862e-01 6.908646962474538356e-01 9.317075188092156512e-01 5.544444231098655251e-01 8.505703857972694015e-01 3.943932919967914064e-01 8.713670123911645415e-01 1.286238521646230204e-01 9.071767997687812946e-01 9.545912826513526239e-01 4.227970529061930716e-01 9.590269455518194430e-01 1.433872959234367972e-01 5.986662705133904971e-01 2.589929491286911967e-01 5.944286834565072342e-01 5.287669038815889788e-01 1.233430505465475946e-01 5.776675350396427433e-01 8.687048836017694509e-01 7.082238018684805514e-02 9.660866090636256454e-01 7.683264393364052092e-01 2.508839596133133343e-01 9.576181288659846302e-02 2.078600980165916656e-01 8.903793440316801755e-01 1.565761251104985652e-01 4.984568181806173781e-01 1.742759596476326500e-01 5.434705487590530959e-01 5.888374021021424154e-01 7.893053650934962473e-01 1.693422724836491922e-01 4.991740897695715606e-01
1.962862781984417992e-01 3.989696387887105011e-01 2.090034834447798140e-01 8.605828496878640266e-01 8.913509488552926463e-01 1.571417562514713095e-01 6.569095748622122422e-02 7.810577766958292090e-01 8.473841658616014794e-01 6.894469067142806606e-01 3.227592400744857537e-01 9.205749184704127286e-01 1.049787045742681668e-01 5.646123558881749327e-01 4.579544721334224411e-01 1.808231318122647258e-01 8.828536490604699249e-01 7.241677521508529392e-01 3.995463515546009425e-01 9.655195344843420235e-01 5.304108882757470056e-01 1.331997702610100420e-01 7.502776475376764509e-01 3.342123171941551174e-01 6.114764884636003650e-01 8.329755749585118219e-01 3.157037324908027465e-01 6.541249963285113989e-01 2.847958937932920653e-01 1.055758326270661573e-01 6.700452581389451101e-01 1.560316647367804288e-01 6.905458928876121449e-01 6.862022071176921978e-01 3.336180832020655407e-01 3.543490671005600223e-01 1.934221166572013262e-01 4.819589894172755518e-01 1.372312967487910873e-01 5.501267468799314608e-01 6.710923257675900366e-01 9.634744655025407889e-01 4.873476390589921436e-01 2.786966018066070472e-01 2.238830421016146932e-02 9.750879963275365103e-01 8.316318094619872259e-01 6.851387454328449200e-01 6.287322734204670027e-02 6.551584199179676382e-01 2.663966955574158524e-01 8.332919701466642293e-01 9.102579553187402084e-01 7.745535116447841428e-01 6.214444117613628915e-01 3.911258709671290301e-01 7.706753805122925627e-01 8.698149925649387715e-01 8.386292358272761094e-01 7.528654650419636107e-01 6.663993922782303070e-01 5.358416742002216893e+01 7.467305711631103682e-01 7.801400413285567437e-01 8.321732018980854129e-01 4.641116141481367308e-01 3.599883674331001426e-01 8.937304006147803737e-01 4.823221601814962067e-01 2.586609457851364313e-01 8.571707791302790591e-01 6.372109310806330917e-01 9.458908961399964399e-01 5.879480557688784303e-01 3.507689849386591563e-01 4.331665307977423662e-01 4.382315323701077014e-01 4.727674520163668292e-01 3.017876494090220296e-01 1.132208604706641530e-02 8.482438250535748736e-01 3.775804967008244972e-02 2.296615683470484282e-01 4.395094743070241394e-01 2.723297764055110370e-02 6.254969330347437406e-02 8.684086314830123943e-01 9.038813591408022541e-01 8.052516950001196161e-01 4.952389600047195639e-01 2.112966716502744369e-01 9.441968936561481174e-01 2.423260518683683085e-01 8.524105827684794745e-01 9.852996285753057304e-02 6.813383606558380823e-01 1.311735118282919554e-01 6.124570252019208016e-01 4.500157771695628695e-01 9.615373361956920384e-01
7.033942454398031119e-01 8.905222879766471200e-01 1.993764394366217552e-01 8.737970705664644955e-01 6.680744028462105577e-01 8.810938710999138834e-03 2.700405978160188569e-01 8.851114451837911457e-01 3.253734149075245830e-01 4.571801896216123318e-01 4.029334312744065061e-01 9.848294532331696161e-01 1.839547621989926496e-01 4.335399347037297568e-01 6.274349005336772311e-01 4.754949579255740577e-02 6.136640553915593266e-01 4.547645930322581354e-01 5.416018417954303610e-01 8.502778597152371720e-02 4.665822351760395836e-02 6.005020232584512563e-01 3.986733862635488679e-01 1.731991374601584699e-01 2.203664698750795736e-02 9.939228625707082765e-01 2.491941485097093345e-01 8.495205392797950950e-01 8.904125028859125601e-01 7.073906549693592671e-01 1.568717847739806714e-01 8.117755094489331746e-01 3.745148757902042602e-01 3.209952262887809660e-01 9.168705911555330434e-01 6.873338370814786602e-01 9.641787510990506016e-01 7.663732624813417438e-01 3.333047093273228123e-01 2.131240417973019330e-01 5.053532914555891598e-02 9.226395558377199491e-01 4.336253948146144843e-01 7.698991729519365501e-01 1.282959895573849707e-01 8.643350966370264565e-01 9.260032328491100140e-01 6.034990175985088801e-01 7.749519774236290903e-02 8.115008443662055093e-01 7.536205467256251733e-02 2.383615655762224561e-01 1.328967709866268887e-01 8.307403924329952449e-01 3.969295879623813139e-02 8.551219654882581400e-01 4.403439347594451103e-02 5.570264659725702172e-01 7.580403568489380017e-02 1.626779905618892519e-01 7.901284256576611709e-01 9.477213589067243760e-01 5.065487311049242436e+01 8.149547077159128294e-01 7.778842216268063714e-01 3.509985515021705194e-01 9.492633536012706763e-03 3.807637313174593308e-01 9.631964349659862812e-01 6.731567959036620641e-01 6.438522824178278814e-01 4.084928862362039448e-01 4.380906579031166315e-01 4.152757781269882376e-01 8.998982554529537659e-01 8.213275628004454987e-01 4.654475931025087165e-01 3.441237139486974517e-02 1.406659431493652024e-01 5.878745285052017211e-01 2.767091518464042110e-01 7.963359967635657011e-01 3.436766077699835442e-01 2.435952483225085619e-01 2.797763075814344580e-01 7.563002356690949890e-01 5.883822451858371494e-01 4.268801484735119667e-01 6.417358437935927196e-01 1.985249255839148796e-01 4.752548310046758040e-01 2.685288643367245154e-02 4.891345173135448476e-01 1.825041093390178393e-01 3.383038705514364031e-01 1.218095538588988003e-01 9.264642473388009503e-01 8.195324436166229187e-01 6.517276141771238818e-01 9.169513697048858880e-01
3.583248474340029466e-01 2.028807657353709493e-01 3.727692363349260907e-01 7.587801428751724808e-01 4.939767892863980991e-01 6.225579973481794038e-01 5.468257267383711540e-01 9.530622718399963667e-01 4.918307928472053225e-01 5.608071762964468299e-01 9.136968514926002705e-01 9.378068965295673909e-01 6.597110617180479419e-01 9.146885750689114358e-01 3.180784836924955838e-01 5.708914054056838383e-01 6.219823089207696665e-01 6.874314719593880296e-01 5.675739293563420995e-01 9.963146415924741817e-01 1.468073240903543519e-01 6.439593415000272048e-01 8.120328479449342440e-01 8.254592710446494452e-01 7.003326087560360902e-01 7.965126416906264106e-01 8.286730031729075963e-01 3.649601181000639016e-02 7.756533741786098002e-02 3.915561260574808022e-01 3.957843036128823044e-01 6.884422340456026745e-01 7.138306667965297336e-01 1.586608417921787639e-01 6.317214794957748403e-02 6.357920508301438955e-01 7.348216161067845364e-01 7.995714533259400403e-01 9.956458218683729156e-01 2.979861580341406357e-01 9.118172113959027714e-01 4.008003493266170114e-01 7.001831428240643529e-01 6.088854141399924202e-02 2.286012586547783165e-01 5.490218317126496217e-01 7.454524822264831929e-01 3.666281056088541712e-01 1.100463998125548182e-01 5.012838310557925503e-01 5.806413630308382423e-01 4.577696275914872048e-01 7.702215067828410699e-02 9.232654766299016602e-01 6.860364690023070811e-01 3.058346607124939887e-01 6.414824803550887022e-01 6.747085779541082129e-01 9.716752428123304197e-01 4.523348038251768788e-01 7.611392758243195056e-01 8.909325171260816800e-01 3.555371076555731147e-01 5.622244255296129012e+01 1.508207189379174862e-01 3.799337929605840491e-01 7.990830426224911909e-01 3.512929720327144789e-01 2.107149462357871261e-02 9.970954415246705560e-01 5.553760736414810051e-01 3.948410232295812561e-01 9.647869309999697052e-01 8.167027498299543886e-01 9.749705838293232230e-01 7.362275234086785858e-01 3.908840143645553322e-02 6.739323789844133827e-01 6.230122429832920528e-01 2.321892739240764003e-01 1.360849033675792796e-01 8.752287364207776976e-01 5.383774079805779822e-01 3.081724105326157925e-01 8.938852474729040987e-01 9.571238004808346744e-02 9.405116509519145795e-01 9.335568831557353731e-01 4.832200170834696218e-01 7.244885393253319705e-01 1.886259452576654061e-01 7.224263769951622116e-02 7.481593475480204924e-01 1.689192711707813155e-01 7.302443709361432500e-01 1.617228379807910121e-01 9.241883974591433848e-01 7.277497447115748308e-01 3.785572167188888670e-03 8.531096957190328345e-01
7.307878666985253568e-01 5.151154847328718311e-01 8.373080990301815518e-01 5.454703407218135514e-01 4.943842899131911661e-01 7.264576309067246607e-01 9.691892022775419058e-01 2.726451655393318241e-01 3.704783475925343961e-01 8.238122572525260479e-01 4.880543319483354736e-02 7.291400532497204212e-01 7.471465730151577445e-01 4.900979107649260369e-01 9.999187597573913067e-01 9.514137586611213226e-01 1.121348222703771880e-01 9.871029477681398934e-01 8.214965378874091728e-01 8.011373312849922046e-01 6.230694538831637042e-01 8.469926415373184581e-01 1.103306117109558171e-01 1.445715280871159303e-01 7.512161841761559877e-01 3.588563362282544134e-01 4.406251169139526747e-01 7.551760690329241132e-01 2.047272157621289335e-01 9.347676232611334957e-02 9.080283608188539635e-01 6.899986009252182528e-01 8.263501005155449164e-02 7.374980186818625993e-01 6.290328706570137429e-01 4.729738719271762148e-01 7.872168096058260733e-01 3.110425351602963406e-01 4.005962405514922331e-01 4.952084814303966409e-01 7.425607141594321448e-01 4.958349422649463989e-01 3.971226510008478705e-01 5.917333693476330980e-01 2.329271465861320056e-01 7.329761986651327499e-01 8.451015963503826223e-01 6.359217719956403725e-01 6.060548488871623229e-01 7.894845635483115354e-01 5.735978884496366614e-01 4.118747934170317038e-01 1.039743144122265983e-01 1.339150324878150000e-01 7.917790746645767541e-01 2.263677715146309444e-01 3.952533408340167531e-01 2.618441485059546103e-01 2.521265130236922669e-01 9.864653487722497838e-01 8.776643551196050552e-02 5.243338282721510257e-02 4.582558344725859989e-01 2.093169994270125400e-01 5.352062086982601841e+01 3.542567088646579876e-01 6.852326835982699427e-01 7.609199950085099307e-02 6.026287796570617417e-02 4.192629097368391067e-01 9.014439863498723282e-01 8.565624118905224016e-01 4.650431900150387987e-01 6.346214738955816559e-01 7.950441884046876018e-01 5.556690436621023466e-01 1.836406951098675799e-01 6.505488447632068461e-02 9.671090704254640125e-01 3.507679682538009658e-01 7.375274987185320708e-02 2.125415411534677945e-01 1.979627366959119117e-01 7.684898821060363039e-01 9.023116755527492705e-01 3.325305654337747940e-01 6.135859772623698527e-01 7.839633467709811177e-01 9.529446227915885359e-01 8.803935245933960374e-01 7.063805090802554032e-01 4.144028633725962418e-01 8.060226427823283801e-01 1.805915873601059429e-01 6.299073898905253044e-01 6.017065872961688822e-01 5.895979785684946073e-02 9.830836264155299320e-01 4.215533417092922619e-01 3.135802184828887507e-01
9.817477021741143339e-01 6.087908386967000318e-02 5.421446656626763838e-01 3.395935393152990089e-01 5.911441321131105653e-01 5.821883499966187259e-01 5.727001708003368607e-01 5.473360077668411039e-01 6.917694209283151707e-01 2.460940814940936194e-01 2.790581874801961737e-01 8.606345661040665229e-01 4.607964314641421755e-01 2.718841572963892617e-01 7.921683123346667799e-01 6.844235518118002570e-01 5.472793472231829437e-02 7.004181294912725786e-02 7.557138903743020331e-01 9.886661885897324309e-01 6.602555255816833224e-02 8.834028841912617835e-01 9.289124598831248747e-01 6.655498013152617576e-01 7.534473420596696780e-01 6.944989824940968060e-01 3.225247399938606652e-01 5.970135803931176932e-01 4.665932911390646698e-02 5.569330379153902832e-01 5.435817995378354750e-01 9.360989251838629510e-01 6.173564607499915091e-01 5.332431964213995013e-01 9.614324012743383774e-01 5.509302750226161560e-01 7.610091349198440103e-01 5.697168427073265873e-01 3.140982586859950576e-01 3.193838233114283387e-01 6.686004922395164529e-01 7.295525527579262981e-01 1.724166865850860209e-01 3.670088581191821575e-02 7.677640029259202858e-02 7.983485532652375705e-01 7.199494239985880784e-01 4.790725052532238681e-01 1.073907133103660927e-01 2.043609740036833600e-01 7.247509150865367733e-01 5.745035984023344477e-01 3.194133565145830245e-01 2.835219737906099491e-01 4.274968175113436075e-01 7.121576827536819643e-01 2.932099502614876618e-01 6.299085663342627317e-01 7.864422700525396381e-01 9.547958997676795345e-01 1.203763534347059849e-01 2.127059889498510437e-01 9.191047737210955582e-01 1.997694359867067115e-01 6.424704255688505894e-01 5.300329506114323408e+01 7.184420290502966377e-01 4.410633501680454316e-01 1.289625913298424464e-01 4.266245806713574451e-01 7.479960531708431670e-01 9.864780629853824312e-01 2.256554565669015577e-01 3.826629935475619471e-01 9.814346086093651556e-01 4.153127934554150524e-01 8.480893827393540807e-01 1.044143140200661790e-01 5.669065720640239503e-01 5.598460082454710385e-01 8.740626528222708025e-01 2.142270838899057450e-01 6.122781461418503879e-01 2.043629903359467370e-02 8.036354668622812669e-01 3.519132532159001681e-01 2.235288096898936372e-01 6.462995739174742793e-01 6.637068515339702435e-01 7.491334990491999024e-01 8.676870123522147926e-01 8.553263622757715234e-01 3.536002759838311471e-01 6.730504777240607917e-01 3.899473426715063251e-01 5.619658958645545876e-01 3.219307899209495893e-01 3.017935446134130117e-01 1.435567152590309092e-01 1.869063619812140198e-01
7.040841775077245623e-01 6.407204936284576213e-01 7.098452765035528911e-01 7.104574130492786743e-01 8.248718412649567178e-01 2.423790560487530943e-01 9.375000111720444007e-02 3.529718108506455509e-01 2.889906343287074186e-02 3.374828951070076855e-01 2.081126335866032573e-01 6.024487449115838444e-01 7.425457121271287209e-01 1.131896066247267685e-01 9.804206981988876635e-01 4.144498544641981308e-01 7.961873533540226866e-01 9.869617303235107553e-01 4.109448417368724016e-01 7.742810919689878668e-01 4.086115220240695844e-01 6.812520881852067722e-01 9.499361862442392557e-01 7.784927004780716198e-01 4.519755955362199096e-01 9.610335068423057070e-01 6.726470309179360951e-01 7.397237994968429708e-01 1.638755444000483674e-02 2.413789584564021151e-01 2.087368591952936114e-01 8.210142315136033098e-01 2.819978292169263989e-01 8.886005208331376748e-01 4.251663448154694436e-01 1.809302976948714559e-01 7.796642783384128972e-01 3.745027436379010366e-01 9.626633138931438571e-01 3.777617743932526473e-02 3.830995503737332220e-01 1.222802217451790519e-02 9.254733476532069902e-01 1.713918631641209167e-01 4.602207319365632099e-01 3.642215427796371419e-01 2.860114914788156604e-01 6.928255446901099290e-02 3.770056185913762681e-01 5.887966698398868770e-01 9.354839441540410139e-01 3.184196347137636662e-01 8.897642791150489616e-01 5.902497260215522346e-01 4.950435785997702176e-01 5.048247169119616240e-01 5.368222226792824792e-01 3.364234908877290486e-01 8.397798662693589655e-02 2.455444268217636949e-01 7.742926201856438206e-01 5.984319423823947215e-02 4.678097032273448308e-01 9.746672003905284543e-01 4.737145092353423070e-01 4.726000096971703091e-01 5.057909097524252218e+01 1.748916779172073888e-01 1.716271250775189827e-01 7.589183088691223711e-01 9.713515672601081841e-01 1.546332734733861791e-01 7.048732622998503672e-01 9.619720218494062225e-01 2.101749980550493557e-02 2.658946661759354901e-01 4.514537446410452626e-01 9.753562974566192256e-01 1.997017079127514361e-01 7.722086014898947859e-01 6.603133907526942403e-01 5.661756161568255452e-01 9.573742412809794766e-01 3.991108716091831266e-01 9.629076681454203923e-01 8.378598834430719400e-01 7.487694965605874442e-01 5.548749336791147790e-02 3.439511403034221093e-01 1.723396360623371537e-01 6.156029521656593007e-01 2.939992296979457853e-01 3.725543982600185711e-01 1.403616720175470123e-01 6.094719975519341526e-01 1.759639853261307785e-02 3.401360165092344179e-01 3.874951295460028478e-01 5.975864795802827700e-01 3.798736248562749607e-01
5.595179328713464351e-01 6.926769947140528627e-01 7.270422484885263881e-02 5.765227600194613444e-01 6.848183003701320271e-01 7.893047991149729770e-01 4.712366520436279682e-01 6.269652829491610957e-01 6.019582141847422685e-01 7.536903800582254176e-01 2.548734975335610331e-01 7.436714745920045555e-01 1.261842487759821108e-01 1.816129536191035676e-03 9.844847366739434280e-01 5.796007055869543123e-01 8.860681345670370357e-01 2.972366670201788130e-01 7.588120104364978191e-01 5.029471048594506000e-01 5.739300554154238565e-01 6.661426676843622552e-01 7.164081691336158242e-01 9.132568539475192093e-01 6.785686627248666003e-01 3.200374298022533592e-01 4.774187571217834991e-01 3.432127310450309166e-01 8.723877372304300604e-02 7.699805389889641249e-01 4.565510201674261026e-02 2.009865647921116327e-01 7.679745726805853323e-03 8.334569118748955674e-01 7.423953816534994976e-01 8.162607196997873071e-01 6.227974078463677232e-01 2.150411524654788353e-01 3.073188846364084403e-01 5.614132999154851644e-01 9.587060466715919826e-01 2.554454524566951434e-02 7.848769096984440363e-01 2.930168526099817816e-01 5.292547546437706973e-01 7.843930274512053158e-01 7.368098542999702572e-01 2.119975183317145406e-01 1.580041716196989299e-02 7.886348156176370416e-02 2.535551102585519301e-01 6.864538778773906502e-01 9.124825843841697370e-01 6.028029758356950873e-01 6.072918265111171277e-02 4.628861177215233269e-01 9.215361107958037756e-01 1.980945631061814538e-02 3.772418609233163522e-03 6.942342273518276041e-02 9.549314330490088487e-02 9.103699753683570650e-01 4.408638680225989148e-01 6.432496159737264296e-01 9.328838828606151878e-01 6.049916889108226670e-01 4.527835326470052157e-01 4.775556061403908359e+01 3.933482831659318446e-02 2.503108430977023513e-01 8.749670896557827371e-01 7.437654872299392927e-02 8.194817913074909921e-01 2.635709042099010357e-02 9.215643703576464896e-01 9.171125785448869250e-01 1.603486002810752264e-01 3.969539107993808047e-01 5.005999256722614144e-01 9.696878054148816428e-02 6.789975256822530225e-01 2.948518823169514746e-01 2.003249484405991154e-01 4.129033463424613970e-01 6.261502209045164413e-01 6.541209855864316136e-02 5.753037931546138850e-01 2.199843572663000568e-01 3.728818339412359739e-01 2.531895721874186655e-01 4.436172456567770706e-01 2.027526450222547627e-01 4.999193301596421835e-01 1.664259252376565357e-03 8.570399311276364340e-01 9.921368924056395144e-02 2.012580095559339810e-01 4.203863967245120570e-01 6.553079235342244013e-01 6.028334259902772274e-01
5.965508501980331113e-01 5.349488508327414626e-01 9.424324991020357478e-01 5.123229953871524245e-01 9.400047176017712891e-01 2.980604140261057244e-01 8.639103656479016902e-01 9.538796009818033550e-01 2.895508237904383941e-01 5.739647308838400352e-01 4.144650653656523076e-01 6.846278249724935261e-02 6.321599149385219718e-01 9.753218713377140858e-01 6.875209062095382073e-01 3.366284487414812343e-01 3.734201306976525636e-02 2.801317153332094634e-03 7.862992891536424445e-01 8.159452131859813440e-01 4.565372071338056337e-01 4.274919431001080738e-01 7.072622211032664197e-02 7.025528846860611409e-01 4.099294473231207547e-02 3.453013455876275950e-01 6.756197567340054277e-01 3.345911442389670754e-01 2.909573837447712030e-01 2.237703597870888128e-02 4.841136717548659707e-01 5.374432801931924297e-01 9.353308490467279190e-01 6.499909272514644565e-01 5.087554662749373957e-01 1.871689040354287403e-01 1.463861205446661540e-01 2.984029049026348801e-01 8.608508958496907670e-02 9.532652695617577221e-01 8.769187992948769272e-01 2.929298252694196858e-01 3.588132377278233642e-01 9.958850828753414985e-01 4.709366990159985500e-01 4.155727159338364896e-01 9.508661840339093230e-01 5.755234393963593043e-02 2.338650655604099793e-01 7.796678644874799335e-01 7.240615457979844294e-01 9.394877798694067916e-01 2.486613736004097408e-01 5.595778871725606285e-01 5.486932450973291964e-01 7.324986024581897626e-01 3.158636116790000115e-01 5.901744468212192229e-01 1.286966660133108675e-01 9.722626449638225310e-01 9.689461037687139289e-01 4.649499420671419081e-01 2.097540116453457948e-01 4.914184354850541503e-01 9.718301857154348911e-01 3.596411760631561538e-01 3.493520531597651413e-01 2.114461142379959746e-01 5.149285498314972642e+01 2.820944865131154167e-01 6.872422889792023648e-01 5.858782178560099085e-01 3.864503561023701073e-01 1.978325647766361328e-01 1.057903135676727668e-01 5.475989085126551359e-01 4.840120956733473534e-02 9.201922610579275075e-01 5.889323118671574431e-02 4.714932214793572385e-01 5.600603429202525296e-01 9.916059183657724985e-01 6.102015948889317754e-01 2.329364145751480208e-01 1.171026936445941358e-01 3.275549885408881590e-01 7.434637684868300456e-01 4.661017318889397743e-01 6.193757432752655667e-02 5.656405627873793973e-01 3.310718419615981123e-01 1.229209965676669736e-02 8.701613815411125552e-01 9.110505825725010443e-01 9.973207168003063172e-01 7.298210509588712869e-01 7.209244082877964699e-01 9.271401474214328031e-01 6.090627750777337646e-01 5.501158759023853095e-01
5.438505511689500915e-01 6.196921184001649152e-01 3.797204981783812716e-01 5.395935062047078068e-01 4.004515318191480544e-01 4.477530840804014867e-01 5.257969060282247087e-01 2.959313689700470151e-01 6.370063053188828039e-01 2.644633771759368202e-01 9.830940633849698518e-01 3.792809226918743004e-01 6.472171977996765690e-03 9.444175588513181729e-03 8.105185103411188807e-01 1.880919689529443328e-01 2.915307352611933300e-01 3.399366757197396227e-01 5.822834765661367706e-01 5.093054164602250911e-02 5.713865945339160479e-01 4.364172394781389297e-01 4.389026234781143732e-01 3.058961058052482862e-01 3.943045638317765889e-02 4.233007764416958363e-01 4.770574239570611885e-01 7.973839292236173382e-01 5.276917100867617449e-02 1.456219289536853090e-02 2.904234478347594850e-01 6.336169024436698605e-01 5.508679579593617204e-01 5.555920193686518793e-01 9.118136781947803193e-01 3.063460366991702655e-01 1.717479771909026232e-01 3.889317187322022251e-01 2.771655373750396834e-01 8.776655599256764084e-01 8.460099635676789909e-01 1.308015125239202492e-01 7.925330421679827042e-01 4.650266978132319151e-01 5.779642895059554641e-01 6.950536700058900230e-01 7.125353563129457335e-01 7.528224258819057324e-01 2.538025574381040927e-01 3.723989575005786090e-01 8.938523004573579733e-01 5.157278394397435406e-01 9.757577464086333308e-01 4.554422351134956859e-01 1.988295442916547806e-01 4.002593493690820292e-02 7.603432019558931110e-01 1.545160638093442396e-01 2.595195390332047936e-01 7.037769720562492282e-01 2.391716470275440098e-02 1.269954066938305814e-01 2.064004734064897040e-01 7.401784685129387809e-01 7.059425241259519312e-01 6.914453869427377164e-01 5.234571850544273985e-01 6.478957692024241988e-01 4.109559150135834171e-01 4.813482252267195349e+01 8.706676405741292646e-01 6.887884946039505296e-01 2.185443922066621081e-01 4.558039455476592394e-01 1.799251026366266437e-02 3.907473676579412691e-01 1.905928008535974216e-01 2.611452326225298659e-01 3.232887023502442059e-01 8.431649117207330457e-01 7.320935748642168894e-01 3.616492242934836732e-01 2.996138233565496245e-01 4.661438886713444862e-01 3.743234619125365148e-01 6.608255885531701956e-01 4.338873459011377554e-01 6.105729788991797191e-01 7.160273605146005860e-01 6.537163940846635324e-01 5.680667396795182622e-01 1.599459813669890096e-01 2.221136810485114799e-01 9.080615677302653621e-01 8.671028754972938124e-01 9.981553356084515993e-02 7.871154110989765362e-01 7.785824381634389724e-01 7.582771104368253301e-01 4.856457650863363895e-01
6.610428135706686303e-01 2.360211956544084888e-01 5.791131346430953286e-01 7.951810931482312661e-01 4.213864082494046537e-01 3.857714662377732528e-01 5.190752954329445057e-01 4.486329420972454685e-01 3.868413743045168163e-01 4.894709650375724808e-01 1.826399846738877564e-01 2.177509203448658726e-01 5.152800671861109683e-01 2.380190553413634724e-01 9.828802012649929809e-01 9.209294418617667288e-01 7.090034444771241562e-01 4.330438663880875616e-01 8.814180093848700270e-02 2.827509765983818868e-01 1.721110218207060338e-01 4.342425272099091904e-01 4.509600401893081312e-01 9.981612633550849267e-01 4.149789997857559198e-01 2.420505972538101735e-01 5.876183584095951984e-01 2.290881804355400231e-01 9.604177103865381149e-01 5.576775503742906759e-01 7.981609776974943893e-01 3.748049531857313710e-01 2.858647348878718963e-01 7.325409536822863332e-01 4.085383381239037215e-01 7.893730445325102263e-01 8.720983026377940872e-01 5.901166697966030439e-01 9.825830905729600051e-01 7.907197159002095077e-01 6.407905767864761071e-01 3.598379187179731042e-01 6.752606248996902982e-01 3.202462894060553733e-01 2.761559136315042684e-01 7.291684978235222214e-01 9.780577594359066707e-01 8.668912771952083096e-01 2.027742699304866392e-01 9.561021659786073101e-01 5.932278632769606430e-01 3.373478477295277500e-02 8.930131707464745716e-01 2.093297653730969987e-01 1.084232911411150413e-01 1.418002846620315394e-01 7.948002869769029699e-01 2.831705258147636517e-01 3.383438487770920045e-01 7.820712539662244556e-01 7.494014612847311740e-01 5.550812243620327768e-01 6.388908400557977707e-01 3.810474750306525049e-01 8.134888328332148255e-01 6.202034798680055028e-01 8.684427863099002387e-01 9.044155564207950748e-01 8.610468052077925316e-01 8.239630464300322643e-01 5.607161089502837825e+01 2.216912392634120543e-01 7.162620036924872702e-01 6.111591177226841642e-01 3.299473165210387027e-01 2.332047242763981565e-01 6.421096776481112212e-01 6.347865583758325325e-01 6.994790080287940359e-01 7.549079872229009780e-01 3.163160958739834605e-01 4.931346722205190991e-01 6.711905816135935732e-01 5.529082008118287872e-01 6.601892150744486099e-01 8.408957664433179824e-01 4.212895004304654245e-01 3.874418380570707754e-01 8.544142794345758185e-01 8.601693217069934505e-01 7.024538292276824025e-01 5.195243723430992278e-01 8.092551626586108604e-02 4.973402296181356208e-01 2.220335048601603800e-01 3.683350024913940590e-01 9.356705345929389184e-01 4.776222067617781342e-01 7.276966264756813407e-01 9.520077668862020337e-01
7.478144741367040993e-01 1.680032188286287864e-01 2.925323576221414701e-01 6.204160665096547511e-03 7.412247623426492238e-01 5.532300637408912314e-01 8.233196339228069371e-01 8.898467381130744647e-01 2.756072914178537836e-01 9.921611175665030480e-01 2.098249997185845928e-01 7.900674003241541232e-01 2.221470919303456526e-01 2.189638325333103097e-01 9.729320194324755366e-01 4.635758572484486306e-01 3.944380791863072444e-01 3.561805658958849818e-01 3.867198458494567337e-01 6.552356227896224405e-01 2.088226204527977581e-01 1.656102378402226627e-01 2.740214209652906963e-01 7.541069496066302724e-01 2.849511916411340273e-01 6.379469080299975392e-01 7.182257220324816949e-02 9.571538057430390989e-01 3.236594192996842256e-01 1.420296115490983224e-01 6.318063666725132199e-01 6.803571391877283325e-01 2.600047463969460404e-01 1.871693139760923774e-01 3.279267933251571732e-01 1.833701905726641268e-01 6.030643798534295330e-01 8.806441875970868471e-01 9.119248105050808961e-01 4.315606645857591461e-01 9.237294970989105014e-01 1.244213944536333161e-01 7.743321112158544350e-01 7.285407706175015541e-01 5.140090898136915332e-01 2.943253650586866721e-01 3.293231050956577644e-01 2.803366888674654334e-01 1.225924207055029136e-01 1.898756755228248050e-02 2.665110966493440259e-01 9.473808648260361176e-01 9.862869357488095456e-01 1.258947148394244930e-01 2.790130375539416896e-01 5.218772771673403366e-01 4.780450695341932343e-01 6.071477499372929243e-01 8.732279307052418504e-01 7.602336890828966798e-01 8.390341150183182606e-01 2.700085258031773572e-01 3.426762167526403724e-01 6.036227228106646470e-01 2.051784415311896925e-02 6.310533746256182797e-01 2.985171480205273120e-02 4.481161560200908056e-02 7.432285857533201812e-01 9.174591740443838184e-01 8.652738413660661099e-01 5.016792953354722329e+01 8.473284736854166388e-01 3.925643666962448375e-01 6.777733588248763263e-01 1.257503512353383979e-01 1.023635251532106771e-01 1.087330687517296113e-01 6.560186985718698960e-01 6.450185761503629545e-01 4.941318755693003828e-01 3.268299560057066344e-01 6.903522572125654344e-01 8.000780301830104912e-01 4.941497149545437395e-02 3.373354283126691611e-01 3.851397526148385708e-01 6.844634233045209237e-01 8.424006524129843410e-01 7.411029794936885295e-01 4.002042745740838070e-01 2.597956806799609497e-01 9.383897131187085572e-01 7.714533321943816135e-01 1.789846558832607348e-01 5.605879250117773438e-01 7.295994926197664210e-01 9.536405026053312861e-01 5.285458914025669142e-01 5.648682809129764726e-01
6.736049567204825950e-01 8.323615191894128129e-01 4.965073924011709217e-01 1.668947153222374302e-01 1.378266121258604482e-01 3.568319282638561241e-01 1.419419327555523358e-01 9.626751468318514027e-01 8.862353912869674888e-01 7.917328098292741867e-01 1.791960186534219401e-01 5.484829769732488813e-01 1.915728252170796342e-01 9.349547516866817398e-01 4.688280597248635218e-01 5.924369519669531181e-01 2.560328799616328199e-01 2.668856816389053588e-02 8.379502024946129390e-01 6.953926883605328069e-01 8.021038167883524084e-01 9.437266158050761078e-02 3.316128515864035231e-01 6.544090086605820478e-01 7.700978222276830820e-01 2.075633161823561279e-01 7.355616728164070528e-01 7.831622578271479895e-02 2.354564354150334715e-02 7.007876428030778149e-01 1.480995066352542855e-01 1.609997286660530547e-01 8.266765374360434127e-01 5.356512723579411883e-01 2.019671052903303510e-01 3.283823485641050866e-01 2.334762454795642483e-01 4.551241590182648622e-01 6.809575815572679325e-01 8.898861040461095717e-01 9.135325882236022821e-02 3.231628061672879859e-01 5.844661786242126844e-01 5.638658952710279282e-01 1.902363053167452911e-01 9.391873981088879608e-01 3.392525639038412866e-02 3.733957399373167840e-01 3.476234109629828817e-01 6.741190239319160282e-01 5.152598915810201463e-01 2.081256922916083774e-01 8.924571470602127299e-02 1.498215526630498617e-01 1.384460882636603385e-01 2.547649917849712509e-01 6.496110892696316252e-01 1.647049900727007854e-01 4.318235774242907832e-01 6.637960270423846065e-01 6.212364122265093824e-01 5.092624870282934646e-01 3.834271471168934076e-01 7.521894222826825960e-01 7.421900193539859858e-01 3.510299751849590422e-01 5.699311121173452621e-01 7.282082275982451058e-01 6.003992664159762960e-01 6.712141886179772143e-01 4.240160710131820609e-01 5.990336042134987160e-01 4.784279787122207495e+01 2.392184798688514746e-01 2.512713690882576456e-01 2.693516748650284232e-01 9.532607395766021785e-01 2.139073694747136711e-01 2.048673629708264166e-02 6.696139079477486655e-01 7.862683016614201437e-01 3.890426653816742020e-01 6.037142156683553695e-01 9.664425503431492981e-01 8.947209114350618275e-02 1.692955434402058090e-01 5.503565755507779933e-01 2.659446707731277781e-01 8.088048427237403137e-01 2.375392148881938503e-01 2.228391551046789987e-01 9.416690923515106393e-01 6.916604093799729736e-01 6.183595742334094814e-01 9.018447055650619104e-01 2.859320140193025717e-01 6.902168821937650911e-01 5.537791306178209139e-01 4.392730053854662087e-01 1.485138895690854000e-01
4.393790336837424260e-01 8.198762671227950438e-01 9.896846488585504531e-01 2.102699068136999472e-01 3.814256394266607453e-01 4.030492887478540620e-01 5.611260152214475605e-01 1.169937328016215083e-01 6.969492972240275419e-01 8.163107821328834390e-01 9.530095415089681055e-01 3.254814383568740421e-01 9.928624812521028575e-01 4.096363630954599211e-01 8.271940715990149240e-01 7.047268002760032068e-02 2.940493662704039002e-01 8.491414353070847465e-02 6.573567622401661481e-01 6.851761014032541341e-01 8.245149622296585878e-01 8.199211693253448674e-01 4.019230728702244404e-01 8.421742455298623087e-01 2.463521467120459718e-01 6.842527293244489162e-01 5.843378183573360030e-01 4.209504727158985826e-01 9.360586529612290319e-01 5.060838450870034366e-01 2.952293482286174608e-01 7.851725296972457135e-01 3.713860231546517454e-02 6.553690767649059667e-01 2.069478152798913673e-01 2.848397438737393372e-01 1.718665111970700821e-01 9.426032664845900300e-01 8.855966720590925378e-01 3.388548624956555511e-02 1.802363559122617254e-01 6.605441465485263342e-01 1.874159111843503034e-01 1.345890174696073860e-01 5.250029697506055637e-01 4.722124373769595040e-01 4.029538307592496205e-01 6.103241547743003537e-01 4.045718671527174237e-01 3.132866194863925813e-01 4.711519966437868190e-01 6.403043903412292126e-01 1.536752913699283019e-01 2.124098032069139386e-01 2.717326690157900737e-01 2.297255218915574826e-01 7.596546399689998452e-01 5.059316537670563996e-01 1.186611378847630682e-01 3.209037848892809519e-01 1.746059075677286465e-01 8.857037062099272218e-01 9.281253812824590277e-01 3.174160588377969994e-01 8.281132532520698586e-01 3.898604401998808644e-01 2.705592660637083924e-01 8.317406672519533917e-02 1.689070890413612025e-01 6.440711222718195073e-01 6.372169880649057871e-01 5.131357181742526308e-01 3.719288553548134590e-01 5.123072193563713483e+01 9.577871100545232164e-01 1.542998887051003631e-01 5.286857774149897882e-01 6.568200562844019874e-01 6.719619396119476118e-01 2.198837587389705917e-01 6.660473389481880169e-01 9.363415255236909873e-01 3.305549364271783697e-01 3.506464975274190543e-01 2.604026172037283704e-01 9.028337573545391903e-01 6.570040653193562896e-01 5.481034631549519531e-02 6.152740957555662416e-01 6.018896937503430689e-01 6.475618837087562252e-01 6.877160905378422173e-01 6.112974321557210766e-01 7.719728538291726894e-01 9.090941908799050619e-01 5.494507355040895158e-01 1.565458803126319465e-01 3.626407811285999871e-01 9.571441203342081483e-01 1.742139925125432143e-01
7.826130012603372821e-01 9.047749385990179194e-01 8.014098093990462690e-01 1.706168350366968900e-01 3.509490103756818247e-02 9.937573558864210010e-02 7.308178832964121741e-01 9.042717891822766862e-01 3.495300782164281195e-01 6.124137068065971246e-02 6.985779531377834806e-01 2.650755177729458012e-01 5.948014720381725740e-01 5.946658748435369457e-01 2.935507032226236657e-01 9.293080713516267410e-01 4.626243765975079913e-01 6.232192492092002434e-01 6.156970070481467827e-01 8.586573698500111762e-01 4.310689909999212421e-01 3.565550271390449666e-02 7.346063163574938493e-01 2.566425296130027123e-01 5.482180213486277376e-01 4.146074806729026507e-01 3.347578499625741832e-01 2.222691610752225433e-02 2.979374033343166195e-01 3.288085242155726062e-01 7.482055445821134132e-01 7.938790811722830076e-01 1.935581644014465752e-01 8.428022821934594289e-01 4.977174970826331313e-01 6.196559062553036457e-01 4.621353150531751774e-01 2.146457654831203099e-01 6.071304440666268620e-01 2.826607296215198906e-01 5.530022355075494556e-01 2.484780713224565840e-02 1.304309862095132111e-01 4.671660584470316291e-01 9.585632988169706659e-01 5.363800542160500617e-01 4.293254756725857213e-01 2.134993188220526417e-01 1.148485426031202739e-01 9.875171210249095166e-01 1.432839354791461961e-01 4.716036282331175222e-01 1.165653726736555207e-01 5.225017842011170366e-01 8.939248994740911503e-02 9.899830113188509140e-01 7.477250298326063582e-01 6.465544124604961640e-01 8.411012899230331241e-01 4.613656551742029155e-01 2.693192721610209173e-01 6.020716309147136069e-01 8.007275789713033110e-01 2.774384520246935271e-01 7.766021331747704481e-01 7.337749336201333517e-01 9.323583980872529597e-01 7.892991070868339287e-01 2.885618867067729632e-01 8.388847170810441733e-01 7.111923794135516230e-01 2.922477027285902418e-01 6.869509062226227813e-01 2.724966058013401637e-01 5.241455793785210915e+01 7.781518443466191037e-01 7.086570566056449305e-01 4.415509135704150934e-01 5.366636289746335997e-01 7.762446260589761504e-01 5.503906963088331938e-01 7.329773085260593568e-02 4.009870839106900453e-01 7.264571848076961658e-02 2.406640938054838141e-01 1.306138733872644897e-01 7.502173185753600038e-01 8.747595243740471371e-01 7.674842474576618612e-01 6.849002965095059015e-01 9.943797178780536816e-01 6.195233448118221409e-01 3.234218574899740961e-01 6.084526310740302479e-01 2.456471337074130901e-01 8.682369098227109561e-01 8.497302236186000668e-01 4.987078331348837601e-02 6.092235505866626655e-01 7.712675295860718094e-01
2.161370848121154653e-01 9.613151599209427411e-01 3.734301197218405921e-01 5.341183180550401755e-01 2.271245281770163382e-01 9.617036463071606534e-01 3.529442804147256973e-01 1.932068239658276676e-01 6.542476126977163631e-01 1.982655577828138505e-01 4.264637172776511997e-01 1.625399549697924551e-01 3.575511672034625832e-03 1.617127512465774686e-01 4.621895697473089593e-01 7.812493615412549053e-01 6.809734577304951131e-01 8.908137887364535601e-01 1.742933742636824102e-01 1.731097345237800900e-01 1.998433923523503797e-01 7.248447972219279611e-01 1.965001560556568494e-01 5.916129345368376091e-01 3.334937513490949801e-01 2.803143250464730230e-01 4.405660399598486654e-01 2.839938259425326406e-01 3.865087848834867224e-01 2.611150366472636541e-02 3.422614010250443206e-01 5.920527624313849380e-01 7.335687553875913647e-02 9.868048785601102324e-01 4.463130850697871743e-02 3.268045168867599326e-01 5.333623813820875803e-02 8.373662521276964421e-01 1.600680408905319485e-01 7.573068434450386244e-01 3.049346693282325438e-01 5.531998044196724251e-01 2.265338654815611807e-01 9.370718828890668428e-01 6.310618355766024479e-01 6.133071552475932720e-02 7.785830256267830540e-01 8.318821115302992286e-01 2.601037625643203288e-01 2.277632427387351610e-01 1.651732580378963977e-01 6.082077190085671825e-01 1.040689059961833474e-01 2.016070147275951241e-01 8.680909792639095457e-01 5.018760943815842035e-01 5.866468758877002587e-01 7.237307731383768594e-01 7.757641332271973944e-01 9.262158191969327437e-01 7.059061900423581060e-01 9.889525703601445006e-01 4.724954415285192999e-01 9.474157919163895825e-01 6.109686351029508522e-01 7.523988973884170317e-01 1.761213181171229492e-01 9.977621082995512536e-01 3.920599307190311134e-01 2.487314142630566716e-01 1.908928475026621108e-01 4.290419339591754477e-01 2.944419910532299900e-01 5.681788266182572489e-01 4.070193778222683800e-01 5.151370302021380354e+01 7.825401609885715981e-01 3.925581745978998782e-01 2.139670127234813979e-01 8.706224320996047705e-01 7.241558691584518703e-01 6.700721220801031386e-01 5.728993072233317108e-01 9.082972384703571489e-01 1.169348407810724133e-01 5.941329712650889050e-01 4.702508038238077948e-01 5.480497640037773621e-01 7.972613831184151012e-01 9.560739012453852714e-01 3.895029914606186194e-01 1.894961130936724247e-01 7.193706117359482954e-01 9.914698424364191132e-01 9.875072834381553033e-01 7.959735249874824170e-01 7.199195989679637586e-01 2.337434297195202237e-01 7.584693368575466943e-01 5.707381307945402771e-01
4.789803006423121179e-01 4.167250757569994635e-01 2.352681783440494501e-01 3.015526297654117505e-01 2.004618415302391599e-01 1.207816057146222644e-01 8.593238722001262930e-01 2.113894644373016662e-01 3.339838195787725450e-02 8.424417731644145979e-01 5.227686155586473982e-01 7.975424443696359500e-01 1.303897410456444916e-02 2.918278725734428924e-01 1.663677343582736778e-02 2.770193188495473358e-01 7.960795877422305322e-01 7.799088015568221843e-01 6.081671877793376479e-01 3.079836758983913736e-01 2.500525412882687037e-01 8.923245919146395311e-01 8.165588949146296294e-02 1.061312772829734463e-01 6.573614783843976239e-01 1.515257453640392882e-01 3.493979608178573448e-01 1.072432643151521869e-02 1.838533627783334179e-01 5.166440540532168946e-03 3.204557146002119383e-01 3.197711905094136053e-02 2.925164779619302546e-01 4.347195327859820768e-01 1.909263267394871733e-01 2.667694769150185108e-01 3.404262401203881350e-01 2.589102297537612118e-01 6.999374572341608980e-01 9.497143697831529341e-01 5.521521145974039868e-02 1.211531665814035152e-01 1.738900541581891446e-01 7.920443003234046708e-01 8.528891177100330623e-01 4.912984594197508104e-01 8.565175406916591960e-03 7.546643295873128876e-01 2.887629492687415755e-02 3.028725484898096010e-01 6.190470446451644682e-01 1.316313397691756260e-01 2.093785612929414119e-01 5.509148254221647445e-01 9.264885102536725148e-01 1.267343512678136275e-01 4.328573856676803944e-01 7.697381590486013225e-01 5.065282158832218329e-02 1.427377631417605652e-01 9.333887664566399289e-01 4.924405439420106445e-01 8.388433555145111686e-01 7.616508003912123570e-01 2.872370247690131384e-01 7.279742662757996419e-01 7.805005548718784159e-01 9.994233024358534223e-03 2.046966879388801841e-01 4.103589460078893580e-02 1.493569197782298463e-01 9.346995071013882717e-01 6.691701070508452309e-01 7.353672637832847636e-01 3.447002931152454153e-02 1.195869466685050009e-01 4.222013206454978729e+01 1.687723289307119234e-01 4.102838410289695315e-01 4.115396631267677074e-01 6.557938758411316904e-01 8.548427294117474373e-01 3.846792296167951264e-01 9.015101025574179250e-01 4.193605201434957852e-02 5.220899212317440252e-01 5.990095259880122702e-01 3.332845347125924507e-01 3.102892588027877929e-01 6.781882145669400064e-01 2.000091473695335687e-01 6.506081837352130082e-01 3.947571488615260193e-01 3.737093188715373548e-01 8.193850332420692384e-01 9.864029292731056886e-01 2.829687728331616858e-01 3.428836560854708893e-02 6.254310722332805383e-01 4.886473816799585812e-02
2.575881281142963219e-01 7.445524250340654904e-01 4.583764618158959747e-01 8.350692254815099691e-01 8.453495047457411093e-01 8.679819726412622005e-01 5.014145769828780574e-01 3.374601114855917405e-01 2.731902433254753682e-01 8.279584736414900004e-01 9.668777149534149018e-01 2.973381447814088530e-01 9.498536779173224476e-01 9.722742072857369910e-01 7.885447539881562662e-01 1.462601601911482918e-01 5.881732455013815031e-01 1.935883383506189492e-01 5.221573133733704575e-01 6.587320729760582916e-01 1.786533985978888683e-01 2.498842796642839481e-01 2.909174750048979519e-01 8.877573267794294232e-01 4.443008670457093690e-02 6.915071774931048632e-01 9.451741260359963759e-01 9.853173644928372443e-01 1.695431000307369152e-01 6.835009680941963595e-01 1.152264295142180206e-02 4.087108914948711647e-01 8.852444553459681842e-02 5.067695929297615365e-01 9.869594535315044936e-01 6.416378679671042029e-01 8.712576973537223823e-01 7.244839574884508471e-01 5.317913963523517307e-01 8.593205747884558043e-02 2.473430941385301729e-02 7.382080358932259223e-01 4.129137368207327352e-01 1.134405630178507707e-01 2.786972793885822419e-01 7.330953149603558483e-02 8.044478954804279436e-01 4.284712361626714650e-01 1.484950125914966668e-01 4.420306585796252019e-02 6.304587541061594802e-01 3.047802604109166591e-01 6.025437705812134448e-01 5.712055097634014533e-01 5.097057267287312676e-01 6.406131512930979266e-01 3.007909474311275533e-01 1.517028697996483100e-01 1.692846172618284184e-01 7.458711108066237161e-01 4.712241508516195054e-01 7.865867237005293999e-01 6.861785906635373689e-01 4.507758647702341248e-01 6.046976823194125661e-01 7.622474999172021981e-01 5.215856499197246698e-01 4.114908275824610273e-01 3.415415980273498464e-01 7.973408401398016654e-01 2.077678077295463943e-01 2.055722058409518160e-01 8.390418712245285571e-01 1.785668558731301481e-03 8.170709160440172703e-01 4.348296854907199860e-01 4.526371583019734857e-01 5.085859968899026740e+01 9.329561699044217615e-01 1.815542007008368319e-01 2.646464981108646031e-01 1.742081669931676569e-01 9.521190916218512656e-01 8.799646749350054087e-01 9.303462388684314854e-01 1.026105650698959648e-01 3.946040308051910195e-01 3.663838341668564924e-01 3.849588588566701386e-01 5.996032423667589928e-01 9.767249826193813433e-03 5.679470559293031684e-01 9.338814330695741628e-01 4.592151826491173150e-01 6.955935434072593182e-01 2.137138373491846988e-01 6.721340051620843248e-01 1.677655310829107016e-01 3.156962946661203695e-01 3.330001835492135687e-01
4.560305841935775595e-01 9.858508179796564574e-01 9.265078863340586723e-01 6.932303481345558627e-02 9.834721216292566792e-01 6.442179575746287412e-02 9.162099880358769433e-01 7.252209377696423598e-01 4.680711775728567670e-01 5.764689005727788862e-01 3.786505855581546731e-01 8.270223594678735024e-01 2.163023027541878252e-01 5.040171382260030253e-01 3.314162110590117560e-01 2.147216901527726485e-02 3.676607378015577243e-01 4.123743643577125750e-01 9.054833132659281247e-01 9.009391155581210064e-01 6.617396513777389355e-01 9.199937531001737279e-01 9.687226305116553027e-01 5.857856622563062388e-02 8.795864674109462600e-01 4.770926325279344349e-01 7.326932602253298787e-01 7.103874571958577189e-01 4.825426286018270616e-01 2.915477496105369770e-01 7.296656940528021273e-01 4.864439833316525075e-02 1.932190946343688154e-01 1.931287279264336521e-01 5.238216839259451918e-01 1.544332401032426638e-01 2.772863849616364895e-01 7.240440450827986263e-01 1.555999891509135535e-01 4.452289464018787113e-01 2.096275095200440530e-01 3.065131991424917546e-01 4.293094881849534028e-01 2.315729877742370713e-01 9.694697229923021631e-02 8.039800032965581655e-01 8.811477548066104504e-01 2.651958966975974663e-01 3.701238193301641388e-01 2.631268506706554433e-01 1.212965970021576689e-01 3.187778105177534460e-01 9.670021836728825981e-02 1.499992752570744603e-02 1.324478190756430696e-01 3.320923932068345907e-01 6.996569587523372435e-01 6.153349334760195299e-01 9.689659275927129389e-01 5.191184622236943991e-01 8.017119906398337825e-01 5.470960869624721390e-01 3.875318257044524373e-02 6.397276168463970070e-01 7.386648580890532445e-01 9.369801169251428252e-01 7.939229448757464391e-01 3.218627534314203453e-01 4.895608200020606926e-01 4.608017615361222896e-01 1.666294563889756386e-01 4.664446404905995269e-01 9.390841042911504122e-01 4.277507534942023293e-01 4.867771348543825649e-01 6.141505606495744063e-01 2.958891332249846684e-01 7.460778689956271137e-02 4.939226030022278735e+01 3.703905919667517255e-01 1.427936930181574748e-01 2.324194173032405608e-01 6.968444553295547461e-01 6.080824362186423304e-01 4.164842851006925750e-01 3.991937471888290512e-01 2.520215772611305027e-01 3.634413034059991165e-01 1.682143244841314278e-01 5.037213129022428681e-01 9.557516349137606948e-01 5.485734184253800994e-01 4.845127812457828975e-01 7.151166497177945391e-01 1.824103055755347258e-01 2.969251909898359409e-01 2.854810637762342784e-01 9.747183939141051967e-01 9.781940027411301086e-01 7.250155654134059491e-01
5.002422779638684425e-01 2.047763249741045843e-01 8.096139956723236164e-01 4.394690849208392480e-01 6.473697849026520679e-01 4.186413500216071837e-01 8.752586857115244312e-01 8.926729256116028299e-01 1.257999977610435582e-01 2.399613014012071943e-01 2.460725753419863437e-01 6.565781282065531466e-01 3.911745377927555722e-02 3.091274002947346222e-01 5.535560472532319309e-01 9.600607524142228399e-01 3.131738258236944628e-01 3.466574486483773310e-01 2.013939519051025639e-01 1.541450601594854808e-01 3.081960158275586226e-01 9.889561884955010429e-01 1.668286310621596158e-01 4.097317764885566316e-01 5.566809232787753858e-01 5.025631616380418221e-01 5.546855306929202589e-01 6.722018141569027216e-01 4.292042303749896703e-01 6.475125336251641439e-02 7.981498951093030092e-01 7.254530549352944391e-01 3.936237038581342773e-01 2.623875046365291563e-01 9.543159208615767941e-01 6.103883601613231402e-01 8.525345016358543138e-01 6.310614868135643318e-01 3.155495130897613132e-01 7.845554527463823868e-01 3.895365158905051972e-01 6.283982399867544810e-01 7.317283667321593521e-01 8.358588799907669120e-01 5.827171148172308746e-01 9.904176740441925642e-01 7.822422719635400146e-01 5.957598217013055919e-01 9.200369024698591414e-01 9.537620529059974706e-01 6.128321556157620975e-01 2.177343414190279214e-01 4.731877525205785417e-02 9.209738215511958925e-01 6.270228116964104981e-01 8.206314298556065534e-01 3.047153873148797931e-01 9.199015862424475554e-01 1.085784950553587702e-01 9.248083042102694940e-01 4.704976122653964365e-01 8.383806950741472530e-01 1.536782301236427895e-02 8.666077193753908281e-01 6.582456343797089549e-01 2.106790569207019903e-01 5.680552350665134531e-01 1.400262246808245958e-01 5.647173989999663135e-01 4.082955836008452799e-01 4.136759173346964413e-01 2.120153642563341601e-01 4.779129504093754255e-01 8.003704174876010713e-01 6.892096072795017569e-01 7.477477454606017426e-01 5.256363862368015338e-01 4.411136663682037051e-01 7.579795846133974280e-01 5.382507216983658083e+01 2.301914648523700757e-01 6.561419375334657245e-01 6.916812066130202385e-01 7.278889667321694068e-01 5.230959227638555253e-01 3.561107105081074975e-01 1.324204617111222060e-01 4.627745991791372138e-01 6.163800611542274988e-01 3.368465512041326493e-01 7.952728788853329345e-01 8.022222966639792618e-01 8.737467773403684301e-02 6.202290507656305074e-03 5.335030110540280868e-01 5.303321141116694726e-01 5.276117891424588757e-01 7.313013205720108045e-01 5.241864515022742754e-01 2.269995368952981707e-02
7.971518254454167396e-01 2.980882849068444695e-01 2.655211129913696011e-01 1.026270893270613271e-01 2.205055615396442903e-01 1.072051749173503765e-01 8.298007890473031445e-01 5.871941106595275350e-01 1.301686730122770808e-01 3.060602156424977460e-01 5.607819772869804265e-02 1.506533633188534838e-01 5.962500227154324817e-01 5.770951981207480541e-01 8.553296554504318250e-01 2.681923289309181557e-01 1.330164645267006840e-02 9.676119209625091422e-01 9.822044732213551788e-01 3.895055678796252030e-01 1.958435915802514415e-02 9.605558178084971921e-02 5.259369452948601253e-01 1.423050678759569809e-01 8.237803643931707054e-02 5.301102199393793457e-01 1.504859160732976431e-01 2.059825375794567259e-01 6.291900374301685472e-01 8.425282317665147014e-01 8.108760398185879126e-01 1.846970958933895623e-01 9.123297895129067747e-02 8.815870042325953948e-01 4.775561036488946698e-01 1.186888415927604967e-01 2.084252079006456704e-01 7.648864485185161710e-01 9.926550793558973629e-01 4.831616116716576093e-01 7.135131015508646701e-01 3.426585356585702957e-01 4.553889551508703004e-01 9.573845586113849393e-04 7.526601930482383906e-01 3.303592286729587491e-01 8.215886607171851708e-02 5.629209463119744239e-02 7.363138645649487390e-01 7.654461158212590988e-01 1.878237498447521414e-02 1.480197119990389609e-01 7.968814081180097819e-01 4.027210546175905570e-01 7.930302191724591943e-01 4.129025839405005005e-01 9.087804538508266194e-01 7.869533592894976115e-01 7.530999258614934355e-01 6.997646791328727689e-01 2.101454815161218903e-03 3.832579780109535150e-01 5.005808534043671987e-01 9.161896065668833078e-01 5.205869685851415296e-01 1.039893079172630186e-01 1.093147588702647610e-01 9.082163625062734669e-01 3.864160606341113802e-01 7.498910338180007074e-01 9.310461220595329657e-01 7.569057924279836147e-01 8.177966716758126031e-01 1.692471612262489433e-01 5.907484489415820716e-01 1.568552807881298250e-01 5.422135424197117581e-01 8.127697977448170574e-01 2.066320558040646294e-01 8.262636372949910823e-01 4.848914608945518978e+01 7.410073270529313749e-01 9.694654059086464937e-01 6.646942783201789107e-01 5.848087924606578669e-01 3.664477538612826990e-01 2.529646062795658512e-01 4.784366203714862653e-01 5.491717150105346334e-01 4.963441768000028675e-01 6.869437067115883311e-01 2.470455059481526661e-01 6.243085802173959920e-01 2.141956079324798257e-01 3.336675576022151146e-01 7.224840148440458965e-02 6.627997343553290177e-01 9.432168368256155233e-02 7.942005988626433810e-01 6.385480094185964628e-01
9.831754635345354432e-01 3.586734504932093115e-01 4.439604515269038876e-01 3.995235558883079019e-01 6.700955006469269115e-01 1.406982920126088610e-01 3.466044240857053538e-01 4.702528174504060354e-01 1.287841272361798239e-01 3.892451038499361582e-01 3.801708275287909444e-01 8.897396695568025038e-01 1.928776488575444370e-01 4.131511729285334278e-01 9.386015161677851992e-02 3.922606643841725083e-01 2.848199052713346058e-01 4.965852218692424769e-01 3.530443661793644106e-01 9.225311659325611258e-01 3.102840224070511077e-01 1.830199148716897817e-01 6.806692674795010722e-01 5.721922252954680932e-02 6.905711126534365141e-01 3.827798374686505190e-01 1.232974223476079878e-02 7.641580939590909560e-01 8.286139877900278172e-02 1.832862711911970033e-01 2.707607083990684060e-01 8.612874186626118256e-02 8.901762586910564323e-01 9.861614764148519674e-01 8.915349231499010152e-01 5.937082726745309680e-01 5.273775344669082710e-01 8.294163314646714191e-01 7.303914646913953757e-01 5.158414683166585579e-01 3.044542866774044843e-01 2.668680623107089200e-02 7.719495671439093876e-01 3.991862082999810823e-01 2.693376914032559188e-01 1.594225182142650077e-01 7.252238826355519308e-01 8.482203855740911846e-01 6.242615274805349834e-01 3.880112005547858844e-01 4.850323503993281271e-03 6.702453718196407229e-01 3.021434661005764077e-01 8.505418546858352080e-01 6.513830689209876290e-01 9.617502998895249844e-01 6.446530957954550445e-01 7.038151926616138532e-01 7.879728135381384169e-01 3.809669253636761566e-01 8.194318585882410799e-01 8.974575754938746153e-01 9.737589713327280405e-01 5.045796280229816189e-01 5.964432708977467357e-01 7.737950574086154276e-01 4.494931818986128702e-01 9.232080005884841789e-01 3.934717447589771711e-01 2.573309989921644947e-01 5.319175759665473180e-01 1.872607598036695187e-01 8.271751206021984437e-01 1.500252185865859067e-01 6.780998622233180839e-02 7.592294902240610543e-01 9.631861105374867060e-01 3.393128002114138564e-01 6.823719223913414789e-01 2.549862303221850368e-03 5.830711499730683034e-01 4.875621035864071473e+01 8.232524638518742277e-01 1.738135216426278662e-01 2.194623370077541935e-01 1.048519969266789031e-01 1.620057314010100447e-01 7.898012776628983156e-01 5.246319268233964328e-01 1.878007452910821495e-01 5.479790278552852945e-01 8.320673807924411358e-01 2.087775862536090932e-01 4.151492848091198340e-02 9.498218447047198643e-01 2.336292002097880571e-01 2.910235011755217815e-01 1.799607771089370978e-01 2.498502744649103713e-01 1.382596116719181367e-01
9.194054869489536319e-01 7.511661842428726255e-01 1.297733131308915766e-01 2.929328826839722177e-01 1.021264456778654406e-01 2.490066608116368041e-01 2.352493787206282327e-01 6.439849174099691043e-01 5.319667084811356972e-01 4.086902457019787605e-01 7.279405420607515387e-01 3.581831905116131809e-01 6.804719599303246103e-01 8.773486375104800894e-01 7.043103622257723684e-01 9.900674283654808949e-02 2.062291316872462144e-01 8.148041726063004475e-01 7.627489586329061488e-01 4.231578919606987510e-01 5.876416057776482349e-01 5.734249637018734580e-01 6.660035412091649398e-01 4.959066984448146087e-03 4.659513220653310750e-02 5.206523849006692295e-01 3.433965870279195309e-01 1.197142535785280515e-01 2.082736255801370673e-01 7.000799641176519428e-01 6.001567953452657811e-02 5.995445892560988810e-01 1.876463698396169111e-02 7.356851853538665109e-01 1.391348926731160729e-01 1.660692514859266611e-01 5.742808391509925947e-01 8.820724881559012243e-01 5.417043297106227673e-01 7.570980274112421027e-01 3.196176434881222717e-01 8.243654810931433374e-01 2.416002622715724968e-01 6.146706825672682006e-01 7.870810049903212979e-01 2.143852622709812028e-01 4.757217297963277636e-01 9.210190285994154236e-01 1.893741854164749938e-01 2.962026641490920209e-01 1.933820838540751819e-01 7.647591852626781650e-01 3.454340052563698027e-01 2.839955069468983462e-01 7.306512308411539092e-02 9.870497950793513109e-01 8.314757931999636753e-01 1.892182208954845679e-01 7.142823711006548448e-01 3.372314937164178072e-01 7.997096871840709831e-01 8.651652280174355614e-01 7.314037110677985565e-01 7.781196463973020228e-01 6.465603994234184748e-01 8.992793854891169003e-01 6.364182035328795894e-01 8.912540811780776950e-01 9.433857894029678004e-01 3.614133180268656043e-01 2.779163898052849913e-02 2.841479881095462234e-01 3.649442442513826101e-01 7.375277202090846362e-02 3.080646946518299512e-01 6.957129711224020463e-01 9.452658195038994293e-01 5.338954864454160676e-01 6.691521234878281543e-01 2.671574774399065877e-01 9.766803502485887911e-02 9.002371096573558162e-01 5.093435382054903471e+01 6.590564386542013819e-01 6.971349314808121811e-01 5.035080846336499327e-01 3.994681803786744867e-01 9.974341134122707286e-01 3.671762091710168985e-01 5.068891220586999591e-01 4.470810875801477513e-01 9.689624354268010498e-01 6.042586579456759033e-01 1.507165847234219758e-01 8.568078240506413756e-01 5.343431435132504070e-01 2.514953677846776259e-02 4.914647933461032681e-01 5.866625015435452672e-01 2.956614176874471367e-01
8.502240181959997978e-01 1.224320095571975742e-01 3.095064360273700466e-01 6.198965950658644752e-01 4.195402812262923886e-01 2.615333601230570570e-01 5.707442056837895850e-01 5.756958321951571866e-01 6.393865089713277605e-01 8.984300651336644128e-01 3.022619830615794756e-01 8.526156123679939913e-02 4.988745806207549593e-01 2.272260795476011008e-02 6.173922829629735487e-01 7.969075647957979402e-01 2.348160216522012789e-01 1.289733181031416098e-01 1.254643294358217531e-01 9.478799590215570836e-01 7.610350993623599125e-01 4.947042138725215032e-01 7.070262990369862166e-01 3.535283990707863699e-01 3.775844398706406091e-01 6.415813165153572140e-01 4.509776502731498438e-01 2.540353454921223664e-01 4.847613483938522094e-01 4.914865384935962478e-01 3.602753957851594357e-01 8.812724729732779316e-01 1.500948237743501279e-01 1.768541593663359723e-01 5.943382183252515771e-01 5.007004106307779701e-01 9.560487945728338710e-01 3.284287270107769663e-01 9.146483864445569267e-01 3.433880518574380369e-01 5.065383380337795671e-01 6.110694496777553386e-01 8.166720214937016609e-01 4.139433559342418079e-01 5.092498508967424620e-03 2.084145639655828885e-01 1.849473102416264725e-01 4.150412341788780601e-01 9.042201966710865513e-01 2.608044338322997868e-01 7.111645224663866172e-01 2.059574606071864489e-01 9.528560619923456265e-01 7.174780012986610167e-01 3.578867938092327172e-01 1.699450319645997576e-01 8.574987652996756138e-01 8.625675300046450333e-01 2.833878030026135697e-01 4.565821360562805076e-02 6.941260213268304335e-01 4.651303636641825889e-01 1.237605870322913137e-01 6.960421507441733047e-01 9.483104406110967055e-01 6.802917460014655804e-01 5.191023976510287241e-01 8.790952765969262117e-01 2.088991640475073019e-01 2.251820386077207914e-01 1.961232373721877309e-02 7.836281130091541369e-01 3.668530115627314236e-01 1.324024096144847951e-01 8.230229862522521200e-01 5.581213665868342000e-01 9.979662481953688324e-02 4.496698096589174520e-01 2.467960396243955579e-01 9.238432583663214182e-02 6.254683878720953549e-01 7.630136453516261907e-01 4.257390699258881694e-01 4.933239140269682821e+01 2.888853978894385666e-01 5.602044483185707469e-01 1.095364825299108835e-01 6.432814091393167510e-01 6.303660248779849873e-01 4.732860391036795011e-01 4.356243966580042315e-01 9.133687614577266078e-01 3.122516537891033561e-01 8.666042529167377051e-01 7.040798150494612662e-01 9.930844526609461376e-02 1.329753149520818134e-01 9.712135654672494622e-01 9.578330514604663781e-01 4.357580767142033018e-01
1.305146027639486617e-01 7.790278852090924966e-01 5.006798285104935298e-01 8.609793285930175122e-01 9.324947075165214150e-01 3.071071082926303264e-01 3.550796593474958573e-01 9.432666883454046136e-01 1.872843556562128198e-01 8.560754001290965531e-01 3.534524631054655197e-01 3.331910892847812500e-01 6.629538542998776318e-01 3.771816770004992048e-01 5.109234974012655250e-02 8.566237070408080356e-01 4.928869909477351374e-02 6.300019329484921604e-01 7.251455693217334630e-02 5.009940777561483483e-02 7.898364207771439993e-01 6.805131589350804644e-01 6.574077096010572108e-01 8.005596479997268977e-01 2.801860600355345898e-01 3.279888649901177011e-01 6.610379687191766385e-01 6.635558849913814061e-02 2.299063061266681807e-02 1.063979351576873622e-01 6.819752722851424309e-02 2.715318669195991852e-01 4.148393108355596937e-01 7.956837298875374387e-02 5.319303629001964628e-01 1.000818866791830519e-01 3.428414959451173694e-01 2.282987250126142786e-01 6.948362135501791048e-01 8.587447070988971642e-01 9.387001206190875857e-01 5.373209938820301401e-01 9.193015529254666696e-03 6.622908339487645346e-01 8.925854069061774920e-01 5.648166334911439712e-01 5.950688081121398021e-01 5.068106482629912701e-01 7.098694667911278344e-01 2.456312465076906371e-01 9.609219712046891404e-01 1.660279497227867829e-02 2.249175079494342144e-01 7.695301356810537730e-01 6.642573120263425279e-01 8.661793190129170039e-01 1.447100084320853686e-01 2.138815445576668361e-01 4.441200153456880129e-01 8.145858548159584656e-01 7.232461789826667431e-01 9.948941461606463088e-01 3.622203256884282130e-01 8.576475622155709244e-01 1.825839629667341812e-01 5.122892873542320702e-01 4.319163426389824867e-01 6.399954722125833495e-01 1.044623042978461980e-01 9.747319816738464482e-01 8.932718844467066877e-01 6.453086224731219289e-02 3.935609831788432489e-01 7.063235085330288321e-02 4.750980196004794820e-02 3.112502669899804841e-01 8.263297597567426100e-01 6.345950957497045186e-01 9.969341119223684711e-01 5.360947130700532970e-01 8.287339397159987353e-01 1.052277800728544932e-01 7.448625807261266552e-02 6.828557891003442792e-01 4.742269643732220175e+01 4.176388415542165999e-01 8.173887410067526282e-02 2.147858210664761458e-01 2.881315167759315177e-01 2.515030581942766519e-01 5.529516768686781880e-02 9.626929695721779812e-01 3.515488335579327606e-01 5.668725576250718268e-01 3.443747797087729490e-01 2.767621512623243962e-01 8.466823302583736943e-02 1.844801357377267026e-01 5.219755935026627602e-01 6.778848227333743592e-01
2.968015892245455811e-01 1.949946333128486087e-01 2.146107631121563220e-02 3.078628143494496205e-01 4.741110528473477803e-01 2.548853108133586343e-01 8.587308919056657608e-01 2.278733774942597323e-01 8.204469513909916634e-01 2.508190674515119456e-01 1.072671091492954920e-01 5.703198368979993660e-01 1.779001118729384157e-02 6.371062264282882914e-01 8.015343913076187210e-01 1.812019651020442268e-01 2.256693228149344588e-01 7.804997056248795806e-01 6.410252531491327233e-01 7.019857121447148351e-03 7.367804649378674187e-01 4.311880180851450639e-01 2.827064196542197205e-01 5.042298272186768182e-01 5.071684868990717909e-01 5.389541658412040359e-01 6.292055435623020720e-01 3.754954791536712078e-01 7.757380821945814020e-02 2.476336459049152117e-01 5.150312450477734227e-01 7.769203988698449859e-01 4.724737156046169284e-01 6.543180498240007692e-01 1.182651014656771471e-01 2.327285950043304075e-01 1.914001691083910828e-01 1.763180626783725780e-01 4.711077877517565460e-01 3.040637925657985186e-02 7.772469363664439301e-01 8.869604869456996221e-01 1.086587333019827240e-01 9.216644893807417471e-01 3.387890502491347489e-01 5.374191387602481607e-01 1.128834269811421764e-01 6.110744187808445638e-01 4.278270328137363521e-01 3.711621786592314010e-01 4.091394313026220919e-01 7.974729602220602676e-01 4.776835875060330139e-01 6.302304365798025998e-01 9.599433666606982385e-01 2.456427330615236215e-01 9.508372039276914434e-01 4.889240142396414912e-01 1.827842526816206847e-01 9.832654870985265694e-01 8.670187613843552965e-01 8.918529682415951010e-01 2.192332927189480918e-01 1.106433737060135147e-01 5.143270382717138878e-01 8.780633272174787063e-01 1.707147064611960197e-01 4.670277285307807835e-01 9.106108021826888610e-01 3.179349682307097691e-02 1.450392575239558557e-01 4.588600086603654704e-01 7.934413391147689953e-01 6.436750523881710206e-01 4.071269395624542708e-01 8.478377972579880240e-01 8.062487661136467088e-01 4.446702034407957749e-01 7.077814334362209081e-02 3.050549535173953108e-01 2.907866229208089237e-02 3.059669583193447284e-01 5.982751021497401123e-02 8.906702446740104584e-01 1.827812190086797184e-02 4.481929718421935860e+01 1.072890422759675833e-01 9.567567098510143531e-01 4.673927364892501712e-01 2.413801982654626421e-01 1.157543156512504945e-01 6.514699936207047903e-01 4.235419065297263419e-02 2.161163601807374324e-01 1.889303651805406270e-01 8.099479603193537880e-01 1.618021118624920485e-01 2.368560729311280921e-01 1.011381341366749398e-01 6.516173650155756558e-01
2.311172451964337293e-01 9.384016723128786319e-01 6.469606482639100875e-02 5.555127386969955783e-01 2.229990655008678990e-01 7.534814615201728127e-01 6.937662954739003407e-01 5.710696070058459695e-01 3.905177122568290748e-01 6.661191093622746973e-01 9.832375597939692069e-01 3.025702534199776750e-01 2.507670835836633971e-01 8.662402541367207887e-01 7.309277944115003534e-01 7.035322442805571619e-01 9.785252980386460742e-01 1.420656247020884999e-01 3.616449371744229202e-01 3.003247380235921637e-01 3.220446990462767500e-01 8.732417144147953669e-01 1.032467332197034571e-01 9.720129016391656496e-01 8.741549395474008666e-01 9.870080006236883197e-01 9.352848375234730227e-01 3.072841108540561583e-01 2.880213078064058907e-01 3.399251453628738817e-01 1.952293582963697816e-01 5.023049266822794401e-01 2.500647790735354148e-01 4.019965196379748917e-02 3.227702121214511832e-01 6.553509261642125328e-01 1.054105520405690388e-02 5.640730544567106319e-01 3.434691838921906104e-01 6.186746750505667247e-02 1.783891720533957725e-01 5.377157786586088672e-01 7.736557769701010168e-01 9.498040220120760324e-01 3.734585218226087466e-01 7.009560440925782787e-01 4.316713479357050520e-01 8.418506371162421953e-01 9.334274430431777070e-03 2.538864031980447855e-03 5.008151814653306610e-01 7.826086675427001982e-01 5.028206505733746612e-01 5.020205310959104938e-01 7.573489091220840796e-01 7.588351178406478326e-01 5.179243256254941752e-01 9.634647162807741250e-01 4.100967777590832641e-01 5.607877194556100120e-01 2.925833758619638125e-01 4.633359957153571074e-02 7.094629813231960735e-01 9.514426887700330182e-01 3.911709115762257438e-01 6.105364629664380427e-01 3.646346187996774013e-02 6.491050109405526181e-01 1.459920696622899472e-01 1.499452921288502161e-02 9.680363053901522852e-01 8.639432973453713416e-01 8.788646643963989868e-01 5.103344062291835792e-01 7.200377565933330226e-01 3.133999981833730519e-01 6.791723649420314812e-01 2.729310652062998388e-01 6.292780908707535925e-01 8.773910787140662970e-01 6.726047129342761499e-01 8.639116392893035901e-01 9.534669143700225113e-02 3.030663749832250842e-01 1.405821720686606380e-01 1.041565220232573141e-01 5.414035178524992631e+01 5.076122336914479227e-01 9.251472562878543249e-01 9.738812957518574454e-01 7.434943067716837106e-01 6.055703328857022782e-01 9.192972007857846961e-03 2.314540053736809933e-01 7.752125928113344777e-01 8.100430687778970018e-01 3.765924117388073089e-01 9.973518565679330150e-01 8.608564318270964799e-01 9.984839357509480706e-01
2.034531149389030569e-01 1.934606177292432783e-01 2.300421876632675611e-01 5.047910440208869254e-01 9.876203646748548115e-01 7.368844888911781910e-01 1.227602497865528663e-01 1.550181456760469922e-01 9.788192520182593670e-01 4.699222310808278680e-01 4.350415713095411308e-01 7.737274636066581168e-01 4.993229540440896619e-01 6.079302766136648328e-01 6.275722259543009551e-01 2.572025348431224989e-01 9.036189398239191650e-01 3.309303088020582040e-01 6.542380203235975689e-02 1.365739993531007723e-01 2.758010625145473904e-01 4.578261537424089811e-01 5.060560059462679838e-01 3.726669177767830687e-01 5.496853173689629779e-01 5.247571208398682518e-02 5.316290864898572943e-01 5.588206260883692433e-01 8.741558793984351983e-01 4.186467452378349607e-01 1.636674304997405294e-01 2.099177887237795304e-01 7.727806201035877232e-01 3.508047597556197550e-01 4.322903499599090038e-01 9.209215336816070074e-01 1.174023447156824496e-02 4.734357335628924801e-01 4.378932764153385948e-01 3.115203361886645927e-01 5.129080536831025494e-01 9.877335268075089214e-01 4.274920614180164335e-01 1.681879095372053046e-01 7.394565979013196788e-01 4.198083403349138765e-01 2.929571626577257559e-01 6.066266096760264404e-01 3.622156397466664846e-01 7.342833278050009405e-02 7.109045173232203529e-01 9.412003761252916156e-01 1.547415001326097883e-01 6.966190734012257524e-01 3.805505730203216919e-01 9.808493535911989580e-01 7.715693566199685050e-01 9.998622548899473994e-01 9.047931364729719927e-01 8.991646200606118189e-02 4.538185491251072179e-01 2.599826099241167032e-01 5.317366074361741246e-01 5.907300519117132387e-01 3.736617800188649641e-01 1.152231457736566655e-01 6.872258791371934628e-01 9.384479927573089464e-01 5.234288516321736751e-01 7.373160270419683027e-01 4.798915589970123019e-01 2.546740999031306130e-01 2.576561799322129032e-01 2.767799239974066960e-01 6.398468216027553002e-01 1.084678298625666448e-01 8.778548129696311930e-01 6.022018950377654445e-01 2.216418427190645080e-01 5.773576868339515000e-01 8.912828547339269880e-01 2.267430166338101349e-01 3.840961654372088141e-02 8.145108250264462280e-01 2.104743185982522746e-01 3.188767657810412937e-01 1.668838689855470792e-01 4.875062672778316397e+01 2.256592009275216748e-01 8.811901641625077275e-01 2.197922014106302724e-01 8.236668335851057288e-01 8.325432409129573941e-01 1.344720105108930808e-01 7.561195812160959040e-01 7.343468751678048356e-01 4.964608046739565905e-01 5.271458536310258403e-02 3.632963574416945285e-01 3.439428043445647010e-02
4.267357071362191112e-01 8.154135638827956223e-01 3.100826101866963613e-01 5.222558479300731804e-01 3.713252765733465743e-02 3.603971689948382018e-01 6.587011540518650232e-01 4.508711186668820092e-01 6.130983941174138474e-01 8.711529290800937853e-01 3.942966193803865149e-02 1.718166256258557567e-02 6.090869881092475513e-02 4.487573991344181445e-01 7.932855056222354317e-02 7.175662963406688188e-01 8.919182398382552446e-01 4.892118223806117827e-01 5.003343139583608101e-01 3.312465955023964348e-01 5.036315004017333230e-01 9.606518972570399217e-02 9.018146234197618183e-01 9.387124073415934467e-01 5.876669662638867031e-02 3.287736672685791506e-01 3.234812861108493642e-02 3.329811348295520501e-01 4.223146537463002836e-01 8.122230027543480002e-01 9.475976434984400010e-01 9.339363739497402728e-01 1.932437304086481733e-01 8.528237326490485382e-01 1.342290925490855491e-01 8.451281929183382946e-01 3.384718717119789000e-01 4.511131760446918104e-02 5.473240466019272388e-01 4.776511353306822638e-02 1.405158694099579719e-01 7.511239101476085978e-01 1.233109094386538596e-01 3.736830393725798505e-01 2.528628622200606024e-01 2.336170938243009587e-02 6.415563738570654317e-01 9.045570559036359981e-01 8.688442529114939195e-01 5.338680300265319367e-02 4.980284136256394323e-01 8.055318967991758061e-01 1.972686054895477215e-01 8.944364718934116887e-01 2.770774044040402728e-02 6.653117503430302504e-01 3.471908298126481496e-01 2.215322158060601954e-01 1.436353718812374280e-01 4.001166107055686982e-02 5.904667818508985144e-01 6.033091513184303256e-01 6.491015193128133465e-01 9.230949636293795946e-01 8.823339613733032216e-01 8.575822976048829149e-01 5.196602640170976395e-01 2.082931363241020684e-01 2.870550429122521452e-01 2.956278457659557990e-01 1.219589393772524399e-02 6.892732066407719627e-01 9.688452538911317413e-01 1.180093040609907495e-01 9.284913166424640929e-01 4.319609439449810795e-01 9.475090639296586126e-01 6.706006991320037081e-01 5.621852003315553903e-01 2.630920469915725146e-01 3.962626902086693326e-01 3.396566438841908120e-01 3.001567794514776732e-01 2.286136818721209440e-01 2.421141182402967162e-01 3.211786263962839172e-01 2.562142661773147978e-01 2.785039261782216169e-01 4.677651153827385144e+01 6.649902276168960791e-01 8.789127252062584050e-01 7.847683930590251267e-01 5.426083732051605324e-01 3.380991445178164190e-01 3.400558690525918859e-01 9.791708180793864402e-01 1.636841770046864042e-01 1.267825611190929180e-01 4.271244569450770578e-01 1.275601887211943453e-01
4.677917338386926582e-01 1.435532403140895585e-01 1.685213984324437364e-01 8.840296575405983681e-01 3.942753031057044666e-01 4.717151306564306701e-01 4.291250394789711819e-01 6.770599278223706774e-01 9.128231429367705818e-02 2.386022161074122794e-01 3.023067842195035215e-01 4.230519925421821759e-01 1.006407853317058398e-01 9.124579073752446812e-01 3.113936649114257271e-01 9.964922150433185299e-01 4.983028347590257034e-02 4.916534310693999599e-01 5.567405889573406874e-02 1.060408425072471017e-01 5.539934863393048969e-01 3.484348724095354122e-02 4.458860942024962526e-01 7.240469210726981908e-01 6.434401675293854872e-03 7.330576901344918461e-01 2.844385561502175142e-01 9.857945271103002449e-01 9.843504036307931804e-01 9.016406115600266169e-01 2.675732173224181221e-01 9.805007521701354367e-01 5.826573113288954220e-01 8.458724226825273806e-01 3.549153573051622157e-01 4.031382177625175700e-01 1.773201364262059210e-01 2.184820882760196703e-01 9.928834938815035427e-01 6.120595017501474500e-01 2.396348723308495687e-01 3.192959618206522299e-01 4.138538126930683125e-01 1.064486970901498131e-01 2.255775059290687778e-01 9.400030803498576892e-01 3.860391466768473556e-01 5.893554823338486015e-01 9.964805590562575421e-01 6.642339451051808563e-01 4.642759143043575509e-01 2.397848546632711519e-01 6.018940155828506056e-01 5.365923089156414694e-01 1.727166147652309247e-01 5.955061493829976182e-01 6.353000976362931373e-01 7.856919809282072453e-01 4.234553062224393205e-01 2.489241458174129562e-01 1.774273991937462824e-01 2.440621164624938721e-01 8.599404330202977675e-01 7.599609459775107378e-01 7.638575566328734689e-01 6.393839238748877385e-02 4.839255928529149209e-01 2.260230512976966200e-01 8.679118427063470254e-01 5.862519089802916694e-01 9.419935472851660441e-01 3.755615299797990803e-01 2.062883217478675979e-01 8.609297763935611636e-01 1.727661548889024568e-01 4.456704148463950244e-01 5.328122164328793486e-01 4.041092479429840845e-01 7.686596037148040184e-01 8.256152763380226745e-01 4.491239658086726427e-01 2.889259432873902966e-02 4.778367825534934887e-01 9.820954729716595555e-01 3.978792330670487543e-01 8.596402762592543212e-01 1.588720625398420960e-02 3.483185298858870738e-02 8.988944493833445071e-01 4.941960257455899352e+01 3.762002469726919429e-01 5.924706463106387266e-01 3.072576439403973403e-01 6.045499895408155133e-01 6.252951196808065326e-01 7.285342237883297711e-01 4.434177471473080834e-01 1.087307203354465068e-01 9.554119752905695373e-01 7.955612434006509304e-02
1.358206279987760334e-01 4.602497453254458248e-01 4.301843571278672895e-01 7.444076076896750660e-01 4.535292993934540995e-01 2.176820483289717556e-01 2.165577523736736953e-01 7.313857700489853064e-01 4.098916777031880176e-01 3.784411638484741491e-01 9.284024782544982868e-01 2.892432961677595671e-01 9.543648013564387522e-01 4.165608806952798560e-01 2.199600967947152874e-01 1.952502215249048989e-01 3.696886452692884628e-01 7.749637836430316451e-01 7.167936701684675116e-01 1.006368487030628867e-01 6.813542884609318229e-01 5.143878061681652625e-01 9.638002570817498782e-01 1.247520406502466983e-02 8.469851470874639743e-01 9.184903959188693845e-01 2.211966058495203891e-01 5.978485617987666645e-01 7.388845865825789394e-01 6.503145408470438760e-01 4.400106574069221343e-01 6.925585848351875073e-01 6.704391705639826116e-01 1.577668781540131349e-01 9.674446667776238629e-01 7.471942158568083414e-01 7.351698200413950834e-01 9.340810003932534800e-01 5.808493438045370105e-02 7.531053475318205681e-01 6.666387146126280250e-01 4.486000007377333176e-02 3.396392976295786736e-01 7.980180539660799433e-01 5.140253518463999693e-02 1.528572850665081972e-01 5.738090407226684730e-01 6.225503454625135324e-01 7.715698696069642759e-01 2.174890265162175984e-01 7.575496083190551566e-01 3.579249122356132906e-01 9.015657271880413992e-01 4.156565191398065018e-01 3.250892790722147430e-01 3.177137174447119961e-03 1.109281517031951436e-01 3.033845023465409074e-01 1.413491568280791366e-01 8.473482289285719782e-01 8.690248646861553627e-02 1.566501775949975528e-01 4.764061238256986908e-01 7.463274940897332010e-01 5.538361645721333604e-01 2.574171256595840784e-01 3.512709258820999603e-01 2.706469888355772513e-01 4.218391014382723014e-01 6.648627155232500474e-01 8.201379379347164544e-01 4.945388113444352252e-01 3.534608852805375401e-01 9.086797291950613475e-01 9.506621122022904657e-01 8.700846103768433704e-01 9.126602220158607226e-01 8.240707428634578280e-01 5.724934338566484149e-01 8.341746178911491061e-02 7.958970149489378310e-01 2.816946478038448998e-01 7.638619950939851133e-02 4.076427895114681510e-01 4.411334328452154452e-02 8.489902138104593599e-01 9.202025711787678031e-01 5.681751886609984759e-01 5.319928483095510696e-01 4.313839733886399852e-01 5.165365431969394905e+01 6.804616599976984759e-01 8.421885991035438224e-03 5.902207544217240587e-01 8.777367134687547034e-01 6.410002164630543842e-01 3.357390292039363899e-01 7.491013532176169498e-01 2.611170345966831174e-01 6.125358208613762567e-01
4.840663267909861567e-02 1.262814167557400058e-01 5.315039008744922855e-01 2.798113698300267460e-01 9.559317049906752572e-01 4.318820677467943847e-01 9.300049924820719127e-02 6.355132918387368379e-01 5.316779802426132573e-01 7.780309654389697682e-01 3.110301064344929145e-01 4.553041070147085811e-01 6.909109764960545963e-01 4.899019539375941701e-01 5.567967186928247658e-01 2.851801017036107444e-01 9.203901788840851417e-02 4.858153289773757821e-01 8.153057502316808369e-01 8.152741192845838203e-01 9.068077497373272511e-01 6.141628084289995071e-01 2.429457987750660575e-01 3.377603211087754076e-01 7.680965915428242807e-01 9.954904080443660597e-02 2.793750319304810770e-01 3.939086290255791045e-01 1.089845706617057486e-01 6.533157813730797736e-01 4.993122950172312891e-02 8.130638579443958402e-01 3.603802726634414144e-01 2.129910993414769749e-01 2.918809007662273025e-01 3.172526372338876355e-01 1.773916842250543580e-01 5.643624392028311343e-01 6.284301743849576294e-01 7.396084293656504105e-01 3.655362997358002630e-02 5.169191642029706824e-01 2.303384433796201725e-01 6.034567902458817246e-01 7.321109277056044862e-01 6.409888611041678619e-01 8.339281830270117712e-01 7.091679164200115348e-02 1.252552683113185017e-01 4.708576440785520179e-01 8.220776810044474470e-01 2.076348726878279871e-01 3.723471559658965147e-01 1.255863313454601560e-01 2.195421163671439357e-01 2.805681457088569086e-01 3.036098258958097595e-01 8.014676959302053927e-01 5.532124507962909998e-01 6.704934564009596976e-01 8.459629595337053720e-01 3.681987665053709780e-02 5.537228671136773528e-01 5.226330995607353369e-02 4.559906310710416522e-01 9.782032528945978633e-01 9.157789797953174160e-01 1.434365856311425880e-02 3.212349728310561758e-01 9.390503996809556053e-01 5.149773611504351312e-01 1.651676157499250008e-01 8.680839685351353641e-01 1.152338288285056356e-01 8.313326572201895637e-02 1.956938467096488443e-01 3.036071408275564654e-02 5.379876849655953475e-01 2.375985332273499173e-01 5.528674614503460427e-01 8.757750311749599170e-01 9.835046304797907535e-01 2.824363481139201548e-01 5.002046028368293262e-01 1.595836144382193345e-01 7.090309120251654385e-01 5.212264095248574369e-01 7.203553017490813559e-01 6.657386135398394300e-01 1.185848913815007455e-01 7.418413462047155349e-01 4.633021487059973254e+01 7.388514351631064736e-01 5.674729831239834210e-01 3.720717320145007223e-01 3.741637142113697356e-01 3.451302920002652375e-02 7.456851468038758757e-01 9.828341045865879311e-01 1.678320370613686219e-01
8.341839938828288226e-01 4.267387423252140266e-01 7.009394377461629633e-01 6.094936619134314615e-01 6.619780095651828233e-02 1.939804336816814967e-01 2.701852593908035116e-01 1.482429450385404079e-01 6.497936452607169233e-01 3.340652048234633575e-01 1.586602507239637250e-01 6.102955324894752120e-01 2.354208697902060443e-01 4.230956772862300985e-01 7.405155554022134767e-01 6.596924942588081597e-01 4.253881412716131738e-01 3.309405454743140629e-01 8.740059208759634046e-01 1.891382354095930696e-01 5.645669135798190297e-01 4.767869503577322199e-01 4.838461791843946536e-01 3.344542153094687276e-01 7.363343166408861107e-01 3.236083319948819259e-01 3.501022695206592594e-01 2.659749586026701751e-01 3.270673242409237735e-01 4.247316126079168086e-01 8.750019058184315135e-01 5.627013822783138997e-01 9.391717941856478902e-01 9.843247955774540037e-01 6.979914425097475394e-01 9.762625520920492628e-01 8.418048728099069011e-01 7.784286138028277957e-01 3.952134823045653222e-01 4.851579689072302859e-01 4.950285345685200289e-01 9.077499569276006319e-01 9.748472732304074295e-01 9.074843238228569309e-02 2.293026075113401285e-01 3.513016816221232741e-01 9.474335134368784272e-01 7.225311336237838500e-02 1.956849031120388993e-01 3.306892257771599786e-01 7.442344549275019538e-01 4.311419516417420716e-01 7.566410868048442095e-01 4.576072343745118953e-02 4.404204604792090194e-01 5.027588317610659496e-01 4.318281643756993748e-02 3.593681330298855725e-01 7.260901631996730110e-01 4.907935875491813427e-01 1.675101453445190236e-01 8.970545196118300257e-01 8.374022444196246306e-01 2.446529953829374993e-01 7.090763524764481796e-01 8.889023726790891144e-01 8.522687079677460087e-01 6.400902432793952324e-01 2.418723209372022342e-01 8.316443965633883995e-01 3.491435531909979906e-01 6.567833386563550757e-01 9.720424476674276448e-01 4.415978764990358130e-01 3.103646990433096553e-01 6.350130283518795604e-02 2.031379604457059784e-01 9.855424404184365272e-02 2.227510417366618256e-01 5.423686492215828991e-01 5.356166301603667579e-01 9.129895628492674664e-01 3.265839465138666853e-01 1.926344933479143817e-01 8.556792175862576455e-01 9.098442333235897683e-01 9.483067397505361429e-01 1.009066877036943755e-01 5.541583587371107233e-01 2.105632554751674101e-01 8.268959901958021774e-01 6.234185524406699042e-02 5.047997005849065033e+01 8.635265046818859647e-01 3.429959750946994790e-01 8.831661650071020997e-02 6.201079951055542550e-01 5.146525418618892456e-01 4.241256035660380119e-01 8.251450857353792578e-02
1.771348980384110927e-01 9.458417343190117510e-02 7.418425860223537560e-01 5.811532192003178166e-01 2.949980999449289820e-01 9.615336034672058441e-01 8.297244202226139453e-02 8.818085282079481946e-01 5.541284395667478435e-01 5.703299465223139464e-01 2.764990581635287104e-01 8.292834338599573973e-01 3.687343513518538396e-01 5.397647754720875657e-01 1.671368670577797477e-01 8.059459726480096009e-01 3.661459927553345484e-02 9.208390531115309141e-01 3.469922549583027704e-01 5.538723242392781243e-01 7.205563385179591940e-01 1.821462848123071021e-01 4.765708653724276544e-02 7.672588944544611600e-02 2.319112683628479221e-01 5.866075280627180977e-01 6.931351913175669566e-01 2.109414492591914492e-01 5.626501252639595219e-01 9.144352579636968459e-01 7.073906822582726184e-01 2.726049446559826173e-01 2.685725218236153511e-01 6.474413933999945137e-02 1.467825529855487643e-01 4.205183169328180481e-01 5.031590310465360316e-01 7.838997480110743155e-02 5.156551817682774042e-01 7.076175516514514596e-01 5.775844346151282060e-02 2.781673395263307702e-01 4.773218750349395023e-02 1.475251399812245179e-01 8.431830282748411509e-01 1.149898516117461300e-01 9.874011363951984421e-01 6.364833682532607950e-01 9.867678411786716675e-01 6.830663948275013109e-01 6.139889202633315168e-01 8.490652332861332585e-01 8.497264019214137987e-01 4.705111833511066433e-02 6.510455181581220607e-02 5.007690915225367911e-01 7.388327791512000475e-01 3.027982847561094815e-02 5.199374974695580853e-01 3.167401624523032977e-01 9.211904232723633346e-02 8.910012784194210056e-01 1.317987513770031427e-01 9.235390274748145334e-01 8.228149458762917812e-01 5.764172772567108805e-01 7.877120644889551437e-01 8.329658197564382416e-01 2.933278588429122369e-02 2.216254532644055253e-01 7.953614522667331599e-01 4.437511195109755668e-01 3.628909018599303371e-01 1.668858925745574373e-01 3.764406009250792495e-01 9.823282997318147913e-01 2.085613192212191214e-01 6.122912720201793002e-01 9.971482242478799662e-01 4.920050269929815423e-01 1.110540302592345485e-01 9.922771682233489932e-01 8.876689757151345894e-02 9.832834900682829726e-02 4.809736936116163486e-01 9.939455386432604067e-01 4.249010448725577538e-01 1.524762135606558822e-01 4.089254457108728591e-01 5.076537267155589728e-02 8.942648627711387022e-01 9.520439231519003398e-01 3.432977860925924274e-01 4.861498416841496351e+01 2.900249415545602671e-01 9.011288452907161295e-01 4.332565643997199345e-02 3.755103960184283940e-01 7.171119854332315136e-01 6.720518680828875269e-01
2.150280978476244442e-01 2.026309371158351302e-01 7.438756576435335832e-01 9.712488250171512627e-01 9.108035929956720400e-01 9.925523530248666626e-01 7.256666944138434605e-01 6.295996055866351915e-01 4.332153893789520982e-01 4.773195672715880855e-01 3.220349512650059198e-01 8.535645405214773440e-01 8.033811963524302158e-01 8.019189043432503050e-01 4.603834527961795375e-01 9.593661427627819815e-02 2.700041750687345310e-01 1.337796943955028572e-01 4.497396581298402918e-01 4.857546699029682280e-01 3.563572148765929981e-01 9.907245043511321292e-01 2.728640211270548788e-01 6.203431370651814047e-01 4.002940057793334949e-01 5.000874123203233879e-01 9.517914158724491980e-01 9.046345785484188884e-02 7.760744955965166447e-01 3.790785903275338820e-01 2.711181633313302086e-01 7.383221131424653194e-01 5.270373053042743949e-01 2.101900085971313281e-01 3.640133421972223671e-01 3.731638616457136903e-01 2.930136898485368180e-01 8.911702703678536786e-01 5.474405858628610400e-01 1.382553137464144211e-01 8.114239563267808819e-01 5.134249862949364918e-01 3.070099771348400175e-02 1.177522445719529909e-01 6.162950298281066885e-02 7.872890408975316001e-01 3.182749576883681097e-02 3.208896026173837512e-01 2.762086553990560356e-01 5.994116571890071299e-01 5.898084057355789112e-01 7.341614112174331686e-01 7.246497948982836279e-01 9.381799086021802569e-01 9.935815713282447614e-01 6.974006167974294845e-01 7.056005437366039690e-01 3.521593887601317530e-01 5.520581456843302037e-01 5.563173031295542970e-02 5.192743845735291464e-01 8.674713804520031157e-01 1.916796418118449363e-01 7.611172841532354294e-02 8.164095259807303551e-01 3.156731079445542765e-01 4.857019826321693490e-01 1.475504637587435885e-01 7.202923815472769276e-01 5.927011934428350060e-03 8.350436917278668547e-01 4.386627223535370934e-01 3.397866892248790904e-01 5.547018754890752357e-01 5.543635471790752112e-01 5.940941738326247501e-01 5.612224623419561631e-01 3.904711674361676099e-01 1.240450862898111462e-01 1.740196794244482925e-01 5.926413925768092561e-02 1.785603951475041029e-01 5.096010744770551604e-02 1.817729191274334299e-01 2.386754359873710651e-01 9.872122221184965740e-01 6.624521818527081551e-01 9.596323219079928579e-01 5.782682816625912547e-01 2.413118745448836755e-01 6.703428979186898395e-02 9.458923865968573708e-01 1.998929330847883934e-01 7.659725093267679696e-01 4.828763974956704175e+01 3.441057117075120297e-01 3.800811693515860901e-01 3.714541697002130549e-01 2.027583142783521142e-01 4.088788594624777062e-01
1.898730155935673958e-01 9.813034124783306389e-01 9.851444201521599719e-01 9.956346400842110977e-01 6.630144218451182736e-01 5.557718251973569057e-01 8.378473259564771514e-01 7.669858141613359326e-01 4.227821920244114740e-01 6.828420749336587825e-01 5.290719343447456424e-01 6.579705411085122746e-01 9.162860336131813943e-01 9.708705429779297402e-01 2.104637406679561451e-01 4.705763110025015239e-01 6.347717219448186787e-01 7.194866443484743135e-01 9.057539841481134779e-01 2.630103988182875829e-01 8.342849764501917287e-01 4.848645288225560401e-01 5.325303136957457717e-01 1.879017345789838478e-01 3.782048036571039606e-01 1.582667919348706986e-01 9.359917373516346562e-01 1.091040050107449089e-01 9.482208716274244109e-01 1.170426211844215469e-01 8.620341541614485736e-01 9.108484457600630746e-01 6.517848825658045797e-01 2.073185052436329334e-01 5.631668138344394503e-01 5.084744827178573345e-01 2.311390791093094199e-01 3.430044353996256623e-01 5.213994604683790390e-01 1.662163729751785501e-01 7.983394745726355435e-01 9.406800233052242666e-01 2.657679224323578060e-01 7.899327080518625532e-01 8.022448048964638811e-01 8.824683270159172643e-02 3.199652450352225008e-01 2.840146031794382742e-01 4.914601465759959043e-01 3.818813554174345093e-01 6.866596820747583596e-01 2.602349679328583854e-01 8.372575696222147590e-01 7.147555881384688448e-01 9.638093962367113576e-01 1.397780377119006712e-01 4.962582109571056499e-02 8.667373173193030356e-01 8.047948651391665376e-01 2.615182894059819851e-01 5.351014401902052242e-01 6.220526217515751632e-01 9.046298037218011290e-01 1.202737029182269213e-01 8.652875539422701934e-01 5.538626256274434834e-01 3.785057190674977479e-01 1.279488239082134937e-01 2.508924004553469977e-02 4.760969649843459495e-01 4.944953769899227414e-01 9.158325883423878988e-01 3.553155799306284557e-01 6.333457627437915072e-01 3.813568672811583626e-01 4.034542082592662560e-01 5.914108050741220257e-01 5.100055446079106991e-01 9.949206026061240271e-01 4.944933824639435871e-01 7.487362993315928028e-01 1.603856405972264865e-01 2.686162144414701025e-01 8.994642097119959212e-01 4.880345977801028301e-01 6.139884150987583444e-01 7.572842124590435375e-01 3.067406840079115460e-01 9.326817619892509015e-01 1.442601371873496463e-01 8.069288329788569802e-01 1.349774251416279158e-01 1.902667933445884030e-01 2.539947037597760637e-01 3.325220598046868536e-01 5.378291950962660906e+01 3.169637780239424885e-01 2.857052793175707261e-02 8.292513282946021302e-01 1.714972256666335015e-01
4.299085916678527797e-01 4.633188162638575136e-01 5.220020933341943392e-01 9.681093418177262322e-01 1.795507887303852135e-01 9.802588985978267777e-01 3.139113672721859372e-01 9.523576779349886001e-01 2.838453098373068251e-01 6.291797162623680162e-02 8.056875598275982098e-01 5.389077577894828552e-01 4.287658895268896542e-01 8.588222941534490174e-01 3.079943250070703575e-01 6.324529998140648868e-02 5.356098087190652723e-01 8.910919172408280353e-01 5.001127796870048492e-01 3.923404542043841259e-01 6.667958421411412928e-02 8.309364678798968340e-01 1.740147922346766407e-01 3.044350642404649587e-01 8.422682140454781363e-01 2.391812108797489733e-01 1.333073571279101976e-01 9.249875355813703681e-01 4.900219800005249926e-01 3.971536120952343651e-01 5.501643738184528454e-01 2.042727911535822116e-01 2.271232299272900601e-01 2.150861353775501694e-02 7.658628011691969162e-01 8.429074701756709143e-01 7.104075403479325201e-01 8.185435672791413486e-01 3.237873921803539057e-01 5.272039598068856137e-01 1.277651885100471452e-01 9.803992660187318409e-01 9.723499369386383595e-01 8.765353233104907771e-01 9.992254090213864570e-01 8.812935386758921075e-01 9.262655262592167649e-01 8.519491569879205084e-01 7.135898094146597703e-01 9.551586491079770980e-01 5.495107590739466419e-01 9.522081815117658943e-01 9.917141880721452862e-01 9.077862985090066061e-01 9.558220248135865793e-01 4.495811902239866820e-01 4.215822492431016144e-01 5.405814078598882855e-01 4.444292386474225642e-01 6.729770400346076764e-01 8.207833665044208526e-01 1.093980120119900645e-01 6.777872597755230100e-01 2.101946893655229909e-01 9.226686938131539728e-01 4.264797676858853581e-01 5.864828115659957986e-01 1.373669810700205440e-01 7.733252275390488650e-01 6.579228352681946168e-01 2.998745787578580568e-01 3.328414254201855771e-01 5.326974208792306653e-01 2.724526977715121534e-01 1.810985757106633454e-01 9.679031284945035507e-01 5.730061913608340829e-01 4.011688321513082744e-01 1.106146767792408614e-01 5.880563703264796160e-02 3.451700575785024983e-01 7.167254575183158449e-01 4.079751423721974524e-01 3.267109122014064670e-01 8.069185465840620353e-01 9.699596220034956140e-01 6.187310816035185290e-03 9.715318417229723558e-02 8.771491171684220323e-01 5.547811048960684666e-01 6.606744459147572135e-01 3.116256625520618107e-01 2.718540778685948345e-01 4.245768435959461629e-01 1.797757993525108677e-01 6.837821913587812661e-01 5.448333487608746850e+01 1.168271267293291560e-01 7.844871119064769083e-01 7.726395990951064885e-01
4.995196530869636664e-01 3.662392104859060193e-01 3.908620788105822141e-01 7.127127964723789511e-02 3.116296260152675579e-01 8.953225582824074769e-01 4.658600894309814500e-01 9.766307152177533535e-02 8.084528170887630427e-01 5.945597205230130911e-01 8.212725190940864950e-01 7.322479779428135993e-01 5.363567609330963659e-01 3.481067735220469972e-01 8.164026068090357580e-01 5.438319092576280323e-01 7.782723907741743163e-01 7.694140921442399472e-01 1.608177191599958755e-01 9.695724830236871483e-01 5.009811673685238276e-01 4.591972196352740454e-01 5.583744085923828537e-01 1.618864132810003964e-01 4.951880348121689979e-01 3.691192811937640261e-01 5.968785093607736902e-01 5.361061610139050693e-02 1.676478864155457327e-01 3.504889723321628070e-01 2.449756854172679965e-01 6.595382691966991118e-01 3.526753251177646709e-01 3.186290116654540983e-01 7.651642859530821683e-01 2.392620009720323182e-01 9.769046930734249790e-01 4.360148458954604678e-03 4.430327857005638137e-01 5.720187703451354855e-01 9.187502644304949007e-01 4.169475713806798378e-01 2.864544402013510238e-01 3.005913152810002487e-02 7.790063057958298565e-01 8.854299088798167627e-01 6.503650226585335759e-01 3.157687904157145953e-01 4.073802660850153190e-01 8.573410493535899013e-01 1.096590577494587215e-01 4.564979152706224452e-01 8.369778978648866330e-01 3.194352287730676254e-01 2.650963449537598882e-01 3.121455319714500076e-01 6.927308022821672129e-01 6.783968343032835691e-01 9.943619262442670026e-01 2.116177699891602648e-01 4.083267402693189219e-01 8.623709882913443980e-01 4.883764309628658706e-01 9.687755993527560339e-01 1.425342165312493137e-02 3.552633492444995378e-01 9.855083629474771234e-01 6.110008461550211489e-01 1.742474421611494018e-01 7.284565384773507013e-01 3.399088562150280879e-01 1.272990019388074989e-01 3.466532235172333776e-01 2.559400684050351371e-01 7.040392867127591714e-01 9.306436391238299688e-01 8.895504742298551148e-01 3.139823369609208159e-01 7.905601473666460377e-01 9.780769909920307148e-01 3.680397448041228259e-02 7.432324044860525447e-01 1.977216892784025015e-01 2.997625449642882245e-02 3.493353265554731690e-01 6.827352628730724016e-01 4.540688156569343548e-01 9.486709346598350967e-01 9.992320999798257608e-01 9.846959731702455976e-01 4.181408165295896762e-01 8.525487661277886264e-02 6.553959767994262942e-01 8.884130312508732308e-01 7.193214366655071856e-01 3.738182738779589620e-01 9.687426085227179851e-02 5.164808658830757793e+01 1.901285599828761441e-02 9.596900456715405925e-01
8.951382389717215116e-01 5.101239900799804383e-01 5.308050051472582576e-01 6.822752634674232874e-01 8.677950699855367933e-01 4.494149349539365845e-01 2.158930792318219938e-01 8.879225316965295711e-01 4.620911191810671559e-01 5.093608602042583033e-01 1.293166773556848614e-01 9.197477883573220714e-01 5.125720726940273808e-01 2.899072701476308467e-01 3.487013578337807562e-01 3.155142505960217836e-01 6.940340326648717362e-01 7.924683805742605003e-01 3.729473455311155261e-01 6.662568154092325390e-01 7.358992077605974735e-01 4.444349548874226841e-02 9.700337255293554062e-01 4.576880196211819962e-01 6.240152266803999925e-01 4.427159278465274683e-01 4.956171917956769812e-01 9.913611332916765218e-01 7.200702944183480225e-01 9.532663714042080016e-01 9.679618135932092082e-01 6.561165062380107660e-01 2.949198222216574683e-01 7.873838895784890379e-01 2.535406442162025931e-01 2.755312296426455365e-01 9.812683813060312232e-01 1.616200768945827981e-01 6.309628258226118724e-03 8.215293265924755728e-01 9.641021421045955497e-01 1.499985316223487741e-01 4.979369345793793755e-03 3.250257046127302818e-02 7.435796976335743436e-01 7.900491042090196370e-01 2.955218267369359442e-01 6.383374563857906470e-01 6.937512046333729199e-01 5.078092777025222659e-01 8.110910612173545253e-01 2.639921572289631868e-01 2.495536530460187308e-01 2.217591105689199482e-01 6.246979653481105066e-01 6.511387772058822021e-01 7.491151770477477712e-01 2.193499075318934288e-01 3.128042034561501206e-01 1.636964722347786783e-01 7.816075991573563364e-01 5.169933197918809009e-01 3.545184177177290730e-01 9.615489412068336517e-01 8.366859692160198980e-01 7.256074934160304801e-01 1.562304713226361219e-01 9.543291615217787127e-01 2.484080115250265619e-01 9.570996426600042462e-01 8.859074266051979452e-01 4.958735353845244997e-01 7.412361743085922328e-01 6.861222904387919153e-01 6.951147996925876038e-01 9.856367345606631414e-02 2.657101244015942498e-01 1.595248937489027741e-01 9.089858649321780337e-01 8.471830889306465329e-01 2.946162088330311901e-01 2.526384269475727695e-01 3.838080624098748617e-01 9.712132727767364138e-02 6.525040035678721928e-01 7.200094308763270723e-01 8.936082366191732129e-01 4.448421488179753469e-01 2.987956917834210246e-01 4.287460844622288381e-01 6.088950769862829793e-01 9.594615215377299000e-01 4.061269261162634425e-01 1.873033621192399245e-02 2.704361464718824104e-01 6.698506188681576656e-01 7.338948148364532464e-02 4.598963925356717164e-01 5.380708454648637229e+01 3.971110068700700602e-02
7.127676218511618256e-01 3.556974413471665208e-01 8.080492525569417106e-01 4.607007802508862326e-01 1.652903115591957128e-01 1.392092042879859992e-01 1.868817855598414734e-02 3.445264931626175198e-01 3.144649745618623982e-01 1.947023474038498403e-01 2.525038839881250663e-01 8.471050706331308966e-01 5.493052675196697932e-01 3.954914314440233225e-01 8.751532106031799652e-01 3.849352551775395703e-01 6.337720249033675923e-01 9.558732166536694219e-01 9.913138528323789389e-01 7.955440904063195706e-01 1.894968936486112199e-01 6.441482229326040976e-01 5.601337214903835404e-01 4.502498028276902264e-01 1.143348046845211741e-01 9.967709791179304446e-01 6.554330797240713880e-01 6.992151664883576867e-01 1.679115577067072929e-01 9.542437314732279408e-01 9.881891010741776782e-01 4.437433702978245131e-01 6.410298725865462011e-01 8.424075694281595306e-01 4.166076338214539376e-01 4.590376838060247211e-01 8.410616369622129218e-01 8.844598870454449813e-01 1.491460048772266234e-01 5.067570035971161735e-01 2.732973243996356105e-01 1.246464860380025463e-02 9.266433138643168643e-01 3.702841770727949289e-02 6.417169505931559215e-01 8.769675305634028195e-02 5.531222316722170795e-01 5.278134800018896566e-02 5.512487969764185980e-01 2.713938115412029006e-01 3.454201335408531026e-01 6.366376292150878191e-01 1.632389776569991291e-01 6.791757573735713871e-01 6.905686723371022850e-01 3.468230551365275582e-01 8.306134723923134233e-01 3.426904081162167603e-01 8.619395927291133574e-01 6.089566112259520159e-01 9.961173832940655171e-01 5.966336058515576690e-01 4.464001829061102766e-01 1.304600016370880411e-01 6.332467199605850139e-01 5.636550554468835461e-01 7.773181561970964326e-01 2.062259314199409443e-01 7.234001647169172600e-01 9.834957678610122267e-01 6.256241874600113606e-01 1.453701068368309368e-01 3.147948851635218315e-01 4.046119753945560671e-01 3.537592795405559709e-01 6.833155994008203171e-01 9.301119661939981631e-01 1.762236780667391089e-01 1.306693367357902869e-02 9.897613131677982512e-01 2.570231872884569668e-01 5.291601866381021591e-01 8.923295158574162667e-02 3.101375839887718922e-01 9.955689111614155484e-01 9.201806721084168084e-01 9.220225935717171195e-01 1.474307009372605171e-01 7.180412923587056184e-01 6.650429796623635870e-01 3.078437292332316666e-01 4.430125279477881151e-02 3.861175045969446051e-01 6.965507588772761327e-01 2.220690554136159900e-01 6.384090823128957259e-01 8.604386591520617467e-01 1.946502491810536695e-01 8.208462045450298783e-01 5.222037008153681370e+01
