5.268002368032477278e+01 7.006115125149586786e-01 2.341558186146004417e-01 6.703015087653826365e-01 6.198894051085956924e-01 8.540896903619492608e-01 6.893605264063711324e-01 9.959431232567073078e-01 4.989578360181516903e-01 7.868557322748247485e-01 9.693512388978403616e-01 4.290779290498775156e-01 3.408926573799245796e-01 2.349939497208064498e-02 2.948115319071767937e-01 5.850353411276111304e-01 9.187599472812674195e-01 6.454561882858590449e-01 8.648563978231763594e-01 9.639160276808030892e-01 1.080334248805330244e-01 5.400427054874462618e-01 9.540282151719858827e-01 6.800851746399538822e-01 6.181883099517454516e-01 6.136804283331438459e-01 2.178562354523634337e-01 5.350988955801174729e-01 6.889734390852554347e-01 2.535994529217853177e-01 1.932445301227595502e-01 1.082855136240048477e-01 4.648739495774920627e-01 1.799208743998248483e-02 4.257719771340363613e-01 3.410121600213208426e-01 6.592784161186477920e-01 8.787814836078430281e-01 6.617036541218862533e-01 3.018254428786968369e-01 5.764458822386934189e-01 9.406068236608728927e-01 9.509715189421864556e-01 8.239953762508348545e-01 3.403082294961936594e-01 2.608643355614920223e-01 7.743192756346046757e-01 9.578538703915914221e-01 3.773385426606813420e-01 9.958636803961270489e-01 4.587147472576895701e-01 9.796905859597432320e-01 3.866308567459608714e-02 3.681930125047717661e-01 5.588009234224282640e-01 1.180617232551809392e-01 8.087289891808757680e-02 5.174883397182161726e-01 6.259799969600354785e-02 6.530015641421283989e-01 8.618370475002843367e-01 6.464972118818235192e-01 4.920693917956199259e-01 5.167114994504728998e-03 5.346456886517265694e-01 8.900944493246261136e-01 1.474481648046810367e-01 7.390547581652915365e-01 2.154458280959434813e-01 4.342534264807955680e-01 4.226159902758895859e-01 5.293526831442684211e-01 7.810535270932330576e-01 4.890473779227627604e-01 3.310033638171097081e-01 3.429691836863660859e-01 9.722407000245792963e-01 4.689530453859491743e-02 9.343152830049850088e-02 3.319643991750447221e-01 7.795899563998849313e-01 9.191802776908257755e-01 5.154604692557798185e-01 2.935965011131486113e-01 2.725893349660234444e-01 1.406218220675223840e-01 2.411397698402689693e-01 2.716540915299486825e-01 2.937087054665488139e-01 2.121562517786079738e-01 4.105975106900144889e-01 5.628484669779743044e-01 6.361647333803140958e-01 4.776346224379846017e-02 9.767167283910372921e-01 6.284494177168128415e-01 8.036013037036269235e-01 5.496986892839658134e-01 7.913379492097261103e-02 7.039950123945101224e-01
2.393436604290724024e-01 4.667770646549416824e+01 1.592834694151569197e-01 1.857913873724842402e-01 8.271586501593432006e-01 1.623275300656017439e-01 7.425854429260054790e-01 6.018126329055860646e-01 1.757465622004061867e-02 1.872502647986359348e-01 3.648690697340739586e-01 6.541425548396662126e-01 4.731920751838182282e-01 1.753185439298121651e-02 4.653632994935709144e-01 3.879988516118905162e-01 4.144758335842058106e-02 7.501924384614787611e-01 2.485027273725937125e-01 4.781018544641840728e-01 3.348837558518525936e-01 2.773735802057466504e-01 3.084900481535535199e-02 7.256823838888090128e-01 7.279875141291517471e-01 5.014495939874351604e-01 2.654087280152293005e-01 9.189610226648458058e-01 9.569571863711219262e-01 2.219906848159152180e-01 4.031788388031772863e-01 6.809169061328120831e-01 1.856031943695805042e-01 1.196241842466115868e-01 2.497388353891507595e-01 5.840179988602826056e-01 4.067162105796461313e-01 1.898856978911463989e-01 1.992732719181166123e-01 1.920127764532153503e-02 2.097056836742183794e-02 1.260480221499145070e-01 3.212907669646315467e-01 4.569681159102151335e-01 3.579253143110058266e-01 9.935450289406464464e-01 1.042441875902168080e-01 1.298654910895452597e-01 9.333008704923826393e-01 7.682104119230979133e-01 6.305022488547162851e-01 7.937608839519162407e-01 4.290668309587652995e-01 4.980754156529284549e-01 6.904559354983885733e-02 9.892440875897132724e-01 8.293208090897979945e-01 7.005440537397800149e-01 5.173702452651638417e-01 1.025246431694030180e-01 6.324162835922312320e-01 3.120543827929640468e-01 9.325464361242976619e-01 8.965261781563047538e-01 5.292690843173790682e-01 8.873014733541362276e-02 9.201697407306674847e-01 4.803838240927617020e-01 3.593837162778179550e-01 6.287100289596413427e-01 5.354579913155537163e-01 8.243929409280925658e-01 8.030316585853797262e-01 1.507751217188819659e-01 1.134773757470088906e-01 1.612091000035338340e-01 8.589009917106449343e-02 7.424175518918612049e-01 8.613539641899145005e-01 8.128563435352696986e-01 7.276400183945627154e-01 8.492277285786363761e-01 2.267494691035563115e-01 7.409391427509417483e-01 8.398385499744990268e-01 4.609744972071915248e-01 8.399723434689299051e-02 6.885578818270903234e-01 2.430449691711638049e-01 3.470441949789202507e-01 2.744082264407787797e-02 5.265566493731177466e-02 9.442337088532634093e-01 3.103087622122683298e-01 3.350204633412390276e-02 9.961896385853309388e-01 8.697816663910818979e-01 7.951872340044131571e-01 1.794846842408999166e-01 1.403403109036372998e-01
2.917865380597206570e-02 6.224396561418221729e-02 5.052395568411425586e+01 4.477674008957570617e-01 2.945309992056335258e-01 5.628915263505370747e-01 6.141534812981734870e-01 8.407629710901830533e-01 4.872025407637260441e-01 9.135702448785488761e-01 5.396905610819786592e-01 8.974114514100780537e-01 2.177150693615036436e-01 8.985185791843289804e-01 8.212228532718157670e-01 2.290276425724543374e-01 9.247314580807963758e-01 4.641130733130934827e-01 2.366390362403983927e-01 2.111234458641162437e-01 9.980825737810092857e-01 4.491960430117778458e-01 1.281693549946203436e-01 7.385969558554383863e-01 4.763676727733812122e-01 8.608859275292425339e-01 4.841129028922455113e-01 2.371175900255296787e-01 3.214835110225726655e-01 4.204044963253931178e-01 9.337379965580585583e-01 8.265149839841923196e-02 9.970058750850624429e-01 5.644376885640539632e-01 2.811711846206554899e-01 6.135413985328352915e-03 5.468832506395003845e-01 5.286613776036956924e-01 8.221734489357533926e-01 6.105106694525511690e-01 3.579961822000379268e-01 8.430557727706644577e-01 4.131644708794660614e-01 3.436579589086884434e-01 1.488291031998204561e-01 7.085762739376487707e-01 8.857372418447062579e-01 5.722785762017975619e-01 8.224533719106059682e-01 5.563940069315564951e-02 7.227250539547662722e-01 8.438970971353001449e-01 8.007388844149759821e-01 9.699416192059848729e-01 5.495062514707478307e-01 4.925797955700389474e-01 1.413060530634613343e-02 1.325793861220955216e-01 6.820317624604050888e-01 7.509835374608377911e-01 4.755299667161186905e-01 6.339917025400167994e-01 2.088187410038880865e-01 5.568347167004633613e-01 7.220412194528039729e-01 4.489253493853861965e-02 7.373261800606636385e-01 1.135626807659615434e-01 7.309838373078302309e-01 3.336086886850185840e-01 3.060697319157471563e-01 6.980175829745816074e-01 4.398028155477331502e-01 2.537747891900842268e-01 7.222687667812190959e-01 5.140727777479990879e-01 1.521777939535422508e-01 9.185422031958528910e-01 3.583721887885704671e-02 5.141244649513683207e-01 5.613857349109145911e-01 5.651061054519128657e-01 1.199814308512515693e-01 1.055735752946753703e-01 5.046595314497079876e-01 4.656138451069570250e-01 3.491979367601396600e-01 3.601896379195370645e-01 1.503757550475810501e-01 7.461973662918166550e-01 4.521897803828747175e-01 1.740798354033409323e-01 6.093620135866846255e-01 2.335096902604630875e-01 8.019623605894137253e-01 8.257098050405032863e-01 3.176574136585582631e-01 4.525656208136816794e-01 5.508350417087737316e-02 6.212827216410605757e-01
7.795355925055947877e-01 7.359292088099012030e-01 2.680734430109742439e-01 5.244859301490653536e+01 2.477798903491551519e-01 9.278848565258648318e-01 9.622502818584779405e-01 5.517046962137851507e-01 1.631630854336179048e-01 1.493305770210400230e-01 8.163964819580380450e-01 9.969404809759696562e-02 7.715571949542964214e-01 3.953129932314930484e-01 3.252937351252109810e-01 9.442021055599106871e-01 7.734724383680785520e-01 4.971246279372585342e-01 5.235487625580188542e-01 5.215673559270244120e-01 6.492090435822694960e-01 1.171798237520178532e-01 9.563552997612275730e-01 8.369479648067279509e-01 4.300653421530005183e-01 2.072998776031120816e-01 8.232830553617541680e-01 9.343012969690811520e-01 7.300685489404468154e-02 2.614549056047810183e-02 1.733886396198758284e-01 5.653290667446814188e-01 9.885773615029084249e-01 7.656016173258650692e-02 2.925614348264582443e-02 2.143038669548887887e-01 4.873545503376930377e-01 9.852107032621264526e-01 2.113446373825321745e-01 8.903637754046274111e-01 3.315737136318452905e-02 7.644157535029054706e-01 7.798075781560662723e-01 8.939563285528071557e-01 5.170705046516721470e-01 5.724657339336658435e-01 9.150256011165663894e-01 2.093829479745268340e-02 6.258956483861516373e-01 1.644164804233043675e-01 6.591128142036892790e-01 6.398491135668783469e-01 6.555557569876052648e-01 4.719780396472941231e-01 4.301923041017794436e-01 8.681164524939399829e-02 4.093499324643922188e-01 2.327662047369538634e-01 8.556030719852781852e-01 9.440881981131310496e-01 3.138983092570930555e-01 4.963826180728487802e-01 4.306761683129933793e-01 4.084310625175435749e-02 1.664631648021117627e-01 6.631998809058540223e-01 1.726314969927528198e-01 7.487468618776625950e-01 9.246032782039445008e-01 7.708936962254581138e-01 1.505776472340257799e-01 6.263044082664260825e-01 2.648011169696932177e-01 9.054640353079943527e-01 6.944487657221399823e-01 2.806346764464635601e-01 2.839501157930239827e-01 8.817719055045782905e-01 1.972826035944658107e-01 1.978291955003662617e-01 8.365978649311326398e-01 2.365285181865199871e-01 5.657896522745836654e-01 5.936393981358927263e-01 6.614345703845015967e-01 1.833171552001466864e-01 5.606275548584209734e-01 1.992667524867777207e-01 6.700681827824666037e-01 7.322883097898648108e-01 7.333506160718950007e-01 2.602828725293852008e-01 9.021738314119183144e-01 8.830271329669523439e-01 9.452602331360882015e-01 3.664549168612873942e-01 9.517755119400409525e-01 1.241783807975758158e-01 3.672137006479846422e-01 5.333688890058411181e-01
2.798956381254174008e-01 1.861650877476501709e-01 1.013069122625844809e-01 6.562532289296962862e-02 5.169118384701503288e+01 4.101653580943014354e-01 9.917581660268995902e-01 4.208300397591824282e-01 5.832788176927479196e-01 2.915533729271054808e-01 6.357554127345822481e-01 5.316892911379572650e-01 3.921725252120666916e-02 8.463694811082763669e-01 8.778903247398029963e-01 8.199233489652197893e-01 5.264140976622869728e-01 1.875837601207749339e-01 3.599452249858523523e-01 4.506090921694542173e-01 9.245680478506873579e-01 2.695649217479312298e-01 9.629817188899533198e-01 8.268916352762496480e-01 7.770970054843917563e-01 3.341692365546955479e-02 9.972843857812149215e-01 7.325835176717179209e-01 2.498382867608545110e-01 4.650201335309295247e-01 4.154407297431642609e-01 3.347097785424416605e-01 6.479168706010783874e-01 5.432552281791671600e-01 5.638460666753363215e-01 9.576218165943100047e-01 1.715036943568618577e-01 5.274732922046637684e-01 7.833105211233564180e-01 2.277154031821683189e-01 8.001315347121128463e-01 7.629141538456452043e-01 8.833807946892227037e-01 4.885017541852957335e-01 2.609033905448643331e-02 6.484024848758133119e-01 1.620836216190164603e-01 2.027777946849740331e-02 9.316772160028794492e-01 1.083744218036041262e-01 1.635288045944311985e-01 7.931880575297056701e-02 2.992944293467112438e-01 8.466420866858346272e-01 4.532002644676114134e-02 5.389830984420499460e-01 8.737360881659513856e-01 6.796903366229205545e-01 3.572415183564493502e-01 5.839446012765883154e-01 4.014164215574133054e-01 7.833078024105166737e-01 8.230276973102257365e-02 8.272993942124032829e-01 8.615043653620049202e-01 8.298130155832453836e-01 7.441528228572321657e-01 9.100959160227375389e-01 5.864682217137506814e-01 2.676852866412289256e-01 3.247783232507216455e-01 1.234721043271513885e-02 2.463219253162828304e-01 6.634884266915906936e-01 8.103390526442353359e-01 8.988556771931861533e-01 8.122287946443338402e-01 7.021919691467815028e-01 8.648608787137915810e-01 9.978439006572159542e-02 5.179698026747092676e-02 4.921983540709566896e-01 7.237099955664364481e-01 6.601921490485849198e-01 6.618573000100363979e-01 9.804160165480328981e-01 2.638753376502639414e-01 8.754421693142286909e-01 6.749155349026313422e-01 1.805773031753665769e-02 2.586429537980580173e-01 9.777790933108957416e-01 1.131394080118988121e-01 6.754390957761792214e-01 3.856013376865481401e-01 2.168655396756253850e-01 6.203970953190157678e-01 1.437796143812445360e-01 3.704611232996743997e-01 3.317282783618210606e-01
5.108716525505139217e-01 3.171384676681753279e-01 5.777849126356348064e-01 9.916605339113253592e-01 2.999227218591707933e-01 4.954643464209745218e+01 6.821842013403763838e-01 3.477820513919763767e-01 1.738421392385357533e-01 4.087738727964713714e-01 5.215367396567061054e-02 7.609592903816074783e-01 5.970503993176882185e-01 5.941135939563504387e-01 5.432722985196849486e-01 4.718970092863117305e-01 2.541294057548189045e-01 8.791404121165209418e-01 4.522170367144231484e-01 4.245165912813209097e-02 8.044192294295076096e-01 9.392563208965734045e-01 5.217343784006678309e-02 6.866353535477510706e-01 7.434727764630107982e-01 7.110699013075560959e-02 4.079198048927653586e-01 2.867457390588873389e-01 7.600198695643576308e-01 3.897545628072254242e-01 4.782408259867005906e-01 8.767862344049615064e-02 1.245893226119684227e-01 1.878912468630944410e-01 3.881169531917101345e-01 6.821229149943397463e-02 5.448154016938492328e-01 5.750554337397865146e-01 7.479845185295097565e-01 9.024112471791352341e-01 9.112662561112785387e-01 8.872761504909765229e-02 8.794176532302908633e-01 5.146680152914073769e-02 3.307147455312209328e-01 9.271791219369317494e-01 5.597181925580472228e-01 8.308804477894696783e-01 6.755624117634939640e-01 4.446902398184477967e-01 3.966448472476229448e-01 8.236205995592109641e-01 6.190483639473488564e-01 9.004668490480001175e-01 2.218763333326433385e-01 1.995815806778316048e-01 7.016190803518602692e-01 5.437796450848620955e-01 4.761224764504955465e-01 6.215937841401583119e-01 9.465067901649790727e-01 7.143864017764272045e-01 1.840212627720131389e-01 2.206337554974391324e-02 4.843238931051544460e-01 2.588396472229606005e-01 3.163184723169278900e-01 5.971675117760739671e-01 3.578601261355721652e-01 9.136089606893768034e-01 5.873108548375501892e-01 2.752760657243459308e-01 6.251396264058678431e-01 5.190330796009756664e-02 1.857176419830358638e-01 6.588117179800779821e-01 6.148988037511607940e-01 4.158391765011937302e-02 2.872713084905922365e-01 2.717854020590467767e-01 7.003278434429747179e-01 8.415992973567556490e-01 9.917658647775808856e-01 3.298097872890647375e-01 6.757474999416991368e-01 6.770870602347258682e-01 4.112338940224585793e-01 6.378534954808614543e-01 1.707051035041744491e-01 4.084962611215550154e-01 3.248290043808944594e-01 5.373291951285473766e-01 2.689143730449812253e-01 8.181176690097432536e-01 1.036464521283861906e-01 2.304515752096875092e-01 6.702673598237087749e-01 3.034199158963316600e-01 9.371856450290845242e-01 6.016222900417150798e-01
4.059990469991293649e-01 9.368928380726603278e-01 3.688218280260300297e-01 6.093448028979955300e-01 5.167710712088292579e-01 2.121047089527987595e-01 4.961393256698189447e+01 3.624256258752386328e-01 3.251938238267320092e-01 1.259939544445958237e-01 2.198340460306723587e-01 9.186102172923116260e-02 4.493229442505407567e-01 7.500914232442714713e-01 1.009094604399281003e-01 8.612082466921153756e-01 2.537724400043591677e-01 2.975152524003565890e-01 9.725248190191941866e-01 5.085848861226789364e-01 8.315883681949237660e-01 5.613827385795394642e-01 5.539010817361357253e-01 7.362064134952759353e-01 6.161249037932451378e-01 6.215696239183785554e-01 3.872353154408113562e-01 4.430724941685982854e-01 3.898175322912922347e-03 7.904086503771564631e-01 5.047974763093113770e-01 3.168456670830931410e-01 7.471561580666133962e-01 5.768595350505751895e-01 6.206530799924658837e-02 5.243588035176144357e-01 4.681501574747359840e-01 8.129218666247250979e-02 2.909434115196780635e-01 8.174994032333703364e-01 1.824107782226610519e-01 7.805972583090963202e-01 5.973844453953993661e-01 9.856334310605463500e-02 6.348004291301911906e-01 2.769738209052512445e-01 9.940212144248703474e-01 5.249753606782774362e-01 1.457393929050198045e-01 5.844372494051394140e-01 8.223147256885744438e-01 5.881723490777648333e-01 3.643175160905408605e-01 2.976410492185873613e-01 7.636675797269081301e-01 1.380884527899207681e-01 3.752061709700231784e-01 6.051207909497535731e-01 4.615582699673042022e-01 4.468652656979913429e-01 9.306747800986729935e-01 1.515318765315607497e-01 9.120199547459870715e-01 5.534888448172459174e-02 5.788692314646771697e-01 3.108036330179843043e-01 9.727348906702066866e-01 7.943217115233358605e-01 5.913256512471585236e-01 2.478825754294142758e-01 8.905436344248118807e-02 8.816936036220557327e-02 4.732440639654311720e-02 3.023166327451535240e-01 5.989613919931494612e-01 5.381323170510832199e-01 4.177399514292131633e-01 8.810094934435259706e-01 9.690979942442367046e-01 4.162864704693538531e-01 3.529279444024958634e-01 1.899536095545941716e-01 9.488649320783149044e-02 5.892404601731171532e-01 2.245427203690409934e-01 4.317691877978049320e-01 9.612287348653296704e-01 5.632091153146820961e-01 9.444888589901726528e-01 7.205260716771858531e-01 6.701182724547123382e-01 4.920461005001599553e-01 3.128871007731477416e-01 6.195204053323282167e-01 9.377010808982494394e-01 1.396658085892991119e-01 1.114937907110126192e-01 2.746511174041543768e-01 3.470843288058982345e-01 8.227752763917287604e-01
8.374511165464447737e-01 9.010045267670336866e-01 2.833168730850799122e-01 1.201667896850312500e-01 6.587796545962248951e-01 3.013177324465203810e-01 8.910082127600684743e-01 5.472237714462431768e+01 9.034151837276900299e-01 5.448304578377074492e-01 5.380870584353896202e-01 7.935130636583181962e-01 7.203579436937342928e-01 1.084922552608194035e-01 4.482227982100074337e-01 2.884494157064109165e-01 7.270354052043015436e-02 3.413304203494997857e-01 5.754038517635849947e-01 1.901057704544620863e-01 8.186358593244567050e-01 5.712721545490732078e-01 7.171208990892803392e-01 2.773290192657762443e-02 4.472018242016299050e-01 6.783006629672264642e-01 8.052649198775101436e-01 5.236374674571473431e-01 5.666623912814932051e-01 1.526846607598503214e-01 6.150116640038004734e-01 2.423560024644076938e-01 8.942929737407768753e-01 8.357624692939980005e-01 6.307695073224373061e-04 5.423966822345164251e-01 3.914154927719215582e-01 3.551285605096433651e-01 1.056783503708820238e-01 9.335905269330017076e-01 4.400728815636422153e-01 4.026704245120087400e-01 4.221506342710945603e-01 2.885042608874424097e-01 7.406609606783532973e-01 9.816422759200693626e-03 3.492672665238147900e-01 7.361167673343992357e-01 3.758008217880209889e-01 6.543196782485667384e-01 5.374309112475292860e-01 1.493123041918771321e-01 7.474819489551818297e-01 9.842984303035283711e-01 6.214318098235214194e-01 1.362633841335910700e-01 1.625484013720851495e-01 3.961525057634623925e-01 6.608374687041246309e-01 9.577220739372749314e-01 8.710795785029425975e-01 4.802857742959811826e-01 7.468137643393155667e-01 7.831536437004568141e-01 6.799912501729979963e-01 1.137323248639968698e-01 4.494775891830455894e-01 6.579363305597966116e-01 8.272133938698046363e-01 7.299419302251503039e-01 9.043333095972641011e-01 4.790275847621777716e-01 4.900194533769663963e-01 6.042596459853413204e-01 6.320899611980574928e-01 9.568972061575214960e-01 8.588099615273316889e-01 4.512779343802031384e-01 7.260715018672625476e-01 4.869495590834438392e-02 5.658092464284262268e-01 8.850420737635110724e-01 6.414217886700999127e-01 8.370936035649823026e-02 6.697666693448424136e-01 5.074170024677715496e-01 7.357860013705770363e-01 7.224206116563468560e-01 3.165587971711085746e-01 5.430558170587763689e-01 9.751672990752949799e-01 2.879038199835489698e-01 5.730773837939229232e-01 7.536732893066709904e-01 1.068840398508839051e-01 3.272959338016624420e-01 9.858337048498755362e-01 4.155902406751492695e-01 7.111155483140663147e-01 3.414685129395854668e-01
3.596324277510203338e-01 1.903276123795137886e-01 1.694534244746148666e-02 8.701118125180687946e-01 7.926588665810062606e-01 9.411700274039880298e-02 1.880939268669594711e-01 1.032548576320257983e-02 4.799710589414644346e+01 8.076812113254410175e-01 4.075133962203802973e-02 1.208418388428885715e-01 5.206144711619968835e-01 1.100132994406380904e-01 3.926360768220903408e-01 9.666887585853912723e-01 9.038356411659658196e-01 8.465952534261448337e-01 8.607465479612880221e-01 8.022680400731060368e-01 2.527467741502016363e-01 1.461548717129655950e-01 7.471949745811281574e-01 9.376866256814438971e-01 4.433004326155769448e-01 6.121002221428009094e-01 7.086415382355075732e-01 4.334681377918463419e-01 4.571061599387364893e-01 5.088569304613410615e-02 5.326935350693398075e-01 6.531879438161313223e-01 5.755566344894604836e-01 3.052913153427991855e-01 5.569417737799871038e-01 6.131723348161142173e-01 8.717963083950177605e-01 6.355678615050562863e-01 4.303096384279028186e-01 9.786523185853316376e-01 9.360956003217099086e-01 2.912507466545118939e-01 1.797503443089681907e-01 1.426386219271602585e-01 6.338263241702841722e-01 6.690497107179260716e-01 7.628618376289434400e-01 1.947576325034838796e-02 4.562142518719155548e-01 2.192070631989895269e-03 6.684637294117978801e-02 4.753578952147525793e-01 5.036859813970862021e-01 2.778144688913020133e-03 8.188500878535304173e-01 7.420907428915656245e-01 1.963656770520871842e-02 1.218207028621370869e-01 9.307630678309630756e-02 4.021211521182075366e-01 1.223751723015926718e-01 4.332921749957736601e-01 1.748162525793548472e-01 9.635578249227483294e-02 7.667216988128843225e-01 2.961175811293725868e-01 1.863093881033185406e-01 7.020819083410989592e-01 5.122748600833177957e-01 8.960205535868358551e-01 8.572602770189088339e-01 9.463585415379290877e-01 3.529756637169725320e-01 2.432629001493247234e-01 7.263431973002951736e-01 7.165148735577624439e-01 4.697123610700664198e-01 8.562577064696729190e-01 7.303555114779773927e-01 9.773541878277480777e-02 8.595910221957413500e-01 9.628921138460629914e-01 4.378286590980579041e-01 1.025583306615042156e-01 6.660869803928437527e-02 9.372452590520158333e-01 4.267332100070003742e-01 6.190609958126707113e-01 1.432549179614261980e-01 1.153121204778695397e-01 7.418019771647176297e-01 6.057189003052958487e-01 3.376280022169033668e-01 5.494896951610509506e-01 1.036956244707505359e-01 8.973030942732949100e-01 4.585336274548118540e-01 2.518980668478252305e-01 1.616869011496356867e-01 4.772520761368057585e-01
8.613261040344658559e-01 9.034766968070369053e-01 3.274654286128912961e-01 5.404938439640046832e-01 4.329658141698689011e-01 9.194260507303405605e-01 2.410617616960336607e-01 2.551102629962994639e-01 4.903493214634802033e-02 4.197615334662039288e+01 8.987530226924429488e-01 2.039025082638753483e-01 5.753426139941020256e-01 3.394173196723275776e-01 7.035250323666387695e-01 7.570004836484287569e-01 3.096439676107867189e-01 3.894604742435182620e-01 6.466058248990765867e-01 7.069674208592517939e-01 6.198217977051185823e-01 7.662715615134068070e-01 5.294431266272122683e-01 8.910981638599398957e-01 8.058525151106114004e-01 5.297901001390492581e-02 6.583843092545660358e-02 4.400942281042019566e-02 9.800802926100491419e-01 7.070701101659563337e-01 3.176850124840846501e-02 2.506355521674473730e-01 1.271761620063309728e-01 8.161968332961561101e-01 2.718644217916597050e-01 3.691084913006382751e-01 8.482692407714309546e-02 2.971096940629879279e-01 7.028374043845763142e-01 9.336470768876166115e-01 5.423495128368637230e-01 3.473204124420430361e-01 7.589003829131779622e-02 4.148419501282006872e-01 5.849617767757284703e-01 6.440089837258642369e-01 9.690203012256621840e-01 6.698833547042436498e-01 6.848489851051458022e-01 2.477856624962567755e-01 7.148701665544648920e-01 2.229950919831313882e-02 1.806737265341056276e-01 5.660866270988357263e-01 3.787486732574762982e-02 2.268633957291328329e-01 4.738366940020023454e-01 1.521058993716251084e-02 1.023850686884105743e-01 1.205906958483174973e-01 2.731441456907525156e-01 2.906946004232452418e-01 6.355537639495610902e-01 2.185604939638786659e-01 6.234962919690389960e-03 9.611705804452586044e-03 3.487800418486640686e-01 9.862908868450223077e-01 5.392498537253374025e-01 4.042671257479818481e-01 3.806888450366741061e-02 3.856619801333224240e-01 8.248617769537180955e-02 4.282349125497009190e-02 9.269482801222705959e-02 8.026265959817960871e-01 8.377287070031047556e-02 1.942680881086233935e-02 6.311057878483785633e-01 5.954115802641212207e-01 9.219369514645584518e-01 5.890477099361455249e-01 5.082015375185225947e-01 4.819258387292443269e-01 4.315094642006533920e-02 1.151682499240056501e-01 3.874132563557906028e-01 8.281142369052707508e-02 4.611393078623560182e-02 6.790434884209561872e-02 2.978276525388001694e-02 2.922086680172525375e-01 7.738600127200689904e-02 4.143635146383236600e-01 9.189356455405416346e-01 5.655976624371860106e-01 1.420593551837215918e-01 3.732089617830630646e-01 3.134033319765219261e-01 9.095872507669116036e-01
2.231949544646605332e-01 1.515669417639531336e-01 1.446666950110442329e-01 6.131191386857878234e-01 7.384920957174326839e-01 6.548534080503943811e-01 7.541315215687168783e-01 3.388915635204406973e-01 1.407370939517267328e-01 1.782853236902721683e-01 5.123671088529081885e+01 6.467419457744056910e-01 7.601708531284525616e-01 7.543044171511302798e-01 3.454982107149324744e-01 5.437004495927536540e-01 6.722431192389359822e-01 9.963590377468902748e-01 5.876062485504405242e-01 3.408573088480640889e-01 7.296017552957957397e-01 6.397100202120007406e-01 8.577978120085274494e-01 7.618756677946043609e-01 3.141740566569573012e-03 7.966678914217707463e-01 2.476939964273672246e-03 4.394209533601013407e-01 4.474739237851916851e-01 7.898682830718861680e-01 5.785005849228648245e-01 1.617499041748409194e-01 9.149853701731393008e-01 1.308454480169551903e-01 4.252450921631046876e-01 3.346997864875751461e-01 7.518630009622886412e-01 3.479526049792928122e-01 4.883876512036333661e-01 4.438490392704980136e-01 1.412738988446946564e-01 4.164066122379189716e-01 7.328066412210132441e-02 6.341479451440855675e-01 9.601472303743361358e-01 6.503807500526959107e-01 5.973163475580489656e-01 6.201798074169582176e-01 7.288629518720972644e-01 1.579871445805990371e-01 2.945881746582748040e-01 4.333831745960756709e-01 4.746249574197609622e-01 4.835264743975358215e-01 7.052194862803091713e-01 4.462281980720703700e-01 8.095896611501534057e-01 9.298155955239939541e-02 7.424736130398623679e-03 1.693686556026204881e-01 7.601965369804751793e-01 4.213793437477271198e-01 3.096434133397970578e-01 5.048006293779579989e-01 9.196435879583368944e-01 8.764750516499193456e-01 7.292624660530075964e-01 2.634759865102137555e-01 5.414648289586003749e-01 5.057637575420748099e-02 8.065178509056339928e-01 4.234975587889827642e-01 8.487208310268855582e-01 5.736921829801835404e-01 2.084826333914413521e-01 7.488739886361178710e-01 2.063158464254732927e-02 4.347128613435476963e-01 5.860138651708225455e-01 1.655463643378631833e-01 6.463015192145926680e-02 3.734937758968687183e-01 4.430215739886834703e-01 8.447419150363941753e-01 3.387758399572980972e-01 4.816855964732256190e-01 9.952490077927375056e-01 7.959881537779589511e-02 9.485089788417099266e-01 8.220042379667971133e-01 7.431367216900468531e-01 7.820036997920924993e-01 8.600493002744750148e-01 7.375867786883151256e-01 7.374442497396624940e-01 1.231459675909127860e-01 3.454015420379937806e-01 1.659317695173597729e-01 8.222049080604852955e-01 1.844076200296513868e-01
4.479115393222674602e-01 8.573807702311578849e-01 1.408179061713993319e-01 5.244952051187777853e-01 6.611519795534478439e-01 9.447181695738704477e-01 6.954577495804855625e-01 3.229502957954497600e-01 3.782962170814100356e-01 8.934973204541341030e-01 5.659681344748214160e-01 4.931367228836682415e+01 7.868389334576812999e-01 9.827614092523585532e-01 1.212239042068624650e-01 2.642171282182526060e-01 2.013625950909018192e-01 7.631920162428447174e-01 5.561996820273643616e-01 1.722186893520498696e-01 1.224522484653566279e-01 2.509644975860008120e-01 6.676937702461172019e-02 4.974778581075088857e-01 5.381116290188182605e-01 9.126322626588295739e-01 1.505236197448482915e-01 9.134281845617419071e-01 7.114684422526342811e-01 4.729635438405284109e-01 5.457654684119633837e-01 7.471823698854439533e-01 7.644158294654644914e-01 2.343222825755011396e-01 4.984535742851801121e-01 8.823037951888845765e-02 4.913992608935671136e-01 5.862937488142784259e-01 1.742619995198015914e-01 4.299907790254459128e-01 5.277730747641550257e-01 5.394924198274366756e-01 4.886242050719877827e-01 9.981254997137466445e-01 9.163372427342637572e-01 1.781618458081768441e-01 1.334787148325736750e-01 5.768835120928006432e-01 3.959996770698729351e-01 2.399773118903194558e-01 3.088186434651709611e-01 4.462602332591432130e-01 5.446552468971102012e-01 4.920409121337750991e-01 4.656432579387168591e-01 7.537577129292910572e-01 1.841091732059454422e-01 8.549609329151163228e-01 6.909195006256266813e-01 5.098520374918210640e-01 3.758179821559267664e-01 6.669573219108613227e-01 8.712435299136424005e-01 3.534854931945061729e-01 4.287916597468776070e-01 7.640427275225607495e-01 8.053169713438375066e-01 3.444997342917914818e-01 4.228302423122725084e-01 3.528845408653190630e-01 2.465308628487495879e-01 3.261685421081328418e-01 5.990269632851702442e-01 5.435867777561922409e-01 4.546381623542126160e-01 3.118332385055201383e-01 5.249473581438179881e-02 1.327856202130242025e-01 6.530448191189109908e-01 4.032367432062589074e-02 2.948983594177148060e-01 9.641472630812648603e-01 6.261428088522923430e-01 5.930164715741191861e-01 2.370418938852437707e-01 6.630174779194519807e-02 5.830284725021732672e-01 3.092713037253616015e-01 3.361988177107649856e-01 1.375023821378040800e-01 7.543727262399013700e-01 7.892141353845960605e-02 3.243477750049147401e-01 4.836104824006438596e-01 9.798101962839594892e-01 9.557579770516312356e-01 2.781625975653480021e-01 2.762777820728503642e-01 1.761744826763610439e-01 7.069151499213021106e-01
2.062284054549667900e-01 6.606796967347773331e-01 6.824458311658657683e-01 8.315291522688728065e-02 3.468920551481080583e-02 5.536114566655989666e-01 8.062191838128796029e-01 9.768965368364178614e-01 1.866005174799088007e-01 7.809120266469865568e-01 4.497369427105224471e-02 1.450786652186124570e-01 5.164249048981800172e+01 7.928395811404607141e-01 4.922324104312663096e-01 9.253734571905772865e-01 9.696316112364049555e-01 4.882059731965870952e-03 8.770506581920510802e-01 6.750003892548636086e-01 6.509228906344537435e-01 5.050966943853640867e-02 6.520960924505381229e-03 5.680323111623443166e-01 5.016059553149191386e-01 5.957462796269822336e-01 7.389540810028694118e-02 2.778403298135767585e-02 6.975701147742134900e-01 5.203907036485136972e-01 9.842172387705971914e-02 4.717451671889347775e-01 7.329323792412504313e-01 4.505490372597720228e-01 8.573330708718487347e-01 3.920628875316413131e-01 2.072939247816404373e-01 7.537205011321570503e-01 8.807902068241445503e-01 6.562010866702014944e-01 4.535599598990425196e-01 5.479223136584365772e-02 3.298516631772092644e-01 3.637270097595658447e-01 5.264187460481117853e-02 7.638216310761207772e-01 9.878326260266222514e-01 4.112406626782286745e-01 8.849985375534019649e-01 2.994023061686653664e-01 8.967441327488950842e-01 4.668143045181766260e-01 1.586051937695759362e-01 6.161074064457715549e-01 3.255196218369652561e-01 2.607235854289035037e-01 7.381756119136669847e-01 9.278673699826385235e-01 2.175117795286607425e-02 2.492661798312905130e-01 6.521079654841721585e-02 8.650612264369693660e-01 4.760407059396345453e-01 7.932298745993645595e-01 8.509751552304678501e-01 1.215969354606667441e-01 5.623889117623082079e-01 7.128398759441306742e-01 5.920041653666348047e-01 9.613706776581171232e-01 6.792784616873797088e-01 2.911013387198221336e-01 7.844043412477567090e-01 5.505163930457293020e-01 2.582425572585547169e-01 3.671191575112755512e-01 9.488893451922845168e-01 4.350641245861944784e-01 7.648564417099590340e-02 8.484198389740078561e-01 7.172703380812969209e-01 3.417208103116444740e-01 9.572693297028731507e-01 3.040506915098192264e-01 2.423898610692920563e-03 5.431049387728770217e-02 2.919729723807843458e-01 8.811352422536583573e-01 7.667514181759885750e-01 7.692444448876675223e-01 9.667732677699391042e-01 8.798384716974451125e-01 4.786237788679494898e-01 6.408296660585813820e-01 9.084441039287385333e-01 2.201127015940760323e-01 6.358338297054326738e-01 2.328930957309454097e-01 4.083071733528333969e-01 3.825519293832202461e-01
3.481085108722022925e-01 8.864417841377653096e-01 1.817090832362278086e-01 3.326846959685001437e-01 6.050870547106113051e-02 4.270779758307648999e-01 1.999889009882127588e-01 1.159120413790926118e-01 1.050153836686302800e-01 6.749599367443080977e-01 6.964730177742828321e-02 9.565993541249242504e-01 4.882542577613359081e-01 4.944046264624819997e+01 9.686057475734700661e-01 3.923536601819237468e-01 5.162935744450514175e-02 1.753686860599090735e-02 2.276539756053506114e-01 9.830946307720861421e-01 7.774664026450028853e-01 8.022479257071721825e-01 6.081401800054990758e-01 2.344359411937433357e-01 1.305835896321638767e-02 6.946124413145606802e-01 3.399171102752305273e-01 1.943282431776213182e-01 7.923474544268465092e-01 3.590271199165098182e-01 9.763449445243190805e-01 3.470419869647727307e-01 1.646727054863323936e-01 5.168130747750857568e-01 7.402015498123357684e-01 8.356312420818352571e-01 1.743781062727034481e-01 7.078880543673615744e-01 8.260196423659837972e-01 6.789512514545966715e-01 6.209430175556920339e-01 1.385752055919433623e-01 6.603622179341980258e-01 9.895037454062262094e-01 6.117773894278832891e-01 2.143592687868592916e-01 7.067003140277569040e-01 2.984844773159925913e-01 7.618537296038381257e-01 1.264642204676296178e-01 5.812123497362988722e-01 3.092291857527409427e-01 4.847142563041216823e-01 7.371344345899288886e-01 6.841239552499517318e-01 3.811178358186904092e-01 3.656316137279373990e-01 3.603348636587794251e-01 7.339354160701822005e-01 4.731102477351888380e-01 1.179311328186216645e-01 3.046801338280068494e-01 3.489570110162596439e-01 3.622877785174988263e-01 8.627331341441368817e-01 7.547354514083584043e-01 6.145031850095178383e-01 6.785932662082182487e-01 1.791690859436025907e-01 5.913755824869479927e-01 1.673704241720281871e-01 2.185732143193388488e-01 1.081092845395259516e-01 6.591159587495012406e-01 9.240524282530119260e-01 9.476733711112215186e-01 1.829088405156751307e-01 3.091187401705129956e-01 5.664632267761537943e-01 7.473202700291483591e-01 8.595597492920212801e-01 2.525601887812033430e-01 9.645733155397242520e-01 1.413765239717479361e-01 7.117369221009215430e-01 7.295661090314163877e-01 9.493343588666498523e-01 7.488255514130538470e-01 5.909859751858332899e-01 6.948380609403592700e-01 4.165218242528070380e-01 5.798789569348009598e-01 6.830879290496895129e-01 4.663460645465888899e-02 5.213088666765997026e-01 1.152299353210950450e-02 3.946817189476822252e-01 1.316848831292378730e-01 4.395767867395894424e-01 2.134720656529290883e-01
4.434018155186839616e-01 4.408958143434579258e-01 9.415357732222358056e-01 8.554384529283831640e-01 9.851119782462441909e-01 9.938309414911411510e-01 9.720412958455487695e-01 1.587046130939384625e-01 2.202482896580374438e-01 2.227334598584870262e-01 5.061271957063389060e-01 3.362224026811895250e-01 5.982159848539742031e-01 6.947396125154338131e-01 5.480119404417723672e+01 4.853777721677535739e-01 1.934737249330442665e-02 6.361263482395331792e-01 4.837185590083725728e-02 9.661512281190922646e-01 9.178938863795303993e-01 5.461112421814637852e-01 4.040410916684675779e-01 7.486877097630296740e-01 9.089397526695943696e-01 2.451129444121600276e-01 1.657000736760716464e-02 4.873419237059140041e-02 2.204542508641668119e-01 1.578451366630795327e-01 7.037547309312883748e-01 5.330940437330349280e-01 5.200909905493105168e-01 9.835795767558785929e-02 7.690915371721726013e-01 4.250411232331345879e-01 9.247307607064589874e-01 9.765545651900627844e-01 9.826259776551113934e-01 4.381502369629638460e-01 8.690317013681335689e-01 7.935629193708910734e-01 9.723399844415598903e-01 4.374602320664994215e-01 2.160097809277646830e-01 4.141925446888965467e-01 3.685933737346630545e-01 3.585552692209044157e-01 7.472365883115923424e-01 3.726035420328274173e-01 1.931394221535924771e-01 5.818117760560816976e-01 7.424231496502508021e-01 8.051308902513262256e-01 9.808648562842527951e-01 4.052227734960669459e-01 8.811324687017045854e-01 9.823033477748701614e-01 3.008570760208347794e-01 3.608910743074564831e-01 2.706649844510543579e-01 5.794994044146721812e-01 6.112210603870292802e-01 3.419880235960868209e-01 9.879812785194390656e-01 4.133381054641361851e-01 5.497124163562592258e-01 8.017422239859653965e-01 3.843644099670173730e-02 2.843719670292446100e-01 8.450516057069560327e-01 1.981798083674353173e-01 6.648365808832273904e-01 7.896673005315957283e-01 6.039847643323129622e-01 4.778459570725533956e-01 3.599121643841746154e-01 3.215581380089895802e-01 6.878123848261102902e-01 4.924351813790337484e-01 9.649485724805872966e-01 6.866511929153628069e-01 7.179552383905162261e-01 6.949147413976339838e-01 8.266704044364310278e-01 8.027221481796920077e-01 7.622605394771442278e-03 4.204606604624173682e-01 2.178391355475745028e-01 2.683257579016103955e-01 5.657683732995062442e-01 3.644134635614049156e-02 6.138740929496511178e-02 8.955497716872706793e-02 7.196474029657127236e-01 4.963653946125424765e-01 9.629164531563867424e-01 1.186132732226088393e-01 6.876199667353947165e-01 4.640503647150733268e-01
8.935169074130907552e-01 4.374928974471694598e-01 6.435947965756234623e-01 5.891825954220530903e-02 1.580134073996457555e-01 8.710561777014435014e-01 4.577277794823022550e-01 3.964189614151009122e-01 5.899044230988657045e-01 5.930793013372859246e-01 5.884759694924168727e-01 7.434495924641180142e-01 5.834698720120978788e-02 1.404013266833866735e-01 3.778990708748193317e-01 5.304548439985558872e+01 5.767669549621945446e-01 9.775479155556010546e-01 6.737056189493175751e-01 2.688647887484696408e-02 9.798222889269092573e-01 8.345621067383025560e-01 6.089967816580398319e-01 6.068299228200645379e-01 6.618345974227879402e-02 6.469245413809188161e-01 3.838475687296893923e-02 7.383371199692716491e-01 2.323299653415689114e-02 1.958726166045843264e-01 7.327690194799004741e-01 6.418019673821606652e-03 9.440491928733418803e-02 1.373376099235449344e-01 8.224661923139192643e-01 4.831458616856441068e-01 7.441616473324120795e-01 1.269756188656131490e-01 7.559318931558149934e-01 8.361126475631394106e-01 7.709376205662918924e-01 1.999139108022109923e-01 9.055031018037317248e-01 9.087231734006573358e-02 9.056074628622776679e-01 7.527978337093013117e-01 5.851264158101469048e-01 3.441995148558771866e-01 9.117674451320907369e-01 4.107569314495659318e-01 3.624024183169556323e-01 2.070800423089290687e-01 8.932569024236690636e-01 5.551042996128187079e-01 8.830976976537542322e-01 6.749182058370606363e-03 2.651365659747166870e-01 7.696686845538303068e-01 8.762005989607911660e-01 4.607796638698291591e-01 1.199859179972030399e-01 1.769775817980502319e-01 6.463312443324729095e-01 6.650765575696893084e-01 5.327966690727822252e-01 8.731918274352825637e-01 3.752256440044177133e-02 2.153395737625153350e-01 6.796103460150098030e-01 8.046840155833506758e-01 3.014906720040403387e-01 9.404246006923328016e-01 9.767871485790872166e-01 7.286337984891203545e-01 2.984231934619258064e-01 9.279424350980274294e-01 8.773092739100445403e-01 6.732259944725010881e-01 2.251909655938799659e-02 7.802547547864727706e-01 5.373872398408676698e-01 9.088760983629220469e-01 1.035939360332678305e-01 5.660567267861176255e-01 2.465189096682369740e-01 2.893696591499883564e-01 9.371147897667552185e-01 1.755766196852240890e-01 7.250757035844319631e-01 5.885984883039224735e-01 9.757290623151363418e-01 2.759844637805374257e-01 2.653718963975439937e-01 1.205155711623401293e-01 9.780720722456841543e-01 7.924429762535193378e-01 5.807258190361763717e-01 6.032946437998458755e-01 5.349029634213746665e-01 2.345059119744302700e-01
5.053827967798782961e-01 7.326643389165865550e-02 3.693422809276010188e-01 5.810340294424775065e-01 9.131224368224645227e-01 1.794828901230189899e-01 4.952361026599476634e-01 3.309985076577282026e-01 3.587403771291376442e-01 3.200892646431504618e-01 9.440672103095970602e-02 5.558415562935239418e-01 8.052147834237443069e-01 2.042822125404364364e-01 6.078607335757354457e-01 5.831405007231561521e-01 4.922961224850958217e+01 6.511158520576468822e-01 7.888135478400911671e-01 3.453009941158640128e-01 1.825385825268283080e-01 1.400088249711894939e-02 1.678162861612501056e-01 3.773278521991674239e-02 2.614605256838735681e-01 7.222757835894022538e-01 3.548861783722563334e-01 4.534260227791555575e-01 1.545333938784643202e-03 7.425402164778366343e-01 3.208900146213724547e-01 6.976130641745614813e-01 8.781655394846420437e-01 2.449116913752957814e-01 2.598452047276084143e-01 2.084471295667074120e-01 9.211035244884709927e-01 8.231424834702527615e-01 1.711019654237302401e-01 1.078812999493271585e-01 4.921652200831942991e-01 3.683546177489189777e-01 2.940621801294175386e-01 1.086682187660406029e-01 7.917694820093963415e-01 4.946434891591172667e-01 1.547748116063973889e-02 1.032873652385409846e-01 2.577454777069634329e-01 7.983029601792758223e-01 9.750910342552990828e-01 8.358710108681349782e-01 7.287749143767251470e-01 4.288267066708633113e-01 9.948407785081017085e-01 7.803693670377440661e-01 9.391893081022196776e-01 1.154369371143740830e-01 3.713586619850645087e-01 7.234824608641139410e-01 5.333327546920429985e-02 7.926763786899050368e-01 3.312827562713326346e-01 6.773002703313771855e-01 4.337641217023672224e-01 5.306834121146045691e-01 1.462967629409074322e-01 9.792107043074066430e-01 5.584359927593363082e-01 2.198109239483291288e-01 1.447126215501954860e-01 1.103789905028782492e-01 6.285947923749775068e-01 1.484640147644564756e-01 9.498580138369568937e-01 3.946158901688535670e-01 2.908463073222122830e-01 7.726732259817639115e-01 4.183882680701197510e-01 5.663945699989988425e-01 1.121575982352319700e-01 4.522043982357257796e-01 7.482935006946367373e-02 7.138467823360582498e-01 9.729486960336708457e-03 8.791758962611246897e-01 2.481564919116778789e-01 6.237543718003635274e-01 8.701087025413429821e-01 8.964320114757828861e-01 7.190161533995085286e-01 8.772714208966764238e-01 8.475431955573455856e-01 8.848738125509133523e-01 9.388381375450518540e-01 9.556149144101829807e-01 3.624156837833764078e-01 1.686160985375825261e-01 2.677724669084635689e-01 5.214940978276818573e-01
7.215341721863713920e-01 4.262585451740352749e-01 4.771898494325725881e-01 7.751828104020239696e-01 4.656203082071358468e-01 6.146598031125797279e-01 5.123065891427591723e-01 4.881321099257714957e-01 7.033302773026138821e-01 8.793069944950535621e-01 1.880828675901927705e-01 2.782599138116861326e-01 4.999075337359512039e-01 2.549707443969924103e-01 5.906103363050774213e-01 6.096304518950692586e-01 1.746971532647727532e-01 4.669760207074291714e+01 2.736123156427847647e-01 8.169008486064845975e-01 7.679910757856732717e-01 5.166145447126226919e-01 8.057970626766884914e-01 8.812165351238925304e-01 6.593665444546537024e-02 3.662464873006167076e-01 5.069856361308500148e-02 6.083718059235342368e-01 8.697089486403807301e-01 1.350808060128494414e-01 1.063262817841114094e-01 2.732750472736815706e-01 7.767386973433240138e-01 2.041385633888465057e-01 5.955816794113749646e-01 6.445374668414778352e-01 3.835292134537993114e-02 6.049796318033878739e-01 2.294004957844325565e-01 8.669688296037318942e-01 4.643200919729971732e-01 1.622227897532652063e-01 1.459143624814414064e-01 6.064170629148268876e-01 5.446022769553774401e-01 9.984262876697181932e-01 6.931321281146325397e-01 3.937148536250018038e-01 1.735451211582641484e-01 5.168234475607992318e-01 1.014734272761941281e-02 8.044801944564965446e-01 3.530182157263276332e-01 3.539785087405625807e-01 4.008843618546966692e-01 4.560154860935144994e-01 5.268230850241156782e-01 9.422861795834335252e-01 6.863234261668976766e-01 1.731893395534560565e-01 3.141982575554173041e-01 6.491869310515274716e-02 4.595923645212744990e-01 7.993469186063494325e-01 2.478553480011261856e-01 6.330046074307382753e-02 9.361800955956848247e-01 6.005663709562009123e-01 6.159197007957737391e-01 5.944741397633617197e-01 3.093723925721642010e-01 3.498733923496643028e-01 1.533571004596714360e-01 2.473465995719147381e-01 5.557823779025635735e-01 1.587538898655603825e-01 5.398473503742921009e-01 8.495191027905144576e-01 9.849029533145026161e-02 9.641427578876404780e-01 2.118340920495864754e-02 3.064584417308334752e-01 4.349882889151535093e-02 7.634192183531359754e-01 6.292779531159431450e-02 9.277015116276468021e-01 1.691653778727464363e-02 6.960957295144583057e-01 6.246002387477688211e-01 2.640881698390822319e-01 9.767869593307296761e-01 3.131800508828579410e-01 1.054746147339050699e-01 3.193198592444096429e-01 1.925855331788068892e-01 2.784101227372093312e-01 5.547195439288055141e-03 3.926907472679997957e-01 9.738158784518127220e-01 1.463175256295999871e-01
1.192920205678604795e-02 4.343950802147790169e-01 9.333270711532077879e-01 6.086405833716780345e-01 7.438324908392196511e-01 3.732438079738009673e-01 4.884732782987755151e-01 7.600410566971351756e-01 7.238864208718664983e-03 6.971600813578204825e-02 5.499974207129132431e-02 9.164648364071491526e-01 6.109176166581862244e-01 4.127163981421912986e-01 5.304856768527385080e-01 3.434620286413349044e-01 6.681559138285860788e-01 2.962133096431137647e-01 4.923635985165986995e+01 1.023805372330341967e-01 5.073419541397703458e-01 9.039499323480318926e-01 5.883575652332744266e-01 3.669358975333042450e-01 8.431182753465792379e-01 7.144868477872601265e-01 8.063358452444032709e-01 2.695408748270264887e-01 7.530019095960157616e-01 1.960596576686033377e-01 2.942306087821048299e-01 4.255986307081564002e-01 5.996191771439451923e-02 5.466113568472216189e-01 3.450042544635264496e-01 5.959143988073722920e-01 6.631826749880557204e-01 5.212249916208493428e-01 3.499500564759541188e-01 8.301107628469599486e-01 3.420058414981939077e-01 7.970131969021460039e-01 3.672012126001422683e-02 2.195177898808939876e-01 8.306968331235357050e-01 4.831290644742776141e-01 3.636598006960967133e-02 8.649932556577855092e-02 7.660956623975978541e-01 3.552883720492324704e-01 4.441526818683596556e-01 9.971393046790301140e-01 1.307754200254759303e-01 3.262115383847953298e-01 6.033070672370598464e-01 2.300509480171274435e-01 6.792960065367951161e-01 3.505332307748710852e-01 9.046032093883971115e-02 3.231209123299028096e-01 8.490759304958586107e-01 8.279847644481238556e-01 7.700858985619352115e-01 4.789643251120754286e-01 3.378825117807043865e-01 5.514170240394421496e-01 7.023846820325815310e-01 8.184322173067208883e-01 1.386338122558722352e-01 9.865753729147075379e-01 1.125058680499367858e-01 3.715318085456653652e-02 7.172455732254472416e-01 4.895709923880658954e-01 9.433165988886861308e-01 8.700827833423037116e-01 3.671635142571170185e-01 8.751958401252202258e-01 9.521384945538797773e-01 9.620798680477449238e-02 7.103988962029783583e-02 2.876799777602501162e-02 3.202642236348671734e-01 9.410868657533293380e-01 9.441644287926983514e-01 7.256896138862445333e-02 6.610214110264188703e-01 9.465786593144921435e-01 2.480469776296252427e-01 3.931390209112635148e-01 5.679500740111661505e-01 4.454073730678609344e-02 8.828814468691806860e-01 4.250934174383056430e-01 3.943181529683840170e-01 7.515960473339039494e-01 2.261530360418444463e-01 8.562788032562540508e-02 7.305195941022545325e-01 5.971381574949596871e-02
2.306923223932634270e-01 3.440729290916981764e-01 9.053835135615225793e-01 9.919166637454694957e-01 7.490035144448217164e-01 8.217197580870609919e-01 8.402664988747343688e-01 9.814306415619190593e-01 4.604718114437771348e-01 7.023409748939918318e-01 1.358501792492086135e-01 1.035464800754014592e-01 2.383502892314531829e-01 8.040162954755782909e-01 6.432419301062071160e-01 4.160586640889216703e-01 1.427640984291459469e-01 5.657245064585285643e-01 7.516978387799553296e-01 5.691229537748390044e+01 4.814610832346083447e-01 4.468379936501484240e-01 2.477100216502824415e-01 7.477014669150719994e-01 6.122392859439563795e-01 5.426983836107723835e-01 6.320281950310062680e-01 4.324237501152246033e-01 9.505089682619577429e-01 2.962915750647552304e-01 3.349499038552146146e-01 3.997915655040992222e-01 8.215376436646762981e-01 3.942091657718408415e-01 8.934020296618753187e-01 9.568163099960017570e-01 8.553270380645907611e-01 4.746871858206647143e-01 4.778497579618432578e-01 3.384494298470094309e-01 4.724737952509736605e-01 9.444064501386766342e-01 9.277784843868576159e-01 4.054930014689326345e-01 2.555206141009997989e-01 6.601296732761386954e-01 4.932999394225687784e-01 6.064938635581225146e-01 8.983742216704307948e-01 8.517703082461669517e-01 5.709487559490196151e-01 9.450128461566587035e-01 4.849054356672357624e-01 6.560788441647273928e-01 9.700811655402493683e-01 6.652843680111056868e-01 2.567789136961129426e-02 6.857739358152040721e-01 4.165146314907172131e-01 9.711883498076659960e-01 1.210750570249752300e-02 5.875376041736886101e-01 8.305094446549541320e-01 6.525777050596501816e-01 2.524217983753749284e-01 8.432023650766298228e-01 1.394817369323892997e-01 4.756839533308167001e-01 7.362026572948751069e-01 1.352792296256056792e-01 1.544932108398775483e-01 7.038867868556923924e-01 3.318225886877633757e-01 4.235407007975111604e-01 7.007292980293465812e-01 7.759565782561678171e-01 9.948385530050531944e-01 8.123301789644319371e-01 3.432398107431611223e-02 6.165660359320521700e-01 2.170287759074006617e-01 5.378225605152135991e-01 8.352824242415723965e-02 8.143051676879456968e-01 2.655246910919215608e-01 3.642506553446543949e-01 9.615082267253189929e-01 5.321493678362629876e-01 5.003502135168381715e-01 8.974868440791672342e-01 7.588569877619490978e-01 8.721247987248479383e-01 5.305412003201804838e-01 3.587147351083114222e-01 3.245739442617184833e-01 7.916143953176139059e-01 3.834019829132957469e-01 4.170909748968965047e-01 6.357127240048748851e-01 2.680378040526228967e-01
2.889824053568558204e-01 3.903965551376187282e-01 5.482059236335901087e-01 5.418808313952619971e-01 3.947537895019351817e-01 9.127778720750756580e-02 3.369847726188767156e-01 9.267841284925177892e-01 1.288328563220573209e-01 9.517541501551494143e-01 8.889648308107634955e-01 2.314897265676426619e-01 3.396078276530279938e-01 4.168727140550686494e-01 4.201432887285833084e-01 6.220461350039998560e-01 7.442304390446958795e-01 1.937113805226791108e-01 6.476431297144495947e-01 3.892760165101889491e-01 4.614013412115208723e+01 6.807804628630811372e-01 1.681708747362250511e-01 1.135249415538709394e-01 7.113252403011822711e-01 1.814239392522868366e-01 5.266262711309553923e-01 9.534172002673746427e-01 5.439844916712679446e-01 8.694077500265251501e-02 9.085305640951197859e-01 3.237527736397951550e-01 4.822713195967658351e-01 4.562582944977489063e-02 3.701793600337738299e-01 1.216293945938303755e-01 5.512831769873183241e-02 9.217881879546047097e-01 1.217338285796576436e-01 8.396981831550255349e-01 2.265444911905282188e-01 6.751540008134886417e-01 6.894323960727900547e-01 1.233403528467498234e-01 3.297982693971313051e-02 9.306090720690904927e-01 4.741355011857717461e-01 2.665346264915543495e-01 5.200062603761894664e-01 3.654261082725498433e-01 7.954487725979851875e-01 8.413870064438282448e-01 2.228868153853191814e-01 1.340239980370543371e-01 4.955844756760063863e-01 8.025375730017515474e-01 7.877415201895767716e-01 4.987828463136129153e-01 3.363168812017695020e-01 5.667207779857020844e-01 4.734230074657286291e-01 9.926960519691516716e-01 7.341560325011967647e-01 4.258451818236519415e-02 6.524563144832996597e-01 8.481593140218082194e-01 2.433553623692156220e-01 3.668097137660238927e-01 1.736948619963154528e-01 7.447366941785467098e-01 4.409296206577311139e-01 4.698044080651089249e-01 8.920191737985783131e-02 5.274049132708746868e-01 4.163846074428720900e-01 4.309272518360928172e-01 2.706742733830677095e-01 5.365090617516378169e-01 3.790715419461047064e-01 2.892448246469647710e-02 1.308031624435624929e-01 3.657214384457008194e-02 5.194863682591133180e-02 7.133151322352380141e-01 6.543733609296698006e-02 9.852248340058215037e-01 7.213566782493741059e-02 8.569804934591189749e-01 5.403784097582853274e-01 4.114168683057767284e-01 4.405761096678397770e-01 2.503600508014333093e-01 1.670605834155252101e-01 2.667932453050415598e-01 5.967352122596171204e-01 7.283744943252604687e-01 3.930799650784995158e-01 5.115468376135038353e-01 2.765900363310720422e-01 5.643423845104503789e-01
1.968344427181867307e-02 2.816814544753271088e-01 5.798904382747214203e-01 7.268024085263617984e-01 8.793261230568708564e-01 6.678222619655485026e-01 1.920156465819226055e-01 7.138784284036604477e-01 5.237802781680030995e-01 5.179299897979647849e-01 1.152787723869402869e-01 7.245408506093129475e-01 2.546929945049256627e-01 7.007927943895706502e-01 3.731019677548916835e-01 9.362017501594375180e-01 8.254787696238818917e-02 4.602726345941476893e-01 4.348894957517058790e-01 1.996890797397785633e-01 5.661099101988402715e-01 4.933735503532789579e+01 3.376649164244255319e-01 5.708727589894930787e-01 4.563756448522872100e-01 7.647387034357762126e-01 5.274395048250268836e-02 1.042873038790765872e-01 5.195341179752525074e-01 9.388611308208527628e-02 1.322695353380498595e-02 8.144612333376327618e-01 5.868485027149197286e-01 2.685434592461362069e-01 9.364029106471416508e-02 5.093752626457377364e-01 6.352235810160243856e-01 7.251066719673846528e-01 4.454160667773393589e-01 1.763484721584278603e-01 1.946184540810048658e-01 5.779560648152213265e-01 3.300447710844008897e-01 7.762739115855851191e-01 7.615839578489866923e-01 5.966113338891854134e-03 4.563628877558848496e-01 8.788211351376534752e-01 6.015691952423172228e-01 7.218131873277758848e-01 9.803219685884849710e-01 3.418294416344249687e-01 5.428351607419523717e-01 9.815211898203046736e-01 9.710886686591131411e-01 7.228011130380015414e-01 3.631059638702738290e-02 8.128733839616582024e-01 6.483346139489531978e-03 1.401930873046013382e-01 5.377517090250797382e-01 2.398938202299615297e-01 1.148758170436223747e-01 1.093774499395527844e-02 6.199812539405387124e-01 5.871988334466727855e-01 8.504134971931348597e-01 9.253705885956309274e-01 8.311502459237989360e-01 6.823695902963875515e-01 8.104253721429991453e-01 2.847854429123397590e-01 2.959242318316446241e-01 6.487389856603857918e-01 6.849774349156327879e-01 1.431295449227815153e-01 6.665881466955976276e-01 5.312006189094968800e-01 8.466270797672849069e-01 3.967423603307845825e-01 5.004783196330342410e-01 4.411832095603547277e-01 5.653291603345487193e-01 3.683122605903654811e-02 4.962226724548923773e-02 6.058342904119183858e-01 2.790865022659992922e-01 5.309876544878799898e-03 5.854997396118017949e-01 3.517336391277948726e-01 8.974160700098294807e-01 6.609570348204409918e-01 5.954016995096633735e-01 3.585433976587635296e-01 6.944875522833624526e-01 5.907773559031128663e-01 5.715778737225503114e-01 7.144459052883699313e-01 5.315792318719942955e-01 4.386876018297370949e-01
6.683233503883821980e-01 1.953728702915265014e-01 1.460276977515210239e-01 6.985160321915788728e-01 2.848461225899481253e-01 9.442036184850749470e-01 7.209756367252913023e-01 3.964517926615414023e-01 3.983203333695100046e-01 1.883487731185902181e-01 4.502801708754265997e-01 8.414288436233814394e-01 2.003418613324583486e-01 7.267832569896304218e-01 1.983136676930110642e-01 1.000982320209651277e-01 2.754145809640416998e-01 2.979911091158576886e-01 8.633562252620555766e-01 9.370398685665101146e-01 4.892358637866949245e-01 1.832730631424683843e-02 5.725283394319082930e+01 7.686346742325309567e-01 9.712098709292837917e-01 9.098286770745334096e-01 6.118412276682253514e-01 4.606671163822917414e-02 5.094566898785989340e-01 9.253327631988699231e-01 7.986475071792671354e-01 7.588594367320045109e-02 4.336264125167250683e-01 5.380599801631854584e-01 7.877162883303507890e-01 1.181994942351690669e-01 6.224468064304655712e-03 7.802088259378455737e-01 9.686201140310825020e-01 9.959883520926900990e-01 4.315194948710721068e-02 2.451819893079649759e-01 5.161630188583412604e-01 6.195452512095018793e-01 7.368167841501946924e-01 9.888518206060952220e-01 8.199547073904460692e-01 5.812845791979738275e-01 9.218511963888934568e-01 1.236740826414871597e-01 2.808855639721228314e-01 8.925242574202839618e-01 9.864904256821932504e-01 8.811878783945593652e-01 7.416586905165997168e-01 9.731222740337079902e-01 2.256049074736560245e-01 6.830311618951173669e-01 1.247591660416946802e-02 9.918642738787555313e-01 4.568438334293509762e-01 3.407343359102221747e-02 3.741619693998340379e-01 9.165976723975421958e-01 1.271347145010333080e-01 3.337530143336354671e-01 4.675934674787283196e-01 5.384469939782624559e-01 9.007615980305124781e-01 9.652821021631262655e-01 3.819453503474204981e-01 5.578899290415316736e-01 8.479550684721720577e-01 9.085371929605137176e-01 8.289157704067734445e-01 9.969920262086288121e-01 9.955865502129926936e-01 3.779771014697007603e-01 7.154578761540351106e-01 9.974519290179474362e-01 8.564281389068192363e-01 7.588288238879570269e-02 2.243611826093849793e-01 7.857431126193270554e-01 2.724731639373191294e-01 3.803098531886938138e-01 3.552798751893146978e-01 7.481216306916258496e-01 6.735761326308501440e-01 1.362134722120244001e-01 8.808798999151024045e-02 8.650523489600814298e-01 1.422836334015551429e-01 7.275319907471674563e-01 5.479083033415161896e-01 6.308295075271808106e-01 5.521123630240075686e-01 7.685027733834339791e-01 7.540026313752870024e-01 5.257481608692998742e-01
8.277776118117663451e-01 2.688856354435733564e-01 4.157975328845893159e-01 5.020607881332042055e-01 7.417650942655601431e-01 9.275464350817019810e-01 8.037534945109109374e-01 9.406969238668972944e-01 2.517807397451283791e-01 3.523981938742002384e-01 8.732086701176451360e-01 4.148483365203314843e-02 2.289063779870603721e-02 1.868168041460631645e-01 6.300690965203780136e-01 8.829774369871207229e-01 1.114244994287459933e-01 6.612894534799093060e-01 8.529613256842343283e-01 9.408112976395478499e-01 6.589645431553636801e-02 8.158202706009753946e-01 6.225038720030728889e-01 5.845808960100696083e+01 1.755796003416785211e-01 6.206226700368476790e-01 7.204165111023774770e-01 8.426276289733261038e-01 8.320603239073988133e-01 2.887029522232581469e-01 2.976128170820846464e-01 5.231672411622193541e-01 8.793702907541514069e-01 8.054052506219492313e-01 9.567438293909695801e-01 5.141837821659355212e-01 4.027874521813872288e-01 9.229931096549366387e-01 8.534875177350178532e-01 7.530107606027782730e-01 8.160906821921714016e-01 1.433119340660838903e-01 8.512190327077278074e-01 4.891246748055410043e-01 8.711308542790828779e-01 7.987018915845182088e-01 6.120982157729425444e-01 7.579475990299143762e-01 6.800549928291371726e-01 3.643436190528223095e-01 7.304632917305238227e-01 2.592638014572850036e-01 1.513513486947883901e-01 3.370989469324603416e-02 9.769238945470194446e-01 8.739838113376225959e-01 3.734616349078947461e-01 4.485883981417693178e-02 9.652078886218261600e-01 2.709356446626867143e-01 3.851000513112655677e-01 7.929018836377652590e-01 8.809906082974976460e-01 9.076790051662643188e-01 2.042562803181344755e-01 4.859563886300349855e-01 2.334730845072147121e-01 7.858792938324419275e-01 3.857941869882423047e-01 9.725172457003893323e-01 8.632156664040928629e-01 9.271315568735702950e-01 2.322663063201868550e-01 1.946366807545217847e-01 7.481036843648527501e-01 9.844203837572180760e-01 2.842799450836938080e-01 9.259357659669061880e-01 5.372211284391963382e-01 6.405947898316677325e-02 5.284203356042839195e-01 3.241550740228403837e-01 6.233932441575584793e-01 2.067983665510715330e-01 6.188284328301655313e-01 8.033064568800779570e-01 7.602681274929296018e-01 6.403023076353623333e-01 7.246326418892780064e-01 5.859934914985935883e-01 2.323322351277645748e-01 5.614193134438332233e-01 5.072171403999551353e-01 2.268464185852211434e-01 8.442891377613213066e-01 7.747198292263601793e-01 1.097029388342196654e-02 3.838281157705988322e-01 9.484687398134241665e-01 3.527625671623820791e-01
4.553329227697893167e-01 9.460264066247494608e-01 4.161872542037881040e-01 9.826050385027419454e-01 2.185656741226553734e-01 3.394294842469104401e-01 1.267959251949701827e-01 5.528387005308831315e-01 2.997183755188475018e-01 7.713180747985159957e-01 2.912908578191383269e-01 9.305541075557013375e-01 4.635730470722454477e-02 5.979291737506929882e-01 7.920132739452071524e-01 8.769648834064200926e-01 2.185632321271634426e-01 9.364056938625373583e-01 6.815883273566688549e-01 1.942274200193716549e-02 3.653513596602497859e-02 2.578640285214872652e-02 5.742363657383373621e-01 1.537385162555569007e-01 5.030103115646000589e+01 8.727784650414334155e-01 5.010492770586333355e-01 9.839076391613159611e-01 5.015549280549440603e-01 4.848739243221878992e-01 1.807875550928335073e-01 1.680750384723335156e-01 9.278028214069662383e-01 8.434720154137939074e-01 5.879781544250953784e-01 5.921170038274631287e-01 3.331338351330579428e-01 4.561110482672887656e-01 4.339829130437233840e-01 8.095843412856476018e-01 4.032392368517744297e-01 6.486892634627720033e-01 1.191707575442156886e-01 7.642241066836450436e-01 4.144552136428694133e-01 2.699765155038988951e-01 2.177470141844157769e-01 5.681048196151551322e-01 4.710455261388795112e-01 1.910170274185520878e-01 6.179281384932636678e-01 9.041180451640498106e-01 1.940697495231906711e-01 7.408449115388053841e-01 6.319693995235632356e-01 2.201201102760982353e-01 2.758421131064932030e-01 7.366316582500942456e-01 9.054687487236513510e-01 8.308039333937228266e-01 1.663075464811254456e-01 6.842896913827224425e-01 4.292239151739120073e-01 6.695576335128952117e-01 1.593960876474251886e-01 4.682211543755971928e-01 3.633003234192947462e-01 8.178262208209181594e-01 9.217231690195816229e-01 5.546802413081743932e-01 1.877029189393742969e-01 5.584070540488561551e-02 8.716883408084815654e-01 1.588960621506141369e-02 7.267860868608977398e-03 5.125730037542632900e-01 1.764889542490448715e-01 7.052223213857709005e-01 6.663751456531596951e-01 9.765039059757530948e-01 8.211804799634774277e-01 3.705019479079553202e-01 8.489161535571645434e-01 3.527245048428920837e-01 8.805685361811477208e-02 4.239017010417094333e-01 2.323028713686061675e-01 1.927515350915006698e-01 1.154806594669987030e-01 2.279779556384164962e-01 1.278862201054463688e-01 4.443186579851282625e-01 5.354495224836909317e-01 8.383309427982104101e-01 7.780425608411341010e-01 7.755624080195610004e-01 7.798053720618710605e-01 5.382530229007764788e-02 5.405258698544087581e-01 6.391679169660939852e-01
4.863531046447665540e-01 7.371003632178060316e-01 4.734787884620494935e-02 9.809328335147947664e-01 5.200611618582982043e-01 9.683658694912606890e-01 7.384388585479597644e-01 3.362210677112922319e-01 3.429558071620827375e-01 5.743749831538657036e-01 8.055309426556165331e-01 2.442746490169008799e-01 8.238550454897886066e-01 9.006297412603491148e-01 4.169964815564530802e-03 2.206010212760989297e-02 2.235959363989169502e-01 7.172598394870753902e-01 1.276644420279253733e-01 5.347406922769625259e-01 7.174438899131916347e-01 9.939792934059248353e-01 1.656175721591416350e-01 6.764041723154226027e-01 5.333078037787611914e-01 4.915297434997707882e+01 8.178747023481859335e-01 3.782676447715687118e-01 3.917272855955977739e-02 1.559077734914873226e-01 3.210484225354733878e-01 8.990047532592249091e-03 6.753960433421468679e-03 1.581528397507273587e-01 3.226381658559729360e-01 5.851393671728237766e-01 4.066134985788288914e-01 1.911258418545036530e-01 3.614043868577141438e-01 9.644864832547188627e-01 7.923209221048728157e-01 5.723297361313373077e-01 5.326244082206218478e-01 6.097097819540953090e-02 6.543033993001313720e-01 2.626074706971284201e-01 8.810819489774869284e-01 9.278272306381545320e-01 2.369964545368341557e-02 8.491989079765930315e-01 5.719535829401616311e-01 2.425664304154395712e-02 5.921071554348708021e-01 3.851827407473015219e-01 7.768751086537475370e-01 9.048603260095411382e-01 4.086228056422653854e-01 4.413172543440437856e-01 6.327040014153926251e-01 6.883887046095582551e-02 5.584958009534674028e-01 6.438172811153589636e-01 9.813181901942156227e-01 3.335577183659764744e-01 3.273786621799422702e-01 2.078116111885424111e-01 8.953442430040926547e-01 2.934545883826825685e-01 7.912447374390785271e-02 1.044265234761616590e-01 4.635141731732036474e-01 1.106338189117745952e-01 1.479923353730761004e-02 5.317129692493770543e-01 6.878902737678292967e-01 6.311092577865851094e-01 8.873874387059279556e-01 7.309746719914045343e-01 4.765440626069528118e-02 2.196949740390952144e-02 4.599732467279686876e-01 5.416882578978439167e-01 7.945232127134055355e-01 3.160887345627626521e-01 3.690788855899732601e-01 2.305319390118731882e-01 9.812306262156627046e-01 8.731724289329303446e-01 9.716584640637803139e-01 7.189144331601518001e-01 4.161950600037495063e-01 3.565149250466386199e-01 1.648986045116505039e-01 5.257861218592974062e-02 4.174291408909895917e-01 9.251862487665483137e-01 5.974040532429241157e-01 6.631164894043033442e-01 2.459382145256302499e-01 6.607519910185033485e-01
2.769977143922708329e-02 5.052302678408016057e-02 2.984594173015667762e-01 2.430127866154598859e-01 2.522771087942990986e-01 3.312883976435143651e-04 4.921720033813659079e-02 5.796827428575972441e-01 5.189335639555778812e-01 2.965900680790141131e-01 7.020683206258798714e-01 5.667495292562942932e-01 7.056126050318134446e-03 3.127335674278227673e-01 1.896600369624336091e-01 5.397053887636308334e-01 2.081931928683016242e-01 2.934096063932882803e-01 2.245766224562636415e-01 5.098550170128395287e-01 1.026095698320030891e-01 7.126275224175178113e-01 9.196741215378612111e-01 9.817716468418526965e-01 3.855798594227441978e-01 6.309322812465666397e-01 4.583871810933371194e+01 3.131905822276812579e-01 3.695189789932568081e-01 9.932697108917557527e-01 9.340426894622311238e-01 1.635548947950097309e-01 2.043197419086062450e-02 9.153648873725019897e-01 1.538203422596784442e-01 4.458487366899945847e-01 5.250674591093201782e-01 5.764687569831083991e-02 7.233268417301341735e-02 3.344715049518063310e-01 3.973512631731118683e-01 4.511737857746506153e-01 7.162817043977836029e-01 3.667606892386922057e-01 1.621590282891691714e-01 3.512439862018782444e-01 6.360501178132145217e-01 3.054177789502308116e-01 7.386967756422914144e-01 1.999506861255790913e-01 8.005569308668230022e-01 7.300636213435737210e-01 1.464529303608860245e-01 6.926960691370595002e-01 1.316894020585309688e-01 6.350277319309631796e-01 1.352413418499749387e-01 1.966342618300960243e-01 7.656139133346495651e-01 7.752534821956250655e-01 8.502847920949774263e-01 3.306948872393681294e-01 4.849176454815261605e-01 4.748869611598538487e-02 9.686765108761902221e-01 9.731692849850446247e-01 6.444961465815722823e-01 4.616965264052249607e-01 7.981437199794189086e-01 9.943995350477511375e-01 9.994360531047924434e-01 9.115413273691482798e-01 4.341258294345639035e-01 2.035018685481138068e-01 7.770132141614971566e-02 1.783632649377866475e-01 9.800949974226215167e-01 6.704366977276591255e-01 6.104211991922381397e-02 6.996324309111967565e-02 8.282289787239032197e-01 4.265389479369883219e-01 5.984079431313881203e-01 7.720173806140427919e-01 1.446240551787325579e-03 8.357075901514233740e-01 1.664697316857660647e-01 2.819121477738363302e-01 6.972080073549077328e-01 8.419692323982754800e-01 4.259034309259600581e-01 9.556839849732845504e-02 5.675885023021814968e-01 1.127727778763787381e-02 6.116497476410861500e-01 5.192440122584384143e-01 5.651484395381726200e-01 8.439754448142600118e-02 4.887931106578480289e-03 1.813953084217858613e-01
9.763078915821044035e-01 5.941506463985182229e-01 4.874791997981992031e-01 6.557820426884120035e-01 6.308826448371914752e-01 5.955768283369110572e-01 6.686072630863065802e-01 6.482477218983058176e-01 4.986818284640922583e-01 1.382785029013611222e-02 8.561683318870212389e-01 7.598504328616131342e-01 3.296506830853486170e-01 9.047544971981070772e-01 1.602619133269267415e-02 3.197797811187297334e-02 3.043954238734936091e-03 9.686533074753991279e-01 2.820879182089131021e-01 1.907034116217577457e-01 8.032818734788371717e-01 8.356934959833839383e-02 2.783672605636180464e-01 4.221355126865928842e-01 3.143485830154959526e-01 2.080681915436402019e-01 3.463213289773622305e-01 4.811790237395573655e+01 2.340336016471218361e-01 7.147545489013871212e-01 3.162866240937391993e-01 6.969029086588673927e-01 5.005686352038150044e-01 5.120793784890774747e-01 2.603222327064836916e-01 2.327324782366738676e-01 7.518157713990498703e-01 5.230779250010286763e-01 8.180064535612961985e-01 8.155371818080585644e-01 8.920277305999709805e-01 6.972702133343732234e-01 4.997035987848942318e-01 4.553170805167831015e-01 2.209534044440202294e-01 1.958395627242085490e-01 5.433435795389429668e-02 1.772555155405759475e-01 5.419201182026981423e-01 4.568837699916750150e-01 3.130517549849398673e-02 2.786774045438059622e-01 6.273978680625462712e-01 6.420349921447243702e-02 1.700949375544086317e-01 4.937485775871964799e-01 1.998265138820674025e-01 5.552092600647672294e-01 2.070333921396040333e-01 1.135578708771106671e-01 2.162937009922595299e-01 5.651394504228071103e-01 5.558700373236656889e-01 8.864538843886093922e-02 8.099218542169501767e-01 8.644825932462834039e-01 3.429111393632614524e-01 8.824862155619442872e-01 2.458519453429862667e-01 2.832564189539014121e-01 2.157939100253956077e-01 4.503799435604211032e-01 6.146347757029527736e-01 1.009264297749434824e-02 4.442695235691040967e-01 9.938135005211577999e-01 6.499622695991327248e-01 8.580819984782401821e-01 2.173876772808885915e-01 3.682518302259133458e-01 2.946320696994230159e-01 2.544024739544514802e-02 8.426260729555490325e-01 5.773150136082765282e-01 5.350710671345371150e-01 9.377939333818487988e-01 5.253664907982126264e-01 3.364322492266360598e-01 2.181121810721464715e-02 1.342911536636490766e-01 9.869864197215220125e-01 6.476550798150711996e-01 6.538182159411789485e-01 9.738667374750784589e-01 8.495828180131264062e-01 8.156364961034016092e-01 1.553128138219406207e-02 8.726930410630996393e-01 5.159077709333539374e-01 1.646093222221711727e-01
3.989996607227181968e-01 5.416640863061639166e-01 5.793383256286426253e-01 9.281433907261451566e-01 8.877928224092886955e-01 3.302538555615440741e-01 4.156758658385758531e-01 1.471878700461104472e-01 8.913759183908727124e-01 3.692497809041732637e-01 5.142574874145500186e-01 4.299770254146695336e-01 7.941745046791957030e-01 6.656820592435093165e-01 6.034301377053081783e-01 7.682232103669086598e-01 5.563615727600097483e-01 2.007279393520933208e-01 5.686171198898331003e-01 4.275848193701670130e-01 6.322142158180752425e-01 7.245247930878445652e-01 5.043174152305277547e-01 8.704109154328210085e-02 2.934462759630411810e-01 6.675180495346217935e-01 7.769301281000423609e-01 3.284328190335544795e-01 5.257261744152146576e+01 7.617434759764911689e-01 1.396205944669121068e-01 7.996829610145946843e-01 9.824124530796957133e-01 1.118435637467467547e-01 5.816302509112003527e-01 8.340110398837130568e-01 2.899671912795017681e-01 8.068935093302730399e-01 6.424521476512127238e-01 5.595456368714111228e-01 9.211571821417076089e-01 4.950476057825158316e-01 7.681055905518662241e-01 1.877634170571728101e-01 6.122254893257758068e-01 1.746887088390463028e-01 8.344788116838919301e-03 1.584782892902641960e-01 3.581481334913126924e-01 7.812256235374115398e-01 2.980857835354389085e-02 5.028505723171859954e-01 6.307635585191450067e-01 6.483529501351605884e-01 6.486432238022452612e-01 9.928876304567857414e-01 8.501459046929871199e-01 2.357540207932556919e-01 6.037366593363180378e-03 2.876035829133568589e-01 3.514034609176376334e-01 1.866722709721246876e-01 4.289267610178013612e-01 9.164331877787673664e-01 2.962248310648468719e-01 7.385523018670551165e-01 4.942033222522648206e-01 6.684063020072656958e-01 6.945803389802992500e-01 1.192052299233051782e-01 9.042459800480532328e-01 2.986951428695748811e-01 1.021756228763487373e-01 8.196180738537701682e-01 7.120497356365770303e-01 3.672850691564474301e-01 3.057862906978914275e-02 4.093128668938932346e-01 3.739951408744253136e-01 5.733344208372601614e-01 5.516710766520092069e-01 5.572001185931375611e-01 3.100224194709527703e-01 7.248898416577267412e-01 1.967737843987693580e-01 4.555116779304453356e-01 8.317413554795378694e-01 4.853221352241684494e-01 5.561093593259474055e-01 6.362867227870800946e-01 7.418391966143134120e-01 2.505132406865850925e-02 9.375902125416197830e-01 6.559248366363191751e-01 9.952769676319817016e-01 1.131421177348322926e-01 7.960824491237593614e-01 2.317593823021965038e-01 8.358526738343073914e-01 7.976782725534481422e-02
6.087889296516021398e-01 6.757945662707615098e-01 6.078354902540420435e-01 2.912114868172192006e-01 2.848253314769094713e-01 1.146868375478771185e-01 3.739361743145248607e-01 5.365244115528067237e-01 3.899318911648569363e-01 2.387281133832637181e-01 5.353165002554242102e-01 2.856075803906839017e-01 5.723117912838875387e-01 8.642169078285129036e-01 6.201715125150911723e-01 2.647591965744766629e-02 7.655444459532767532e-02 1.207576455393603032e-01 8.885393692642395980e-02 2.865873058145415042e-01 5.792254128424462190e-01 2.985353135045032413e-02 3.070458517473372284e-01 2.017510476390040886e-01 2.457075958007512995e-01 1.352138873962059895e-01 3.959538137044393835e-01 3.311644156009462270e-01 8.746028966034075092e-01 4.840005394316762732e+01 3.788462415693919505e-01 5.476867372305705972e-01 8.055187521616047341e-03 3.555871012858434765e-01 1.768571530346787490e-01 6.439151793621676889e-01 9.132934601113181783e-01 2.948858505110628636e-01 5.896973046226446913e-01 8.720099774885338162e-01 6.387173824606295902e-01 8.693174971545780672e-01 6.187640697969032377e-02 2.573360295732178837e-01 6.070716758904710630e-01 8.795672185907513763e-01 6.951590968430605422e-01 6.876005443585072596e-01 1.825744334005274805e-02 6.867481829694811468e-01 9.385057816783684004e-01 3.486910344933081829e-01 6.373991902079788607e-01 2.078982852671660275e-01 8.641273247153198334e-01 6.322694818477569978e-02 3.541734419340202278e-01 4.875982381461286819e-01 6.053712193804301478e-01 5.090997935742839209e-01 2.007235620746369298e-01 7.890515511433690010e-01 6.787058835828500003e-01 5.852651951116726314e-01 7.703927942148024455e-01 9.847574948590798183e-01 4.718011081443752586e-01 8.891126901472137245e-01 5.836970698909238475e-01 3.865142868410393895e-01 5.781390411894995474e-01 6.632575609238033909e-02 7.966514998799459901e-01 4.808489027737832266e-01 4.486165623530298241e-01 7.605092683388138264e-01 8.615493253710184707e-01 8.853158247594122843e-01 1.715805508725080086e-01 9.383696235557169585e-01 2.697679198889526564e-01 5.866444519090024956e-01 1.569270520842503958e-01 6.966175299332615367e-01 8.676767151817549317e-01 5.590882679483166751e-01 6.714400667290284508e-01 8.761127075267395314e-01 3.391243163390822435e-02 7.730992918464407726e-01 3.033590227712388288e-01 9.027232380259552214e-01 9.424557387460948954e-01 1.387019438913367209e-01 1.232665413297731050e-01 1.258204117031501701e-01 4.815375690653311835e-02 4.546995912675105833e-01 2.236361870598214674e-01 2.376472196464702868e-01
1.969864331255906098e-01 3.153786541277265876e-01 8.186434844536149003e-01 5.103390392827440447e-01 9.362594752505970508e-01 6.430772126313140102e-01 2.558619357439025910e-01 4.996316072254392004e-02 2.849290015607973681e-01 3.899352585795435866e-01 2.315734561167225314e-01 7.399307962728112198e-01 6.753991838363535560e-01 6.089932983935530952e-02 9.335824915943651270e-01 4.259196667023847915e-01 6.124950109977512769e-01 6.226601290453031012e-01 1.053733919325717805e-01 6.099652688223866637e-02 8.926685919950257952e-01 3.254821659804523204e-01 1.848567363235088523e-01 1.285815565615787692e-01 1.674126134644949859e-01 2.017621232571076284e-01 5.177527761271700779e-01 6.216663043735916050e-01 8.039441672881465495e-01 3.078120225487748218e-01 4.787981841902666957e+01 2.928634641630267765e-01 1.367232468201720064e-01 2.513005224605598942e-01 4.835738914224054774e-01 2.788017932323518799e-01 1.374899292446264409e-01 6.373435099149500349e-01 6.157601118873778923e-01 7.647130057066481301e-01 7.134777473068886211e-01 8.551635980362991551e-01 7.385552648496813699e-01 4.953210744060594362e-01 6.606367968179387429e-01 1.439177177585538869e-01 4.647968007037023286e-01 5.144751443500661381e-02 1.762629402495865527e-01 6.066857494857997857e-01 5.445157761455925449e-01 1.402583421313898793e-01 8.441239812422993705e-01 8.817164457422568269e-01 8.711405972752428450e-02 6.557158859068064061e-01 4.891486977018851823e-01 5.774177135507913006e-01 7.275188867842335982e-01 6.630047680732408244e-01 1.285420441935909430e-01 6.830062490758337379e-02 4.257380691643716242e-01 5.282267287719744076e-03 1.297705791487879790e-01 9.026952892070732037e-01 8.050032420587279747e-01 9.693116088827403720e-01 2.646788147231261545e-01 8.305288320135569835e-01 3.437162268949670585e-01 2.350714250709068365e-01 6.413894534569856143e-01 3.214725968016295399e-01 5.232229323227768347e-01 9.644284607955035948e-01 8.985701266888442840e-01 9.530611041960409535e-01 1.141641277643911101e-01 2.606540073713653483e-01 7.784848466349872931e-01 3.891405740454009221e-01 4.451902872030805147e-01 7.085400471722828053e-01 5.101237458680734083e-01 7.585484220471626626e-01 4.673876116818906912e-01 1.139454394777581481e-01 8.766399401244397982e-01 8.980846633035755033e-02 5.020986649698583326e-01 6.291146025724769775e-02 5.069847067401015428e-01 2.981879580995995260e-01 8.051622577980656059e-01 9.108570706855226851e-01 9.730421931674360092e-02 3.867124545763678256e-01 3.325642992187806124e-01 8.141482087318192562e-01
2.130322016905579208e-01 8.319245345750527765e-01 6.960426777727286574e-01 3.023108623851517018e-01 9.238443594020465666e-01 1.805959972170981809e-01 3.118399891867155160e-01 8.484686932792140368e-01 1.266393906474526654e-01 8.426289846009040740e-01 2.504731406295579443e-01 4.450803342877600599e-01 4.059644403288403813e-01 6.123898196453854137e-01 6.503799880012537393e-01 6.864225305084968864e-01 7.391859477146233148e-01 2.571253092075865831e-01 6.174389529134235444e-01 2.596301691087254948e-02 8.572081536670042023e-01 8.722421946656545577e-01 5.100170230816430950e-01 5.666307043462986970e-01 7.626664721126962254e-01 2.969962242519160744e-01 7.492462674487941898e-01 4.837352262935356029e-01 1.664510138655241889e-01 3.722797648219779987e-01 3.527014514758368691e-01 4.939524478936837681e+01 4.778144899498409925e-01 5.011463630636020516e-01 5.706195827098182738e-01 3.663076811670000765e-01 3.575574398274288246e-01 8.319713207176413494e-01 2.007624936869708554e-01 4.948655773445281847e-01 6.837244391023875600e-01 8.505431679288988356e-02 4.956978737003170377e-02 2.249339128817886557e-01 8.873030563620406541e-01 4.319693935791473205e-01 2.044776424127219272e-01 8.408876313476471021e-01 3.475781758155042089e-01 3.970915001763131169e-01 2.171816357160241129e-01 8.772783794227774212e-01 5.011731032377347850e-01 8.231930217692805529e-01 8.942641311748966704e-02 8.090166641037732642e-02 8.932007893112302588e-01 2.946033315412205367e-01 7.114724683733425481e-01 2.050750528901322811e-01 1.110975143233791096e-01 2.665514121831576988e-01 3.365284190676538500e-01 9.255212337709902704e-01 1.891050205673355800e-01 4.687205237391012247e-01 9.453226384469325394e-01 5.927298356341178520e-01 3.672280733200582459e-01 7.128128445476961117e-01 1.265763635751881999e-02 7.517252318667717592e-01 6.353231098772337271e-01 5.343907511743766214e-01 6.721409194261546149e-01 3.380784141881747473e-01 2.997481373952540773e-01 7.623894488485097876e-01 2.111732087353850318e-01 4.336510956548669249e-01 5.068955213712157404e-01 9.879663687390372040e-02 9.543005548203344901e-01 1.068862874946141517e-02 4.860833451411692430e-01 6.912174910411152950e-01 7.979183156878213445e-01 8.976691968747799732e-01 5.509012644753925603e-01 7.706647068662197952e-03 7.751399911553513711e-02 8.412835724698830564e-01 3.075807700760156971e-01 4.619947179371648449e-01 4.366357757709093956e-01 3.758934477878572711e-02 7.872309941119521870e-01 1.760137349111328131e-01 6.895651773514344107e-01 8.449126663986797903e-01
6.198099500727317634e-01 5.248710564716800864e-01 1.425774304890831123e-01 5.437823932405841942e-01 3.049886318915345784e-01 7.935507771449915593e-01 6.710765668810039219e-01 9.449661202195011045e-01 6.719951973502169551e-02 1.973606294474948841e-01 6.743904271474799872e-01 1.248868464995817051e-01 5.951469308747101561e-01 1.117247454296075304e-01 5.172084677222146265e-01 9.929464056281012141e-01 3.740133811347965409e-01 3.645938591298442111e-01 8.469214519085688231e-02 3.847879806297175298e-01 1.503775574060158826e-01 1.706864242348493654e-01 6.353066134125104902e-01 1.103064809243065048e-01 9.906981592466179709e-02 2.791031444880521795e-01 7.400370053262350645e-02 4.114025701151194925e-01 3.865222373671504119e-01 1.733459251300915049e-01 5.913546685485826515e-01 9.587600031904061071e-01 5.410534639873618801e+01 9.977183501478151806e-01 8.763277465824687029e-01 6.517500873862991373e-02 5.635694645315880713e-03 2.356536039994612253e-01 9.406871329215223954e-01 8.665525548289285673e-01 9.856957248413470429e-01 3.479398163844960035e-02 7.586488942090824361e-01 6.153759982042744658e-01 4.595480293277068862e-01 6.045619806023859732e-01 6.177944310411120910e-01 5.793564709362478693e-01 7.944079280076797867e-01 6.124607904151617710e-01 7.928024569322147386e-01 2.574685310678570538e-01 3.250588159396020638e-01 2.596551064473401338e-01 8.606333079332343372e-01 8.846857281898772296e-01 7.139126172850882579e-01 9.017525707714008076e-01 9.471187770334243972e-01 6.338471812173559483e-01 9.082204682524275263e-01 5.505040076094738222e-01 3.524755211560848256e-02 4.604750186690842462e-01 5.295595958057612851e-01 1.821116081094039663e-01 4.222457590087458357e-01 5.983692120938814973e-01 8.146986126785314974e-01 2.602358261350982138e-01 5.198947000671281238e-01 2.556345012970251407e-01 8.374904049373279591e-01 4.032659065863986037e-01 9.006007738744431501e-01 5.789116007402976827e-01 8.109771392978984972e-01 5.369258608763617380e-01 5.071191992340395860e-01 6.203462742155415599e-01 3.175539844734419637e-01 2.864310151787744507e-01 8.062666417911170669e-01 1.528789123541256512e-01 3.556110244463925874e-01 1.263649014715688690e-01 9.978704270044280733e-01 8.319596846808525736e-01 4.425980754709465392e-01 7.956526754752945019e-01 9.125695848314173686e-01 5.454600179153953343e-01 6.200583920451159248e-01 9.791328338123195252e-01 8.542588823851720026e-01 2.262926952910134792e-01 8.214033301085287286e-01 5.041998936705766043e-01 5.108279156403573440e-01 9.605129540817182177e-01
6.027124195957640485e-01 7.212290715282626552e-01 3.059725989297865656e-01 1.736438611495593198e-01 4.300005077966956302e-01 5.336033624482128257e-01 2.398189178773548758e-01 7.337709754416100738e-01 1.308066762921705761e-01 3.984645460754882018e-01 6.679669510225986206e-01 3.484541057937423636e-01 7.194278726267545609e-01 2.548255315261576115e-01 2.983910019113412693e-01 8.952515499025359702e-01 5.505084036442409179e-01 5.981409361099330191e-01 9.426282603130123894e-01 5.588930581493845029e-01 4.625679896199716978e-01 3.979943908495596760e-01 9.988639145836175626e-02 6.251996058651505539e-01 8.801646305667961689e-01 4.702594541502680414e-03 3.092184254285404998e-01 6.454624295901071340e-01 3.841671641383556102e-01 2.453471218700057355e-01 8.564366493158493965e-01 6.392957153131583192e-01 4.934359286519353072e-01 4.815393807724245789e+01 5.703209289222889167e-01 8.145130127808157816e-01 7.169904708150071082e-01 9.825652328377445510e-01 2.025134806695627621e-01 4.571881085985214366e-01 6.853544890290937941e-01 1.064661881823164569e-01 8.620816464401825918e-02 3.637586450734531240e-01 6.536241849710641150e-01 2.362636236494192188e-01 7.389103755170611798e-01 2.569707216547939543e-01 4.468812624724541882e-01 6.745003967079109541e-01 9.891261715843613356e-02 2.829603235509571268e-01 4.291795924981125498e-01 5.174370463569509804e-01 4.786312945739489288e-01 8.317257319109024882e-01 1.707974084639740653e-02 8.814169084097911444e-02 7.096826841851726630e-01 6.610838115617513333e-01 3.637407883101152484e-01 9.666008890310540114e-01 6.217535234705783287e-01 4.396746370501465329e-01 9.236841137967577442e-02 1.966570460845414869e-01 8.621264328128867005e-01 1.465170714580201761e-01 9.064141711971351878e-01 9.740641829323456458e-01 3.745952939034158380e-01 7.617520765428498208e-02 1.089449398607701402e-01 2.082970600981881582e-02 9.978357269401064711e-01 8.237324267107437592e-04 2.434687784673490452e-01 2.691622246803571095e-02 6.520055629940438857e-01 5.973826317946454578e-01 6.907845728623351889e-01 7.856454332562905485e-01 3.027824875382126857e-01 3.692507748640924126e-01 4.021030499546917047e-01 8.650642839274563789e-01 7.180776785437159582e-01 5.206496249320794467e-01 4.335979521455005647e-01 3.046663858201492658e-02 3.917716843565153262e-01 3.233580949509851088e-02 4.189835756514185272e-01 9.422512155271914880e-01 2.873692425880313150e-01 9.672469460787166406e-01 4.681741816643771870e-01 3.742892670089136287e-01 7.779042976446415292e-01 2.685403356122948448e-01
7.848022633572645512e-01 5.146221088018971823e-01 6.052250264719830630e-01 1.117262445540372351e-01 1.102656990671763149e-01 3.301530714677163303e-01 4.738688816550848948e-01 9.163647228289540925e-01 6.594557966042571273e-01 4.291063689589955654e-01 1.147638244074149494e-01 6.487962423309487914e-01 6.664396046227837322e-01 9.262292868227720577e-01 1.297559758819427644e-01 8.302026979073433566e-01 8.718589491593824459e-01 6.686076431750817006e-01 4.064074866245973583e-01 5.576147654659656672e-01 7.397387580091837611e-01 1.996984183664861634e-01 8.585195482358377594e-01 9.130683541990669561e-01 2.805586876984126343e-01 8.621863935868632201e-01 5.851076532492830440e-01 6.248865810092287809e-01 6.096133207327489867e-01 8.612111048236537059e-02 5.586975027558538365e-01 6.186945603535837224e-01 7.442278945514764210e-01 9.943496624587971899e-01 4.998732131130408618e+01 6.602146471258497629e-01 2.703459431321338924e-01 1.684937042277302455e-01 2.240151987851703996e-01 8.538243334857407163e-01 8.841013205268938302e-01 6.150474495845695833e-01 4.244477847793838299e-01 2.358769046485802434e-01 1.823197049587503837e-01 4.891258210862210465e-01 1.499886713521733084e-01 9.713412134544893162e-01 9.047342718703572650e-01 4.588952573028892701e-02 6.266387317354199515e-01 7.293718699694251573e-01 5.283059389697881691e-01 3.394773367208374637e-01 2.544732282373097787e-01 2.588172665837472630e-01 5.992268967526855894e-01 4.626885019361792750e-02 2.728557532509483519e-01 2.248628019428489111e-01 2.723756409403734757e-01 2.687105170101222740e-02 2.840511583433090737e-01 7.991988792964025423e-01 4.751134248842214802e-03 8.521982912051774273e-01 1.400035725674408926e-02 7.803415235835422514e-01 1.249013410145958236e-01 8.822431392437762865e-01 2.014825584866541952e-02 8.637535940900052944e-01 6.561983417970093102e-01 4.175530744245594672e-01 1.090684092081901646e-01 5.111909945154849977e-01 9.548092244899263337e-01 1.878990232908109848e-01 9.269966461324695706e-01 8.920653937183574689e-01 4.673509386886138817e-01 1.137570177520055292e-01 5.813805269894084526e-01 8.278083824107597133e-01 4.266362190543664390e-01 8.958828022110931766e-02 4.782506107183840394e-01 3.318376879949735958e-01 2.938396305829399369e-01 4.053112669314208327e-01 3.275082306260251874e-01 5.815770281052982105e-01 7.749785543938183530e-01 3.226888675345371826e-01 3.106497111215233975e-02 2.301749547263836071e-01 2.766928470476055502e-01 9.609596510969208305e-01 3.657850841545615683e-01 8.320863865480936372e-01
4.600145064222347369e-01 9.164019184214791114e-01 4.204625254448005611e-01 5.321528190488341581e-01 3.563869457359086779e-01 8.797859415404052363e-01 6.623961381629699385e-01 7.039210667861884874e-01 8.139380083695669788e-01 2.172212361546880244e-01 4.598510147664360836e-01 4.732451285364674964e-01 3.292593372264233098e-01 7.349571212000016729e-01 2.314691762438826350e-01 2.276865431971086817e-01 6.081746557915483908e-01 2.533421503143900022e-01 2.902763041154806656e-01 9.290683718753930398e-01 5.491197736577639876e-01 6.766543611538989866e-01 8.057029118315741645e-01 7.347187094278746500e-01 7.681941085606911468e-01 8.110022972558268428e-01 2.934257939998483611e-01 5.642594251066922473e-01 1.503258719988042058e-01 8.221377005889951572e-02 6.746205982934807555e-01 4.623481617222436890e-01 9.821607460703932757e-01 9.028092687130973015e-01 2.702122540496288972e-01 5.182418502374003566e+01 5.524745235604533455e-03 8.006258762612074031e-01 1.559000925852029873e-01 9.902987310724178371e-01 8.869697574004827834e-01 3.521665208985531592e-01 2.263214794618658710e-01 3.378221211781196054e-02 9.969570512252736716e-01 1.686712862151096282e-01 3.492790869093638229e-01 2.199080033124424238e-01 7.472954131663926969e-01 6.602489979040404577e-01 5.393157451984121886e-01 2.086483512550441066e-02 9.818209883211599376e-01 6.005825212374423794e-01 8.648471151594301354e-01 9.736905092703518338e-02 9.167680601238448190e-02 9.452874986249254485e-01 9.573034451684119261e-01 9.604073727870351407e-01 7.884488617763196761e-01 2.215147802917816211e-02 6.479591370371435843e-01 6.389674661518796039e-01 3.817778487473556526e-01 7.892548286824574433e-01 3.267087270324783299e-01 1.554481176759714423e-03 5.881254765620833602e-01 9.586167616776285483e-01 2.970486665854957797e-01 1.518509158029588413e-01 5.658686831125984140e-01 3.471520649976576056e-01 3.514818356653045539e-01 3.584352061296958158e-01 8.461829683185329021e-01 1.839540512131733196e-01 5.946895914001291139e-01 5.137032640542031903e-01 3.596266447623481799e-01 2.241667183153273069e-01 7.647840877232745527e-01 8.323225014015545042e-02 9.932719213964207317e-01 9.033184222241162908e-01 2.474800994943584520e-01 1.503886092251605078e-03 6.712832742145751208e-01 1.543386330947702501e-01 5.170304698637790963e-01 1.964492319636673701e-01 8.098996749275934048e-01 6.265715924462049724e-01 6.595687131431130501e-01 8.249640495647316829e-01 4.791077586513967645e-01 8.742922060799462880e-02 1.973048521045774883e-01 4.743461949899615560e-01
8.039587762936284410e-01 3.880276669789128885e-02 9.620851424347118819e-01 9.695455197813466208e-01 1.790690790320025316e-01 8.845729083423998773e-01 6.820063223267672781e-01 9.532037294797546245e-02 4.815741935916582062e-01 2.202091647401054342e-01 6.313742094032066543e-01 9.412895609120476292e-01 4.664401792535964875e-01 4.614174072353467437e-01 2.311419490836108537e-01 7.544865364459214518e-01 8.600833477031589736e-01 5.060202101689772469e-01 2.109650196361321228e-01 4.928774322605961045e-01 3.771714184366522504e-01 9.719190889913488229e-01 1.077437790857531663e-01 9.089511495138742347e-01 8.332388718203734834e-01 2.785245542442591482e-01 7.011457405396959164e-01 1.300125788687975792e-01 1.940270948497559989e-01 2.168789577769870691e-01 1.476796401817410676e-01 5.070339059302685358e-01 3.062226122330273803e-01 4.208092060354877706e-01 7.107540560976330912e-01 5.281661268350594796e-01 5.400300251047318767e+01 8.185672476227675576e-01 1.954185725479420377e-01 1.678720079702279433e-01 9.965512409426118268e-01 2.466175252608976409e-01 3.824463728554140518e-01 7.089746089271592444e-01 8.954998463109831164e-01 8.325933293732467044e-01 2.252975216865156227e-01 9.636822782709074664e-01 1.300325336947216748e-01 3.589721451142056097e-01 7.307304852617032553e-01 4.162050280979124883e-01 3.016010869795983096e-01 8.936391803690655333e-01 5.244688697249534348e-01 6.569825751526549018e-01 2.361842335014865402e-01 7.740756168438215346e-01 5.548276962123043221e-01 9.087208019123416136e-02 8.046778991045228091e-01 4.514785189209167271e-01 3.643902180966712701e-01 6.214872346083235577e-01 9.637995991219967529e-01 8.522771170724297018e-01 8.028329993462249847e-01 8.171344573605127115e-01 5.942461342222771226e-01 7.401962556225756273e-01 1.425375903555144985e-01 9.246611990493931454e-01 8.842424222896227981e-02 7.173511730573626233e-01 9.920033947451037948e-01 9.723023778972762488e-01 8.081937839563116954e-01 8.718596407555915251e-01 3.097764223053985910e-01 5.642041448451686758e-01 5.349457069923277963e-01 6.730642799384788377e-01 5.785064833079016644e-01 1.919717380108708626e-01 1.441897613687502799e-01 7.138745340766007308e-01 5.840869812637261571e-02 1.915633662899751677e-01 8.880636844302917110e-01 8.583528197266456772e-01 9.581860656170804180e-02 7.974479231899398446e-01 7.732240612026080040e-01 6.725212364312183055e-02 6.726054312113980416e-01 3.172314452066453683e-01 2.301642212194905390e-01 1.189921418480549553e-01 6.167184142112304146e-01 5.942075864750823166e-01
6.906179994051543369e-01 9.931868920243438481e-01 5.208507600267573423e-01 4.940254000574733073e-01 5.520928830834512802e-01 7.779018908976867985e-01 4.164563535741653277e-01 9.468449765635482684e-01 7.957764122417804176e-01 8.646489519066141716e-01 7.715363256758401844e-01 8.934207559217792749e-01 1.436635923835025697e-01 2.203573422435862739e-01 8.430680393180244314e-01 5.024610357605977518e-01 4.237624910917229260e-01 9.186279641096508630e-01 3.628106654234418693e-01 2.072317184759964181e-01 9.296633186864422527e-01 9.732824521774898763e-01 2.747948860321695053e-01 8.399754416747328145e-01 2.101258927813985933e-01 9.469765825856997221e-01 9.523127805552321634e-01 4.357617540877311013e-01 9.543972830883854508e-01 5.237717294697321613e-01 8.340566457274348755e-01 7.551422175143245319e-01 8.092041708685856483e-01 2.844464173176008970e-02 4.150190726252664941e-01 3.499343109293086007e-01 6.972326856109488658e-01 5.882423084181157691e+01 4.081841033233590821e-01 6.787367602086075147e-01 4.379001042758485784e-01 9.446445758808411641e-01 3.485166985679233331e-02 5.171613634459141240e-01 8.740943564065319915e-01 5.912395820107780864e-01 2.711469913263353515e-01 7.129913376467369446e-01 6.108146215924218358e-01 5.585284886490063938e-01 4.326245950135423346e-01 5.896362621483767219e-01 5.975188586979011118e-01 7.133282787744943398e-02 3.832566753465379561e-01 9.237691692582675751e-01 7.933852693347287488e-01 2.712376401787904845e-01 2.218119922215117112e-01 2.429103981960268888e-01 1.665718556621097468e-01 8.332951300160647001e-01 5.044939310410870847e-01 3.294143198684048590e-01 8.413813232562126210e-01 5.308573515638685958e-01 3.360457833751739898e-01 3.867620907781702533e-01 8.485872968954122353e-01 4.878213017878250124e-01 4.704586477639799424e-01 8.602357937338049876e-01 8.815018823087122923e-01 7.091656111698437792e-01 8.695720781941482791e-01 7.015139505160832289e-01 3.905603735037379565e-01 3.573663740372722275e-01 8.531063473904438865e-01 4.831138807373721589e-01 9.453776332106494928e-01 4.058603933769278083e-01 1.868566854405395716e-02 5.771123824043709050e-01 4.167105167539304489e-01 9.426955915777085471e-01 1.949399249812890922e-01 8.143709062333607251e-01 9.379245108706165679e-01 7.527023397354590806e-01 5.930421945212199786e-01 3.391849000622095822e-01 2.903232222584557487e-01 5.626928844482373959e-01 7.017537238665110255e-01 1.167163976137596260e-01 9.344527010943622924e-01 1.184870719064617939e-01 9.067626776255234278e-01 1.932064505433077617e-01
6.673843942892220271e-01 1.182931154289731390e-01 3.243643571412533344e-01 9.101419198064392146e-01 6.554148913219838279e-01 8.577705214631858865e-02 2.819896218197851523e-01 3.934305976294744100e-01 5.651051254752124109e-01 1.858342619662937123e-01 5.676598831141058676e-01 5.179773722347801312e-01 9.884275320935365094e-02 3.369552914607550909e-01 5.078424690853948764e-01 9.231547351108034816e-01 9.987314131137143836e-01 9.478047856370915847e-01 3.291501661474679485e-01 9.465845991789045843e-02 6.469458792292184235e-01 7.177611369691758725e-01 8.221406442854394259e-01 1.709122782676207875e-01 1.081958221826223587e-01 5.402157417900044223e-01 4.742739396857104106e-01 1.829333554152866581e-01 4.815289139574621124e-01 2.083838170603501405e-01 4.209263834316111508e-01 2.855808181479548846e-01 6.661044252791159526e-02 4.263263947855311375e-01 1.716127226859237576e-01 4.355853316972718714e-01 3.850617466059735872e-02 2.023114903989458035e-01 4.656167789157667158e+01 9.940250488363282511e-01 6.163573575100045332e-01 2.338869906875162830e-01 3.304326005131061894e-01 9.546734119375124283e-01 3.580582198119558468e-01 6.493781983326071261e-01 9.128244792313678913e-01 7.495097782584589918e-01 2.349586561188837797e-01 7.735978699797031455e-01 6.928160502516773622e-01 6.887962019849712680e-01 6.883013261903013769e-01 6.995431598752364089e-01 7.266371045829749242e-01 5.927896013970898048e-01 9.752273847766063097e-01 4.073016838987209010e-02 8.926416133923261720e-01 8.324729241205441888e-01 2.457978324484068056e-01 3.253614765688940258e-01 1.893320257946805585e-01 3.570991181287586080e-01 5.641866057475556362e-01 3.445249674852138844e-01 5.506287388735557897e-01 7.340171279135091487e-01 5.644349661063333690e-01 5.142022769315309771e-01 5.347440082548161611e-01 1.482855864957689507e-01 7.185940156351677821e-02 1.532822105277196201e-01 1.902430552984395451e-01 3.612761654262399702e-01 1.419630442669531645e-01 7.500898908587549929e-01 9.726058803429119548e-01 4.608347026582098049e-01 1.330893149749206028e-01 3.609112980994522157e-01 3.521052974082169440e-01 6.296676874598085005e-01 8.461761953282975757e-02 7.668970185415752150e-01 1.026089960347331687e-01 1.042547014957105889e-01 3.744619414776233501e-01 1.678953194546419780e-01 2.934507697408733629e-01 6.535774261003686192e-01 7.133089438421369444e-01 7.066187782917410232e-02 1.209810539940096019e-01 1.374872725481142144e-01 9.338009190583134167e-01 4.716795639485364955e-01 7.375779914514996038e-01 3.617651937225696557e-01
8.785690542664834624e-01 5.530592963076438329e-01 6.941643479354198121e-01 4.356376386573090898e-01 9.748889796506274852e-01 4.165620395026773393e-01 3.222322443578955475e-01 3.742916825179383178e-01 1.034943014741768197e-01 1.174489121666633107e-01 5.231845229638371064e-01 2.019360957063749407e-01 3.813534883873115344e-01 2.170799973134338590e-01 9.906953030199997512e-01 8.435580658480915650e-01 3.422812420105194597e-01 6.526646652068150978e-01 5.453806512514203231e-01 9.836055214146586234e-01 2.481977041860693456e-01 3.240639557945792504e-01 8.355777051885029394e-01 1.547587089326694088e-01 9.688979954467289435e-01 4.731699308243554336e-01 3.167986050668706310e-01 6.633017677287689207e-02 8.669418441761205241e-01 6.228117015302658821e-01 7.606518889019491247e-01 2.257378568782438810e-01 4.297299665979166239e-01 8.924354973869884633e-01 4.798561591253348579e-01 5.378304024320463839e-01 1.271236633034111829e-02 4.444932108969812390e-01 3.957254189815039291e-01 4.811678632470363937e+01 6.883591380901562529e-01 9.841804355293581885e-03 4.136771961254859242e-02 4.981657300846552561e-01 5.754139903099124709e-01 8.068510114643683284e-01 8.134453283597209428e-02 5.023602627824900191e-01 6.192554722240279919e-01 8.871636495813994827e-01 9.986561663034118075e-01 1.942546926066703872e-01 8.537147391560295784e-01 3.656532774830403287e-01 6.818969957271455717e-01 5.138856595533615179e-01 1.549640451635931893e-01 1.222938428628206342e-02 8.835516829359060242e-01 8.883695848356294444e-01 5.597284752337159386e-01 2.076396801846447371e-02 9.273249360872777292e-01 1.940679670463222317e-01 5.514279347355299787e-02 3.174464995573121895e-01 2.469640583857113381e-02 5.167485500926977116e-01 1.575645347882126401e-01 1.092915799755834749e-01 5.900281582879989273e-01 1.192091415010454458e-02 3.150612295089316728e-01 5.366075854295822012e-01 9.188206906511697802e-01 6.827569283768254449e-01 5.654390709872819665e-01 9.443546617942660815e-01 3.983404865238626691e-01 9.599798802203417525e-01 4.715311164821713863e-01 7.593586695791497698e-01 5.882350098237133507e-01 5.110796910955905936e-02 3.680130532823333578e-02 4.661163790207899504e-01 2.363173379973868560e-01 4.345889789690492444e-01 6.106155385476188524e-01 6.224944565987596823e-01 4.586738234569265327e-01 5.291058021159896763e-01 5.261574472032299887e-01 5.158222706983265349e-01 9.813786778151023515e-02 3.248378291689487662e-01 4.007530426749646990e-01 2.845978740955891206e-01 1.615012643133877379e-01 3.037695487882615675e-01
5.618214548493289939e-01 7.218045180919905324e-01 2.763645749096669268e-01 9.095759487228469720e-01 2.903802366927621392e-02 7.634459978751159115e-01 3.707938100285189664e-01 6.807416331674532861e-01 3.926482628456673396e-01 6.197923930979509777e-03 1.080017292789187122e-01 8.587248419258567411e-01 6.922052578330772921e-02 5.602589884723817582e-01 7.833522247596229615e-01 3.990335675359739653e-01 4.832112545881013244e-01 7.094018867665969896e-01 3.442858403568116454e-02 5.047718996191999929e-01 8.465797244801686050e-01 2.037724744810689437e-01 8.569691901732900963e-01 1.260622215273889957e-01 1.230033485900919876e-01 5.697525186497259808e-01 4.798246449696508265e-04 1.809959536513636724e-01 3.347977195719166188e-01 3.364046561768787580e-01 6.813300303911922207e-01 4.749227579684334177e-02 5.458016563492971152e-01 9.906050825921484115e-01 1.716369532583373880e-01 6.430329124814557762e-01 8.149399666577650247e-01 5.786257586867744607e-01 8.013647826614257452e-01 2.813847017351897017e-01 5.086427115971991952e+01 3.619658720559900678e-01 8.675837913260658896e-01 2.821587823649505111e-01 2.311731213411821750e-01 5.016818897389917487e-01 3.303715146645055389e-01 9.792404293251933955e-01 9.618451111063099912e-01 7.523676759491982891e-01 5.795731490587078261e-01 8.989484871170131397e-01 4.117504876291978588e-01 8.827565937794866757e-01 2.178198306929278738e-01 8.040185715946430722e-01 8.613196410175537610e-01 9.732932046227237288e-01 3.063463803533010843e-01 5.020038350716693465e-02 3.548726177153442851e-01 9.940410658969095481e-01 2.983513585972638049e-01 8.964452340093742588e-01 1.383713921106966005e-01 9.602597075180144826e-01 6.952118127084059296e-01 5.039931856367154683e-01 5.550609511435152799e-01 2.745705587030501382e-01 3.817316296721595670e-01 3.858233743827046425e-01 2.668462069814540039e-01 4.921442942454090641e-01 8.712050627628953325e-01 1.656959928693861883e-01 3.108637031459582367e-01 1.084182577919542423e-01 3.581536751011072939e-01 2.309922731959564990e-01 1.543424694211348314e-02 9.230618303129412006e-01 1.541842553053317522e-01 8.649292250519845515e-01 6.433290265427223931e-01 4.528385939040908692e-01 9.824896475159482501e-01 3.187993259472670093e-01 6.930349749272949333e-01 4.555352268601601251e-01 5.869717161159293539e-02 7.981032919689791116e-01 7.148412790197818945e-01 6.224376326979502716e-01 9.728162770255596170e-01 3.981868347053142410e-01 2.488347919498223870e-02 3.305394495312627967e-01 9.317575016578842906e-01 1.021679760996568875e-01
3.209267523971014446e-01 4.182194309273896682e-01 5.301700082408438153e-01 1.571638695824869592e-01 6.899476419448367093e-01 2.293705046174869810e-01 1.867068092370823829e-01 5.404673307002758609e-01 7.458391818194004541e-01 9.295203254409123428e-01 7.853276721961517381e-01 1.230363363567000823e-01 6.929131455479843327e-01 4.943711027267039260e-02 8.868155095771258489e-01 7.368123232643780662e-01 1.485646070559804022e-01 1.956199327665442134e-03 3.738384230194462532e-01 5.242152321336397414e-01 5.589071318225294904e-01 7.215260920980095527e-01 7.348803163045322107e-01 3.513650046489809053e-01 8.137867865675584289e-01 1.587275176945739386e-01 5.815938051495624928e-01 5.846361068802367056e-01 9.357441486062058056e-01 6.776084489124293286e-01 2.135949482528831656e-01 8.971979586700459253e-01 2.336449089484708974e-01 6.402261090188154924e-04 3.880522376290473918e-02 1.539996681763317055e-01 5.227182847509895813e-01 1.055972318428063383e-01 2.883551020618625449e-01 5.229661913903123072e-01 3.982257512055855653e-01 5.152392029503936044e+01 5.856686276218993070e-01 3.833006355006960408e-01 7.570306147060864577e-01 1.770569056331017244e-02 5.482850833302513882e-01 6.641176881951922351e-01 9.651456721637540204e-01 9.788297797206073625e-01 1.990822421969792311e-01 5.427912668387033790e-01 6.164048373460593311e-01 5.235504016988155040e-01 8.433562181113483103e-01 3.935690719668150095e-01 1.769308493736604371e-01 3.481451661288150756e-01 5.416312308969085665e-01 8.579923191872768085e-01 2.743168719904652830e-01 9.437167586186748780e-01 9.550977886075890932e-01 7.531876432105153452e-01 1.359287245471842986e-01 7.936929169368522885e-02 4.045151087031139125e-01 9.552477498441758197e-02 8.225802965010026169e-01 7.229871663352649414e-01 9.148788129418805593e-02 8.328779700759576521e-01 6.082704554965874255e-01 8.706082392790008839e-01 2.595293602749414452e-01 9.983285483500194957e-01 5.435574024787235281e-01 7.176490981512944067e-01 6.980112339330518667e-01 2.064855778431147204e-01 9.685978121026634913e-01 2.228710131598203859e-01 3.023255337071103499e-01 6.747428933899330961e-01 5.703848102472190984e-01 2.978086149679619599e-01 2.719461948618366876e-01 7.944080040227796680e-01 8.855324697176532034e-01 2.146342268514881413e-01 4.557850741730501420e-01 4.023974095496036796e-01 7.490266558628995153e-01 2.626777526533877749e-01 9.732150639058618768e-01 5.370441416307764060e-01 5.325333404974651463e-01 2.735110746160830386e-01 7.840700558868561876e-01 3.345151009797975306e-01
6.222139799074889455e-01 2.807818831292603345e-01 7.457260404730066128e-01 1.722438301792338367e-01 5.742166061282447664e-01 5.041562723779302591e-02 5.703981707518509525e-01 7.915877529437066462e-01 6.913412027901105761e-01 9.330745921499966622e-01 8.809381290660470709e-01 9.386052675299150216e-01 9.335282948052286978e-01 1.451582612748597567e-01 9.519006563126656273e-01 7.928262118615625464e-02 2.636499717699887224e-01 3.471258678964073141e-02 9.520955119807820166e-01 5.456958370118978330e-01 9.286899565152539893e-01 3.629820896793310991e-01 2.262839244828726004e-01 1.191729909037759771e-01 3.489740451389359288e-01 3.767727502985227517e-01 3.471044980987815221e-01 5.958911995507981674e-01 7.081448480662914102e-01 5.980735668128593918e-01 2.126300517744468266e-01 1.487057737249039002e-01 8.547723655275273336e-01 4.704813806415204525e-01 3.418004627044021193e-01 1.207490014189809280e-01 8.675552876608247921e-01 1.243723683325359541e-02 8.277385215010805153e-01 1.779270229046495677e-01 4.317505281669136163e-01 5.793033573206205489e-01 5.309651551263469571e+01 3.436925907865580054e-01 2.194911689215004458e-01 8.504814439869492482e-01 3.146135587607306050e-01 9.053185453928658255e-01 7.790009826330036580e-01 4.270153566701962999e-01 1.042082728290069094e-01 9.657351973932218892e-01 8.785487837198745487e-01 9.330225109316546694e-01 1.722585348264324967e-01 8.178000779892856675e-01 7.440630000562769020e-01 1.235140479500373978e-02 5.930654914220717666e-01 1.165819082916563776e-02 6.799504718555661187e-01 2.198874605191668552e-01 7.677459567067644874e-01 8.337187567647839082e-01 3.397171951343782581e-01 9.690808524280712932e-01 3.825116997483430925e-01 4.851152683909456531e-01 9.072763827667951197e-02 8.111256524121059908e-01 5.000157705124985696e-02 7.583728780011111947e-02 1.090967820583399472e-02 7.549190124332794127e-01 3.912808503230804646e-01 1.828077808598729259e-01 6.132323737675731135e-01 8.397262532485277875e-01 4.021849568240611905e-01 6.712324251982116907e-01 3.540237161518269282e-01 6.993290123591902052e-01 9.326127203547190936e-01 7.134551305083847161e-01 9.066417398316318765e-01 6.439891778188837623e-01 2.205215833884982546e-01 2.251031843838579016e-01 4.813107634727207262e-01 9.631788785686629106e-01 5.682306994827616142e-01 9.639514594359102073e-01 5.688780267817792335e-01 7.706105318969476148e-01 7.503134061048141179e-01 7.318235791072410512e-01 6.221266203979604059e-01 4.604659791210949926e-01 6.438503265346390281e-01 2.267748376408080802e-01
8.204887382818868424e-01 3.078426593794696409e-01 3.915282450456394336e-01 5.417622068140027780e-01 9.314391418014117408e-01 7.160772181349406296e-02 9.890963043630645046e-01 3.539664789982344129e-01 7.907760615929418924e-01 2.596541512705743404e-01 3.395002976329657418e-01 6.063688373872981874e-01 2.880199041997143494e-01 7.848793295200933162e-01 3.885715396501772112e-01 7.488084227365275902e-01 3.625097495194326003e-01 2.971789051887271382e-01 1.279917463087233420e-01 2.279072286842533934e-01 7.804460279167044767e-01 4.529268772399200893e-01 5.060274984522988850e-01 1.328785570865790300e-01 6.844228179488166530e-01 4.272846505643693726e-01 2.717050793227078209e-01 1.393270784928182238e-01 2.841086606274582094e-01 7.097579515956942142e-02 7.772922151637157162e-01 7.968094522252713308e-01 4.005269859804948540e-01 3.444176069728851486e-01 2.001875248831297416e-02 5.443772218431085497e-01 9.580172994846347656e-02 4.993973881356661426e-02 6.219585241999097125e-01 5.876955016035936286e-01 3.902580518609840565e-01 5.590484169149435578e-01 9.579527181583578077e-01 5.036200711695132526e+01 6.366929414080728655e-01 2.263219533951575935e-01 5.808839672330081694e-01 4.371568081077993329e-01 3.422708044545137440e-01 6.667853840654407449e-01 1.217846494906664745e-01 9.729769466035859127e-01 4.238992929626219652e-01 4.043545627114961682e-01 5.740780324491190356e-02 9.336962258656860136e-01 8.907926672342525443e-01 6.419131231639647606e-01 3.901400899409215306e-01 4.602820468905868267e-01 3.093639582465352866e-01 4.973223333741060292e-01 7.561149755373374193e-01 8.234026055866130456e-01 7.797856533745339824e-01 6.499819557208652565e-02 5.836253401863914503e-01 7.482346489204617646e-01 3.232976807829176513e-01 6.900032244263535341e-01 9.601283611285448272e-01 6.318906464143458912e-02 3.523503894841308881e-01 4.501280595298725595e-01 1.435235437587357721e-01 7.852056892062321269e-01 3.055394175689526426e-01 6.466623587607736034e-01 8.837562157080275371e-01 7.438652538705391448e-01 2.288472288584659786e-01 2.029870327505205463e-01 9.648411863586597859e-01 4.940204252673866536e-01 7.649130449293906064e-01 9.011832550823465349e-01 6.176908499186943846e-01 9.204539289028912386e-02 5.828962561922441665e-01 6.824161148498059104e-01 4.353624296450208098e-01 4.260964637964499424e-01 8.853815553197867949e-01 5.042737185688849211e-01 1.255772365745404517e-01 7.937781297584288742e-01 3.028142018744821584e-01 2.192366662771706443e-01 6.586339849711265737e-01 1.490934816513422856e-02
1.405868947166486471e-01 6.282484286103211524e-01 7.305789467828811556e-01 9.674159838977076653e-01 3.578526077243519010e-01 9.923691885000178736e-01 8.181772460228187160e-02 9.934377262129432395e-01 8.218609725134057298e-01 1.277287883251598810e-02 8.332182012720467101e-01 9.045766287016749896e-01 6.601419876552285793e-01 1.213325952494013205e-01 5.369630512778066356e-01 8.632087529460463760e-02 2.219225674816457383e-01 7.655323360216380602e-01 6.766584610306229930e-01 8.698428034278649079e-02 4.693460555048589722e-01 4.011165750357016391e-01 4.948102882179657991e-01 5.224555601613097844e-01 3.819927721634469586e-01 4.276965664208801643e-01 6.578732048876668737e-01 3.494767172579649195e-01 9.483826776509557410e-01 8.501388979553061720e-01 5.136061846134183373e-01 2.291913264697893471e-01 2.725971439929921747e-01 2.361857949499331921e-01 4.087270994612390851e-01 9.141212809627323743e-01 5.093622646567029788e-01 8.356752885636722361e-01 7.282530780393757786e-01 1.222341606611473397e-01 7.407599697736605426e-01 3.150048981811152116e-01 2.939285044846918771e-01 2.445987856390308135e-01 5.237462443252854172e+01 8.978488166042146723e-01 2.453495455541384596e-01 9.640561261739289955e-01 6.685895619109574195e-01 4.601882868799781479e-01 7.588428717311919147e-01 5.568454264814125532e-01 2.240146107779937834e-01 1.671939614422922604e-01 6.758678853045229085e-01 2.172860144489631162e-01 6.169280137645933859e-01 4.824982800581011366e-01 5.394262574727023418e-01 9.492564174547843958e-01 7.857427662186017292e-01 9.905940159647946830e-01 9.959772936053231662e-01 6.762648024013231396e-01 4.427686416791901669e-01 9.389940333439471543e-01 9.335237056321843419e-02 4.142006735144075913e-01 7.001120737522174009e-01 1.076772665180866229e-01 7.714945639512286180e-01 2.344411866864739569e-01 1.998557516385245370e-01 8.555822556167939075e-01 9.742410322353758367e-01 9.709341941394693531e-01 1.391401917547385736e-01 2.934507089834155202e-01 8.478109602051570048e-01 8.741941958207077867e-01 8.686258556930187558e-01 3.536942937595611847e-01 3.840425194970694678e-01 8.049227267964065291e-02 4.789366541430483126e-01 3.331159038589347476e-01 5.644460513492212117e-01 1.758855739263764928e-02 6.293183009959011365e-01 4.714943172866745691e-01 1.405064505497344296e-02 7.582816132784611085e-01 1.524190378243446276e-01 7.627835339697497385e-02 4.327471646902426583e-01 2.185660443262571473e-02 3.794158409217940342e-01 3.131188630725291189e-01 8.050006648579511870e-01 6.957997822748064332e-01
1.269918057144080459e-01 8.669345933321026543e-01 6.737184723002052067e-01 1.267316163311048571e-01 7.543891717587687396e-01 2.453073062240010982e-01 1.502974568397411614e-01 6.908837435443310193e-01 5.590360162496829100e-01 5.510680106608251139e-01 5.713112564971226659e-01 6.023342951101333664e-01 9.019266976045153816e-01 8.513732316056354943e-01 6.849078508590690229e-01 1.561455600932537546e-01 9.318250902138496272e-01 5.451187647722082197e-01 9.651698728149246120e-01 6.258520039653983069e-01 2.185698769858368529e-02 5.001321880669428177e-01 6.989591220678182948e-01 3.455844780794724569e-01 1.073350874852403436e-01 5.016499307313507794e-01 4.338499178981365390e-01 4.131388369336015387e-01 3.415243442281363784e-01 2.334525051511006088e-01 5.684184359219770499e-01 2.497650831991248266e-01 4.228741363140074982e-01 9.044003682028201041e-02 5.953771507575655875e-01 1.247351673076627643e-01 9.160106381516683882e-01 3.772223431093498780e-01 5.810843272170144180e-01 8.617700803922753172e-01 2.575629545817005317e-01 2.128896519409289034e-01 4.819854992620213885e-01 8.340705624005497754e-01 6.747043487900415970e-01 4.864365899337680332e+01 8.594861716545261210e-01 3.712352548491516524e-01 1.511223200714560955e-01 3.063982008891714681e-01 1.194089678639537189e-01 4.271137475724893218e-01 9.111996617980544499e-02 8.705116712115437139e-01 4.495634063744864406e-01 1.191478971870252312e-01 8.052634540618435199e-01 2.515771218864125691e-01 1.667787317640411215e-01 9.753624323158105458e-02 3.189437706589066668e-01 8.234308583322496045e-01 8.018669949255297080e-02 9.338536950373175216e-01 1.283868388903116609e-01 4.105873151023435863e-01 8.341991895019138514e-01 8.165291954243035777e-01 1.534547802086309032e-01 5.311662444399098959e-01 2.743557134129216424e-01 9.160825064928678207e-01 4.577926969306735927e-01 9.644275785503985121e-01 3.011305102035104486e-01 7.065273699695546750e-01 6.175825952765813254e-01 7.454504157334518322e-01 5.350352833599243407e-01 6.756275194340877199e-01 6.422332196487173794e-01 1.631259698758775745e-01 7.861013564088951133e-01 8.288365591579172076e-01 7.030756607338060071e-01 3.412818504372084893e-01 2.163439747056860041e-01 4.448712644381642711e-01 1.388795394495343505e-01 2.916185841258267519e-01 7.492786045157907582e-01 6.007095165101197232e-01 6.644688685499918757e-01 5.503643489914367137e-02 2.040431947223626530e-01 2.765172560530598789e-01 6.775402152221895458e-01 1.321024320057289092e-01 3.546443468987742209e-01 3.630919535907929374e-01
5.385153414466170574e-01 2.390718973145202764e-01 2.450263580233265071e-01 5.342864142659849991e-01 3.346222746294916783e-01 1.647702747031898340e-02 2.432411139790774390e-01 8.062901791902732374e-02 7.864584557827518640e-01 7.971475225474567994e-01 2.523209140412374651e-01 7.162372814972808310e-01 5.219386053307817352e-01 5.723583065970444528e-01 7.291941879835087681e-01 8.053230319764517198e-01 6.599573134552801923e-01 6.280770707334752956e-01 7.308336047888512876e-01 4.958039765792621179e-01 5.346805537371612793e-01 3.860069670682280130e-01 8.121235613036614787e-02 7.437688779430713382e-01 5.568018981273767931e-01 4.706906998495703487e-01 1.576988884437242611e-01 2.189226180631622665e-01 3.009390731593361012e-01 1.841408421573231813e-01 3.016948509003891665e-02 1.287122616030086375e-01 4.308753210155913393e-02 4.426431085364571638e-01 7.450972859847573293e-01 7.809326561432513580e-01 9.172436647801238685e-01 9.284377709355018382e-02 7.588290209160551969e-01 2.660676738307261591e-01 5.084462396251935301e-01 7.027989472866579268e-01 6.170570748171977371e-02 7.103211057833079822e-01 1.958971743582230696e-01 8.282840737105009454e-01 4.855373139894909684e+01 9.389224963155534676e-01 8.248888701947223456e-01 7.639507423180493806e-01 4.276647085522859992e-01 2.944312540360839447e-01 5.594871011482205336e-02 7.174318660941401138e-01 6.910804183157407410e-01 6.215523933634736764e-01 3.108309028368133609e-01 7.303504507763145526e-01 8.918231155724926085e-01 4.582658094933433901e-02 8.691525651219833559e-02 7.084650719337729496e-01 5.441244618089390306e-01 5.546141879523814877e-01 6.668315079294034886e-01 4.158157047553179275e-02 5.337320231782735069e-01 7.921647706147938450e-02 2.022458311236856598e-01 2.618022945768739840e-01 9.622850106788035651e-01 5.194397544663383881e-01 7.748848986684619966e-02 3.002976018353715748e-01 6.031561187031130311e-01 3.056426211808891402e-01 7.161325059315548636e-02 5.577287557744583513e-01 8.594126281872384032e-01 6.755590619783895523e-01 8.709936393519740472e-01 4.388374281672988708e-01 9.740344160993595901e-01 8.969135013483086061e-01 4.177373144825652362e-01 6.248919736900745425e-01 8.565049063251670702e-01 7.125688300646583206e-01 7.832486224054292512e-01 7.594194407942955749e-03 4.558010860118509866e-01 4.869158968790127107e-01 3.398524075927900068e-02 9.787983071623196363e-02 8.995207947391153924e-01 7.247398222089032060e-01 2.566781586197073306e-01 1.965152006092887316e-01 2.260132256633315961e-01 6.904372989841346397e-01
9.765852606469493935e-01 3.816537479019163071e-01 3.356099712555861148e-01 5.877851244255020147e-01 9.821443968252909773e-01 8.714884045515935984e-01 1.704801555090137422e-01 4.352681871726392648e-01 1.295917827377286446e-01 6.850573825087705737e-01 7.117559967845814572e-01 8.542039251797438615e-01 2.832968794987735794e-01 5.799855035896456235e-01 1.135365659011813300e-01 8.404904177894142459e-01 1.441742566414089266e-01 4.389879752101399912e-01 1.940606281229801944e-01 4.856877613567751606e-01 2.734894841922793640e-01 3.524472151450046553e-01 9.830846977339624537e-01 4.649143282806160737e-01 6.526790590821375249e-01 8.021331069376879119e-01 6.805202706775224097e-01 7.912320434700823579e-01 3.540968785853293443e-02 9.694720421595857118e-01 6.645713600056011305e-01 2.336886654976182420e-01 3.696157648194090539e-01 1.616539582157786592e-01 9.418579605118528875e-01 2.207167051741364405e-01 4.304323588607185114e-01 3.265841064859047460e-01 4.293304166958024082e-01 3.522191417610023301e-01 4.381750345011761194e-01 7.439375108892817279e-01 9.613409953978960809e-01 2.704483894974999414e-01 9.479605743313564981e-01 6.885392993650996107e-02 2.326617330038621700e-01 5.081653347320817460e+01 4.052714860478218162e-01 5.772233069626975244e-01 2.184307044081252869e-01 3.697761642199356436e-01 3.177480904584354393e-01 2.610061105641301449e-01 2.754792854307049899e-01 6.036263297389445892e-01 7.324384607011471537e-01 7.126138475056900123e-01 4.352178526093594124e-01 5.587180057920179133e-01 8.548113324001233027e-01 5.236833516022573187e-01 7.452852587253010475e-01 8.430895682747311382e-01 5.113925472410230100e-01 9.635686121021825867e-01 4.751954235937274618e-01 2.594542243617290467e-01 2.182560264559475494e-01 2.186606220388601640e-01 3.855939655551643419e-03 7.102433771228079395e-01 3.644669005407564777e-01 1.516999177480493621e-03 3.063143666668651788e-01 8.390577537256095342e-01 8.268991970047293583e-01 6.471546071237309627e-01 8.905886051804368098e-01 6.891840411398796329e-01 1.265484125890562472e-01 4.279722301380798344e-01 8.352069155233630138e-01 8.943674273551748266e-01 4.259159260119217416e-01 6.220379962333932866e-02 4.953627092638801521e-01 8.197779731406751313e-01 6.299473601928766708e-01 6.536165271077731820e-02 7.299588224115455271e-01 4.378299227065841626e-01 3.000208264594365071e-01 1.600381873073539740e-01 8.164111995596952109e-01 2.784037804497038193e-01 7.016957454137973116e-02 1.438070151316964695e-01 2.749534553889489974e-01 7.994524997866655491e-01
7.251371154562595844e-01 1.188250654448260724e-01 3.882867415858507476e-01 2.147722217833005764e-01 5.190280993533795684e-01 8.351326980543231082e-01 5.233583882573000778e-01 7.149706236365481749e-01 4.845789152259226684e-01 2.473260919634149291e-01 8.218410644139579890e-01 2.012171034316747598e-01 4.405119966049092506e-01 2.601551037370937181e-01 2.465968023727647118e-01 7.960728479893632858e-01 6.808031183914226014e-01 5.012515556279062423e-01 2.591608890257256492e-01 5.614926849973204126e-01 4.232936466151174804e-01 3.767406233004588767e-02 9.754944187994056826e-01 4.606820630230545888e-03 5.980132860258813299e-02 3.045472102805216741e-01 1.110307622890961410e-01 6.930633544113654620e-01 5.786164724112964342e-01 8.001567335848110973e-01 5.809615984716818282e-01 2.232612990064231084e-02 9.202013261683711365e-01 1.504071974182048521e-01 1.701139863232001836e-01 1.010240671225293152e-02 4.062867928260135431e-01 7.362672817517419421e-01 5.991931181271794582e-01 6.851649222034434938e-01 3.149582147292004919e-01 6.722956220862158494e-01 8.294879836288857611e-01 1.153823240720949217e-01 3.203589893363458785e-01 5.135196792065525040e-01 3.692833826403556508e-01 4.859503269166719486e-01 4.773624639388302882e+01 3.441456990548033001e-01 2.247775469749002664e-01 7.319321915034550097e-01 9.492929703700502264e-01 7.689807918225889383e-01 8.418891766837586221e-01 2.143277972861901137e-02 3.665132986291093076e-01 7.266323061971724506e-01 9.860063833871997030e-01 2.782871538654098087e-01 5.953628926932817977e-01 5.306956823045061444e-02 5.969213938537467623e-01 9.825038999729120981e-01 9.665508364436216082e-01 4.992132074551821619e-01 1.090892988778240369e-01 3.416190187172420956e-01 7.558663324238903414e-01 6.385903273995567897e-01 1.906286220953592458e-01 4.798041802889291274e-01 9.613240429861917846e-01 2.490880377494676390e-01 2.013705362987245895e-01 1.807630726025724055e-01 4.405263532125308634e-01 1.395131159375400109e-01 6.096600092450195074e-01 3.753601846163063804e-01 1.407424433386407214e-01 8.451991184696105996e-02 5.461939758485844232e-01 1.164476417663891095e-01 3.640134960982370771e-01 5.133587849736671593e-01 4.620701470954269308e-02 2.589516579195273449e-01 5.680328950719671921e-01 2.268147180553029552e-01 3.430583604234141992e-01 6.950280684280959465e-01 9.790660772005859158e-01 4.732075115829948997e-01 1.000596964897971786e-01 6.609409816737217280e-01 9.329082890834163866e-01 8.945374173323666911e-01 4.678097088069858023e-01 3.371770136691295550e-01
9.228813860140009373e-01 8.268788944278780972e-01 7.159400244861746643e-02 3.053256845707352785e-02 3.016198811555446113e-01 2.120242834571021140e-01 9.140679032855638653e-01 9.682520457503954736e-01 9.430278767600256407e-01 6.118902733558880813e-01 1.750940588695771849e-01 6.725981860761950371e-01 9.878618863876263978e-01 3.063144932778993912e-01 8.657308523209167328e-01 2.892590167787955080e-01 5.877477719402300904e-01 9.065344514581095137e-01 7.426567751406299989e-01 1.432654657640441975e-02 4.910491568860977374e-01 6.337431422390042979e-01 4.389926036873652571e-01 1.026691474166442353e-01 1.321627368599553876e-02 6.667164743311522201e-01 4.768854819211353346e-01 5.170946690744449015e-01 9.088518592831629217e-01 8.457893833356588953e-01 3.095760265873865880e-01 9.041066845755550974e-01 2.449814948177411189e-01 6.332659638339719343e-01 9.952424397449421978e-01 3.981962392782600890e-02 4.581856230478252856e-01 9.808195353424966623e-01 2.788288983210414074e-01 5.868536012384681921e-01 9.480876038290910746e-01 4.859046162135317593e-01 4.633689778973946183e-01 7.145838123574547174e-01 2.452397606909063610e-01 5.378886518981843556e-01 9.037770510602014529e-01 3.906120800676169402e-01 9.781529761664776723e-01 5.133183197060429137e+01 4.131367233891402035e-01 6.345549657461639903e-01 5.051086298979128308e-01 5.285629638720866774e-01 1.313382895937322825e-01 4.205041261630220184e-01 4.675348631976606883e-01 1.259272740559950199e-01 2.444474929403417374e-01 2.825300070315585055e-01 6.908971651630753108e-01 5.607705489455282466e-01 2.890735637412532588e-01 6.329306690376101940e-02 2.300489769916037597e-01 8.975011768592087158e-01 9.230240388946761021e-01 6.081407212941987162e-01 4.199492078257914818e-01 2.635222801218003452e-01 8.216083417188879690e-02 4.748606638382087963e-01 7.553679534116898298e-01 8.049102321058191345e-01 5.452847308970557583e-01 6.722350851528536841e-01 3.143903467298743148e-01 8.073866676215953886e-01 5.970258079743603341e-01 7.549132568994105785e-01 6.256061290616322657e-01 6.502685186797287908e-01 2.632139939374912307e-01 8.574926664217163985e-02 5.834908015404616233e-01 1.346139414531972722e-01 2.097879898360479611e-01 6.131093050041398484e-01 9.548856368928626548e-01 1.143103183877097750e-01 4.405560073744021476e-01 8.834602364091230786e-01 1.206300851209251013e-01 5.676189577809461762e-01 3.175820227060930367e-01 9.309182353858491688e-02 3.360567956784564769e-01 5.565173874609248283e-01 4.685273249226711290e-01 3.485956849887517084e-02
5.977047385910031485e-01 6.083314809859753369e-01 4.722782802416318759e-01 1.509393046543205941e-02 3.954729204928382202e-01 3.568629815687183182e-01 3.426580500069240642e-01 7.004168116135996991e-01 6.649602381119622541e-01 4.239508489079144571e-01 2.712739298890700645e-01 6.871608201783482306e-01 4.679973238898221810e-01 3.517490281737813973e-01 9.527822847744443768e-01 3.487108150832185505e-01 1.394815897171792773e-01 7.586553559654541923e-01 6.159583287050700573e-01 5.571600979061187564e-01 2.828198352181154895e-02 1.652728479348142265e-02 6.023234171921382218e-01 4.079709138312687111e-01 8.718471321824456943e-01 7.852666842830757776e-01 3.543502360277340779e-01 3.353523699276607095e-01 9.203219333255985291e-02 6.890706215715343141e-01 5.489089785997158799e-03 1.454719880122268272e-01 2.716847525515004858e-01 7.502708358297506264e-01 5.400777148941237060e-01 6.878845266221733645e-03 1.201052309775592075e-01 3.331914142120805389e-01 1.891050675023798755e-01 8.783367589432954370e-01 2.496219341371105349e-01 3.405210719656048823e-01 2.039662829272049782e-01 5.822416761529772833e-01 4.206857863399657838e-01 3.155121632038428992e-01 9.837083585608030756e-01 9.909449518150893477e-01 7.298259138293812232e-01 8.211381371076206248e-01 4.832150503187594381e+01 3.007606944946811245e-01 3.498558746438104050e-01 8.435110778073124926e-01 7.414111748852284522e-01 2.149537802119101393e-01 9.087668471172083429e-01 8.413276211146081263e-01 3.901454841936107254e-01 6.790219128844043883e-01 8.490527753905716679e-01 7.314318423442939254e-01 3.411810657437449601e-01 2.404822125402436006e-01 4.100833232011897866e-01 5.681766482826972053e-01 7.622593355981892582e-01 5.929797337711348870e-01 4.046702143046472244e-01 3.776000211959859021e-01 2.607573529015191349e-01 4.452076148201357109e-01 2.235222168027863887e-01 4.951426198296982051e-02 8.116013181677169674e-01 3.097543762188937899e-01 6.975174665332941615e-01 1.339947462308441750e-01 1.192551755236859190e-01 7.726081488484567439e-01 3.750810329865571502e-01 5.127828973392145606e-01 5.762556381981731590e-01 4.157919582706562922e-01 5.844993529818109934e-01 5.214913948559647405e-01 5.240977457751400115e-01 2.431001163305277490e-01 7.940467607861569910e-01 6.206930052238175399e-01 4.069979092285653799e-01 6.867339369978403552e-01 6.438670845117882013e-01 3.425932704604769397e-01 2.977419778616551271e-01 2.533490166183294257e-01 8.871490427187205263e-01 8.982424120385135158e-02 1.345277380195075700e-02 5.190962616954120090e-01
9.147828015252947864e-01 3.514000884227928001e-01 5.450530071154749967e-01 6.585234361450731377e-01 2.432150995888572309e-01 3.246724792827357930e-01 5.302225521467958114e-01 8.280141059965954176e-01 3.409099011117063815e-01 6.047615460967435963e-01 4.878073218943115297e-01 9.646519208288129033e-02 2.099455484437595665e-02 7.493019014581125958e-02 5.894811734922420499e-01 3.964250707786952654e-01 3.454929769494785585e-02 6.559534065405714376e-02 1.176485049686496476e-01 9.773948976113743248e-01 7.108872067244710324e-01 1.466977400610077753e-01 8.295791489191024493e-01 6.421811812921507379e-02 3.349723615655719744e-02 6.789497884668778127e-01 1.605831803858216444e-01 5.691734491582206568e-01 3.939194403745439610e-01 9.178804711893765456e-01 3.640341485566390700e-01 6.160615617055041904e-01 2.613185009415657234e-01 2.104257871570419658e-01 2.810411818593527844e-02 2.001092935548269836e-01 7.828164690932670755e-01 8.472331576179141788e-01 6.300946068198485239e-01 9.029584972960719158e-01 4.387516062384413384e-01 4.581821815495268346e-01 3.321038885303372323e-01 5.003050810130725834e-01 1.199406834502139141e-01 7.128671451813284321e-01 3.115219241731576050e-01 1.455708553063649324e-01 3.678223621594606252e-01 5.952813719966838502e-01 9.934984296132487458e-01 4.971186031763341617e+01 4.193597455529423090e-01 8.015474258864173640e-01 9.539095518209954605e-01 6.170474592194280516e-01 1.032426522774808619e-01 7.557695654794879259e-01 8.747921508960421200e-03 7.814421140099352403e-01 5.468080108594564059e-01 2.146326006275180998e-01 7.258881544131352559e-01 6.543456559307702092e-01 9.475866830479002800e-01 5.412397098857222311e-01 3.062339845397753502e-01 1.989043123508634769e-01 7.185079524884687707e-01 2.287537024368250238e-01 5.142437617479427292e-01 9.625873083646258044e-01 2.662083772522095826e-01 2.333667150683904623e-02 6.073695306568287489e-01 8.245781338683696449e-01 4.892868478340408611e-01 2.062753862498537538e-01 2.170604581102064667e-01 8.243327378253744175e-01 6.108001082049432373e-01 6.533554110440846774e-01 3.944462503131322961e-01 7.331028901432541378e-01 9.408027366012881032e-01 1.520771707986952048e-01 2.591344360306484518e-01 4.359808939935105876e-01 6.571613214634876021e-01 8.492622687194617548e-01 5.514270417043519723e-01 8.286267003770556583e-01 7.483157160363009819e-01 6.622509768085357296e-01 1.500765650728554945e-01 4.029804381483864661e-01 5.885886936439737038e-01 6.491300654577160101e-01 3.290523285866970848e-01 1.449280682242213292e-01
6.224581022398706365e-01 3.705962301288079352e-01 8.116453139102568493e-01 4.444537586332789614e-01 6.971633062959003979e-02 9.871449116979919003e-01 8.650038137704663121e-02 9.403053862434496146e-01 6.584570470492179250e-02 2.413173393849331605e-01 4.965117134951086975e-01 3.332092303729887739e-01 1.232482369488500096e-01 9.998041576356982985e-01 8.022259494475909580e-01 2.412703190234988249e-02 5.794447119786008127e-01 5.959354987373565171e-01 7.520220962826595912e-01 8.902660007827889466e-01 3.037890006695568301e-01 2.929444652828836482e-01 5.191167046502354054e-03 7.053206488546958086e-01 8.193459646534428931e-02 5.933277606552278538e-01 7.911382366140153888e-01 3.448249654181285706e-01 6.698279541278118199e-02 8.337214858421790886e-01 2.911652551526766608e-02 9.638040228722580816e-01 8.349847951414656189e-01 4.431555139197173032e-01 7.048661384535125363e-01 4.571740078269579399e-01 1.263110742584672153e-02 4.464176930084481354e-01 1.660278506848293922e-01 8.435966488930299878e-01 7.115208813510149888e-01 2.882324403451305139e-01 4.015053428030508353e-01 6.507493529366036311e-01 3.046844944852291626e-01 2.533542248691954546e-01 4.519440538167496246e-02 4.962859836595165941e-01 7.154974460916863066e-01 5.611405334004383461e-01 8.501127597241642242e-01 9.808240069012301721e-01 4.667577760192532565e+01 5.777949599329983421e-01 6.767366062274020599e-01 2.515765630307420508e-03 4.457475562237834810e-01 7.069388476362707951e-01 8.383116265650100152e-01 9.845751446291951536e-01 2.935023226980311151e-01 5.391904704555440242e-01 8.458719234681444377e-02 2.627034294179885210e-01 3.522170938798114825e-01 1.592127351445093986e-03 5.035370735683095678e-01 9.184510294678169817e-01 5.197424402220929274e-01 9.095239156388957857e-01 8.672578299974977867e-01 8.184869414348838745e-01 5.269593078973999756e-02 1.646027451501361760e-01 1.887942810866787280e-01 9.801551389825102767e-02 9.280582285414040733e-02 9.268287897170126577e-01 2.754092583252186754e-01 2.574158395173885561e-01 1.417675359963816994e-01 7.220679033700508898e-01 6.830139315246914755e-01 7.194324822178378431e-01 1.631310615216670090e-01 4.084575625855090264e-01 1.034754265147541652e-01 1.602389969123744207e-01 4.075921252289523844e-01 1.654109370922018929e-02 4.113894291207841336e-01 2.877259535142678848e-01 1.894182796670962343e-01 1.531505280504014133e-01 5.808003198165272440e-01 8.678019738338678124e-01 1.121465038632069033e-01 5.157829804560866149e-01 3.386883716369674113e-01 3.011936131906274294e-01
6.773805777287715824e-01 8.492139521418845538e-01 4.284803544043691570e-02 2.978356568874429566e-02 7.562974983076191648e-01 7.849500069920651857e-01 1.487052707401256280e-01 3.432030603796205614e-01 7.001856599665390313e-02 9.669841165226302770e-01 9.481164503848478198e-01 5.365370691368376299e-02 5.010923307997854348e-01 5.810018679438614386e-01 1.440150838535373401e-01 8.448256028287507435e-01 8.850726834163443746e-01 6.158804010104281801e-01 9.257727776155448840e-01 2.272248493409320114e-01 5.385344514322035758e-01 6.899326336922104730e-01 8.041848266378780474e-01 7.182995945590281428e-01 4.498016427233343384e-01 3.463593115641397935e-01 5.432425632966079165e-01 4.139015720751453298e-01 3.316952022693858693e-01 5.753815537827048354e-01 4.485302880252434177e-01 9.629065917574253231e-01 1.388861838744577248e-01 7.478151491835399733e-01 2.513250167443253913e-01 2.189990580674586740e-01 5.649421529439642153e-01 4.617925949981830369e-01 3.733974167403891764e-01 9.835627950276260023e-03 2.025175602458506585e-01 4.464716983243066650e-02 5.225546265404973356e-01 2.678064983435294311e-01 7.987336304701493361e-01 5.242318685463928096e-01 9.433467649010605083e-01 9.201786952621087146e-01 3.606848591715480223e-01 8.254236120025532086e-01 6.985620659019898815e-01 6.069303904092263613e-01 5.684800104780771690e-01 5.373261564316150896e+01 2.651922199702412275e-01 1.232281364260442436e-01 8.657405155352653203e-01 2.030218518215470835e-01 9.544731615126959001e-01 6.444550207045043333e-01 6.159464305944828411e-03 5.856443648031688376e-01 3.574498349095835970e-01 8.548041154360381810e-01 8.336673253701786246e-01 7.290371238491246686e-01 8.311671761866452623e-01 7.903219311600141461e-01 8.498663566425701532e-02 5.925449295804751104e-01 6.796796108829965544e-01 1.601798186000064073e-01 1.996368967009525264e-01 1.603540886307812663e-01 9.030417461987206851e-01 9.382944259498159356e-01 1.547493369771774097e-01 4.058781696427453678e-01 1.668390498777242437e-01 7.388159325762291285e-01 7.704817736751002899e-01 5.960294645553017023e-01 2.037995294487094933e-01 4.338067195748096516e-01 7.009937836676024547e-01 4.575401611327252205e-01 2.176976454055629118e-01 1.270117512541688587e-01 5.428515258812367517e-01 9.506126424285828991e-01 3.557346279759896479e-01 8.384132043634253684e-01 8.922675689772953112e-01 5.287556967427057275e-01 3.341829933545603648e-02 9.200064766804653127e-01 7.587226926950203509e-01 7.046898465817155177e-01 6.954631344013489924e-01 6.348291036281479283e-01
9.381437661975084996e-01 1.932722877459062127e-01 9.400490900152085327e-01 4.745937921671921078e-01 7.152584770250667301e-01 2.717410603020333770e-01 8.596099155267780123e-01 9.083498167693579983e-01 4.876956505756200322e-01 2.017244500840806865e-01 1.464222620823533161e-01 9.039991785829493143e-01 9.271323715056566384e-01 2.420085223048338285e-01 2.910698923652950132e-01 6.765309678804481974e-01 6.393028009413271873e-01 5.911384525777936272e-01 7.067662077873296811e-01 1.920064346093820484e-01 4.339730181248835361e-02 1.677937690767861145e-02 7.061077390501618867e-01 9.047372048000212885e-01 2.018374232826570802e-01 8.170939203617122448e-01 4.482501037584041281e-01 4.715859340132437794e-01 8.587585355598660319e-01 4.874179371470741540e-01 7.852298120692930983e-01 6.643111329146471622e-01 2.551385662510061714e-01 3.787885129766666026e-02 1.132130619083182577e-01 7.617834911726966141e-01 6.109692606587980857e-01 8.560370140676496487e-01 2.865785600259598276e-01 8.237343068154998615e-01 1.609314845570125607e-01 3.730240932654539376e-01 8.932409711697751886e-01 4.518457213066701117e-01 5.473810559592019453e-01 3.693523711461549341e-01 4.198590297294380047e-01 2.218821202746313892e-01 3.852553268447060919e-01 3.967605840659323979e-01 4.863645012589059569e-01 2.575525280453461185e-02 3.190177415645056858e-01 9.831310284220162732e-02 4.930921735156525187e+01 4.323197603613089246e-01 8.056650801964193587e-01 3.350603702303385223e-01 7.885941161275712430e-01 1.274413070922434388e-01 8.356784609188205870e-02 7.049928129377837083e-01 6.491775524400689168e-01 6.235956109966027672e-01 8.245530527287587841e-01 8.176795583679061785e-01 7.703666731603082685e-01 3.556616060663264633e-02 3.511939566000568114e-01 4.675153596891553631e-01 1.141951771226246137e-01 2.443294241720280757e-01 7.848595816928786162e-01 8.697928010040330005e-01 3.494599074858538712e-01 8.468801263046920047e-01 2.157049179349559420e-01 4.239658487002309073e-01 6.648740743409672360e-01 8.838945327397292884e-01 1.842052356536857394e-01 7.678398131855380671e-01 9.548036656552161272e-02 6.294244008295579729e-02 1.498092711540632838e-01 8.256819660196514921e-01 1.063333394141934285e-01 2.816703813861918260e-01 8.861253649016087586e-02 6.718444307769565471e-01 2.449725078585984761e-03 7.841953442211264669e-01 5.963420345944682177e-01 9.505503744123473542e-01 4.001827252564520432e-01 1.966433588888957251e-01 3.703034675963086109e-01 1.222922159718708990e-02 5.023270000583121009e-01 5.573443748813006193e-01
1.250408988583192604e-01 7.014888184372696234e-01 5.188218425529147471e-01 3.963300923091084282e-01 8.778173837498621790e-01 7.140671343106225200e-01 9.409651794162138261e-01 4.749604387652914816e-01 1.776214423868208714e-01 8.199329290936393511e-01 1.853759023261103422e-02 9.883259927394270061e-01 8.550219214377295929e-01 3.660603909359586572e-01 6.014902941768117683e-01 5.003481638956599475e-01 3.423396272298508958e-01 3.601951219376710034e-01 9.705671533905847470e-01 5.598925474563077875e-01 1.209187318022418856e-01 8.731282588771960285e-01 3.735944836542619552e-01 7.099370820323886999e-01 5.830691737249240614e-01 6.055238752923538526e-01 4.587813993661493672e-02 7.684776017254552061e-01 5.592300216168244464e-02 8.138180866158941651e-01 6.250622599010163816e-01 5.598210143182059673e-01 4.304345037672399066e-01 7.273340210427570174e-01 7.404912128266970539e-01 3.373963519289762125e-01 6.029700905164837588e-01 5.912076229467245758e-01 9.654104938797277713e-01 3.365645799232552804e-01 7.392067359363311274e-01 9.319335444601912766e-01 5.196679305116791436e-02 9.719973795094558611e-01 6.633984802067227626e-01 7.907694836388954318e-01 8.864731398821001918e-02 2.879679925399154516e-01 6.790627157621619281e-01 4.550237641886630824e-01 5.094482148656317433e-01 5.964754283296969106e-02 2.452505347626847687e-01 5.635665114038667101e-01 8.846113124496797209e-01 5.113256098554415274e+01 4.878303577216827058e-01 2.352210689328049220e-01 9.536547754407022071e-01 1.366790120706170564e-01 6.338916766001700953e-02 7.404877595741532481e-02 7.478313884757223917e-01 1.832100459216567945e-01 5.122939721251005274e-01 8.997165049900369693e-01 7.176793328096763291e-01 3.844132895908014547e-01 2.281988512551792470e-01 2.030735892489261563e-01 2.453002279852349865e-01 4.323043053463574426e-01 5.589635036959771375e-01 2.114608417024007592e-01 3.623984986575203848e-01 8.995678046484278934e-02 9.858208152901914989e-01 3.935600265858780755e-01 3.083327980153788284e-01 3.255250776928766410e-01 5.467821358263523779e-01 5.986994966765061266e-01 6.292189375653789440e-01 8.267718822133259815e-01 2.325221903541412338e-01 3.447660814038292498e-01 7.207100929179175441e-01 9.404581362465705974e-01 5.165510285205485719e-01 2.288378139828187718e-01 5.593464016507510017e-03 2.049314884574194862e-01 5.877071983913930708e-01 1.435645882414066099e-01 3.817477012382437529e-01 9.216532514376883922e-01 2.699753098446057153e-01 2.780297917770223615e-01 8.310737825316533156e-01 4.575092009081287436e-01
8.034496316244854608e-01 1.528581230871448593e-01 9.341647351510395936e-01 8.079602164275310194e-01 7.409281945089796206e-01 5.849794010398565725e-01 1.691453037193335618e-02 3.826682658553970384e-01 5.977008958163169128e-01 1.686035799069738328e-01 3.894778620128125368e-01 6.329542452397979302e-01 1.156665902347586705e-01 6.171016949636580762e-01 2.472923436735939839e-01 1.707164820392120808e-01 3.841195535342489809e-01 9.058573250282541123e-01 7.254263423080710149e-01 5.482109616381529715e-01 1.390390671137832213e-01 4.711972497565486417e-02 4.248515643354002780e-01 8.836818193791554643e-01 3.298050433087862388e-01 7.413801517931375429e-01 5.413548369367906510e-01 8.891224470195370211e-01 7.955886343391591620e-01 9.174239431715548454e-01 1.263597069442098375e-01 7.715532309071650996e-01 7.018842987432987179e-01 1.502881822222357222e-01 4.353160044006959550e-01 4.540812290802369589e-01 3.508552796129396079e-01 5.990366665929041101e-01 9.416271713972436119e-01 7.822544664222660371e-01 3.195729391015682541e-01 1.821678533169850400e-01 7.490714519646235470e-02 6.896149099280294292e-01 2.972002268350948384e-02 3.563225295416339033e-02 9.175720445594321983e-01 7.540619266856163350e-01 6.406441361156292036e-01 2.977741437739069852e-01 1.507713683828504347e-02 7.200838826764940359e-01 5.878013439797303841e-01 3.253041135223302405e-01 6.216435477586286229e-01 4.138902717583946567e-01 4.982839700109722969e+01 8.948997820255973901e-01 3.724560656557497351e-01 7.782689232433802617e-01 3.931107782151311847e-01 2.920537680778647616e-01 4.626804321097339745e-01 7.367812010629071207e-01 4.579065257314907100e-01 5.314536990608679234e-01 5.331951633155271875e-01 4.460537836513985832e-01 2.937165456558431531e-01 4.346734071372300168e-01 8.711737734049843640e-01 7.130253997008171307e-01 4.028231273609385044e-01 9.829098644735042578e-01 1.040682623121668149e-01 6.063217505185088951e-01 4.588099013879700649e-01 3.149935555519222108e-01 7.242474336341786501e-02 4.107749493980639155e-01 9.652272729686083297e-01 7.982626722498070704e-01 9.827607737923763631e-01 1.903307850955415770e-02 5.562081657702103721e-01 1.085176464489869819e-01 9.086457561321235055e-01 6.975761718343609363e-02 3.517953347638315131e-01 4.052336866191210696e-01 9.922809475630806064e-01 1.401420460383666633e-01 3.021857128994325237e-01 5.610526022887183384e-01 6.837994860481612092e-01 8.384455969811078768e-01 1.717903432771309413e-01 9.549156815027171064e-02 4.045451679930808231e-01 2.328798680852237624e-01
1.554202912302460327e-03 8.709328269597952366e-01 2.005067080170965799e-01 5.346377327621866238e-01 2.132321634838142410e-01 6.329456896387530840e-01 5.431272660223499527e-01 1.094582649422053411e-01 6.532325040782324121e-01 5.797841055203023508e-02 6.465565125946604041e-01 7.670208347231638468e-01 4.627722744931618282e-01 8.673938220553900624e-01 6.798867244169839452e-01 5.076431933165607147e-01 3.529185086846976516e-01 7.569629252305914990e-01 8.207970917838722791e-01 3.774556769931662892e-01 6.975278614259501353e-01 6.838367065499914021e-01 1.282333120978657037e-01 1.234307373281248177e-01 5.045667940836889853e-01 6.867179358028309144e-01 9.999345198582036964e-01 1.469449378529035233e-01 2.623875730664804173e-02 6.178549255785166228e-01 8.044550909668413130e-02 4.792171296279480464e-01 5.254963760976966158e-01 2.557312838896556029e-01 2.130680256643143755e-01 5.103880328486890550e-01 5.792833747880271611e-01 9.073071234493523818e-01 9.401035534726109866e-01 5.867335558494612968e-01 5.009875449173489814e-01 7.337316907393125476e-01 3.095107924273196032e-01 9.814769153957199066e-01 3.600808244658507684e-01 1.042625442365379129e-01 1.769264492899758068e-02 1.849021936528882915e-01 5.152272543849960584e-01 2.085309856021210217e-01 2.660081133231572137e-01 9.582627263197420753e-01 1.039831864923709270e-01 5.933308396196974588e-01 6.110035677586417302e-01 7.865359724205502889e-01 4.792642246902556469e-01 4.886365609665701726e+01 3.914085652335878018e-01 5.315047747398752298e-01 8.958324135975892499e-02 6.389267804053038180e-01 9.349427338726434833e-01 5.317633552806674269e-01 2.371293569402924684e-01 8.094904711686704557e-01 7.454719811006729202e-01 5.236396282916856437e-01 8.426300243260498313e-02 7.016324642917818322e-01 5.391702681339298753e-01 2.628093873489767418e-01 7.850167645339078959e-04 5.545621407110160606e-01 2.944639558488350017e-01 8.677340911331193896e-01 8.048223483380133603e-01 8.678802391392157478e-01 1.926215675844278330e-03 1.154089250288301560e-01 1.465004519439785380e-01 6.732652762194124563e-02 7.616606248691781822e-02 2.773136517780235843e-01 8.133629607292797159e-01 7.097675478942847560e-01 1.113035391403578434e-01 9.614325083784097670e-01 3.575727872740942503e-01 6.058795735715871711e-01 7.681417029396671037e-01 7.379555136398860959e-01 7.721922462843006096e-01 3.615527070662374332e-01 6.254405043907139694e-01 6.912472649200995800e-02 9.689634177258132919e-02 6.971807627025503606e-01 2.956284778142477254e-01 6.788649016021487403e-01
3.924913516431332017e-01 8.730444895275834005e-01 8.171138592414430857e-01 2.907893456424119893e-01 4.436243430849413638e-01 1.063519231199211434e-01 5.502173013659026335e-01 2.571187597748462172e-01 2.785303769353235648e-01 4.747267219991996301e-01 6.287627590631291730e-01 6.796665063229608839e-01 5.701856319527800476e-01 2.252519521049893836e-01 5.827089513149413813e-01 6.038583071774950017e-02 8.614334079077323736e-01 8.197120304234620791e-01 6.150165361019025445e-01 3.411667770784508891e-01 4.802162900336111040e-01 9.316631351575243025e-01 1.617092013705975218e-01 6.873502860642655143e-02 3.451672889351672380e-01 8.719054157019837659e-01 6.969417211430914971e-01 8.688181450399977690e-01 1.283659296115320370e-01 7.329409819875174481e-01 8.852404233333871497e-01 2.096669537734618949e-02 1.744529268355177187e-01 2.277949197616446764e-01 7.621838117678679803e-01 3.393217590607960910e-01 1.776743429192088053e-01 2.290684543312696553e-01 2.216542826564193991e-02 7.888564917531817322e-01 7.258741740185290503e-01 3.522207051518759791e-01 4.606690365391052921e-02 3.687426886865247111e-01 6.919862477756328900e-01 2.401301081241238311e-01 4.898912636001229171e-01 8.491939313101937170e-01 9.174176619721486903e-01 2.843552110683998935e-01 5.676402790428847212e-02 1.984466136650834267e-01 5.678045090467140898e-01 5.269415747855006327e-01 9.832829437483460167e-01 9.051406317585883876e-01 4.213058246838896626e-02 2.641688305586052943e-01 4.887415212890462612e+01 6.323336705855915341e-01 6.485600010040282193e-03 7.218743178241728842e-01 4.723404669275899082e-01 4.206524672525348008e-01 1.064065573902868156e-01 6.441687345635360717e-02 2.706614181838722377e-01 4.774547713693236828e-01 4.714188743058124187e-01 5.157662454591007695e-01 5.917918643109810750e-01 5.335647517964532405e-01 6.692686836102091918e-01 3.013968717612774961e-01 6.879411259653058774e-01 1.335030934983172379e-01 4.376257489230841458e-01 8.084682812596526436e-01 2.541180514273737590e-01 2.565450555081720818e-01 2.369969707716802487e-01 6.322167502535238626e-01 6.246619651891314184e-01 7.053735506693808999e-01 3.638851922703167929e-01 7.154545220525133642e-01 7.773364572383584248e-01 6.869085077374637027e-01 2.161422650515051336e-01 9.966527415695596304e-01 4.894185317054677853e-02 7.432942234136845627e-01 5.478274899459510960e-01 5.639724792524698493e-01 3.278939814293765354e-01 6.505225650374217850e-01 5.791153320208428656e-01 4.783857595935225859e-02 8.041724455676048100e-01 8.387222534154836762e-01
1.438857535701292267e-01 4.024862764885539512e-02 2.219393807276918151e-01 7.377754380483476648e-01 8.182644614261500582e-01 5.159848143829148803e-01 1.565431840611766212e-01 1.077759178386673566e-01 7.358780359739602872e-01 3.640827662070681425e-01 7.101154487775782620e-01 3.557966842060179546e-01 3.096933198655871244e-01 8.652786198716846400e-01 7.985208047798276754e-01 6.013607214742516804e-01 1.691978090858269335e-01 5.213170715774883002e-01 5.260196920271074106e-01 6.135528348445323799e-01 4.924168074048003163e-01 9.116514771837670450e-01 1.984592368023484488e-01 2.153146880846877886e-01 2.313762475026693854e-01 3.717087896665141056e-01 8.160148180541848539e-01 1.611060725331643351e-01 7.070838264688510399e-01 7.072436571899298752e-01 2.753926095097501969e-01 3.279776190032073213e-01 7.217434398739104306e-01 7.798234507725385622e-01 7.423570619848532948e-01 3.585308399150720637e-01 2.677773319029151944e-01 2.615863816225025840e-01 2.596937096213233209e-01 9.350165732008985930e-02 8.333107829690443724e-01 8.445100140856790505e-01 1.505024926518978567e-01 5.674120908542359398e-01 3.397710643770968097e-01 8.463874305955266797e-01 7.640652262647236181e-01 3.243946925622837041e-01 5.047604973839889819e-01 8.950177619524400940e-01 3.817959862250122072e-01 2.868781122926269411e-01 2.394950353816771571e-01 1.509819735497142101e-02 2.859251239218932872e-01 9.193871756094523784e-01 1.772344026583455578e-01 8.977818505510238856e-01 2.057769252532537507e-04 4.917242745933969417e+01 8.669962593503802717e-01 8.051031852043241122e-01 7.904585547803520962e-01 6.137876668012187675e-01 4.427801255537261449e-01 5.007041780253230767e-01 2.630600513500424009e-01 5.564467331877073208e-01 4.409326753239125596e-01 9.756804693287635111e-01 9.872397323952146753e-01 7.218749420775237846e-01 4.799272631406918954e-01 1.375119787266922966e-01 3.583968959127231679e-01 2.488542155569684056e-01 3.946738540918097726e-01 3.711890665325906502e-01 5.175722805307888530e-01 8.166092654116374749e-02 5.241737475701013782e-01 4.926162735202940235e-01 1.414961362180459092e-01 7.937831214050434792e-01 2.274077113698057540e-01 4.150452797695908247e-01 1.342853041584587404e-01 5.401071658410627752e-02 6.467240355010624997e-01 6.491199267482333779e-01 8.357853186244581511e-01 9.365163113614234369e-01 5.126726454306229641e-03 2.344915672359418890e-01 2.126769404184077894e-01 9.739984902325196092e-01 1.334402105799310512e-01 8.747938527516437857e-01 7.359175084382054699e-01 4.906775477872015179e-01
2.228937250657183622e-01 8.631201959312633232e-01 2.564123842529457686e-01 7.379998399412672772e-01 1.435168583723943625e-01 3.317793083891942274e-01 7.430059421374195505e-01 9.174877826251927049e-01 1.030444077350889387e-02 8.165691328263271487e-01 4.516891468935840814e-01 5.824190809977247696e-02 5.522123386156880809e-01 5.516969942506610991e-01 6.446945666122321228e-01 9.105743675382204083e-01 4.179409767735215997e-01 7.143886166604043186e-01 5.039226065240093311e-01 7.066852644291335972e-01 2.720260900014742633e-01 3.969807640827778261e-01 7.830432552811593672e-01 9.635472283700489138e-01 3.665428590826949051e-01 6.926031341900114047e-01 2.671937093749778835e-01 1.804976728624693161e-01 6.553187097002877159e-01 8.858150762468640638e-01 8.812701442903008164e-01 1.850258246328673195e-04 9.042782961057902469e-01 2.019517690338943350e-01 6.357529375185398957e-01 9.626659126469561123e-01 3.027179526811133448e-01 8.938313813562537291e-01 1.933322898114667732e-01 8.169514085450902963e-01 4.918502503232013989e-01 8.193506722187982039e-02 3.236528585708301486e-01 9.069432422770854485e-01 9.211268495078128726e-02 5.155700152412990844e-01 3.428270535498560978e-01 4.803591901397237240e-01 6.650562776722352964e-01 3.896812687941874076e-01 1.154893633048090784e-01 7.602917599714196228e-01 9.471156187821405670e-01 4.372690906298000169e-01 4.424320096294397375e-01 1.109868287648708707e-01 8.783284972823113268e-02 5.962169717638385880e-01 4.016780764759003697e-01 2.393597122167888669e-01 4.814945992466480362e+01 6.193351109764535511e-01 1.631206334117225598e-01 6.952137891781673407e-01 3.008927839317268038e-01 8.173351110296743771e-01 2.772868920593257736e-01 8.351657982434950167e-01 1.347767185669879186e-02 7.667894983043413992e-01 2.849272241871051436e-01 5.912783303256360368e-01 6.012890377208798265e-01 2.553336834362329721e-02 5.140479199476055694e-02 2.836806235933111431e-01 5.431771459387629841e-01 8.686021594270291191e-01 6.690932462328998964e-01 6.537611959614155754e-01 8.552458590145117778e-02 3.208630965542279556e-01 8.645423282630848583e-02 7.678619355786199252e-01 3.634607941473115833e-01 2.430590344575598305e-01 6.281089684046595734e-01 1.130516929169730345e-01 4.146369290275321307e-01 3.142313336017484859e-01 7.965187678006716565e-01 3.365938257954949053e-01 2.011875278015007318e-02 3.200330569899930699e-01 1.297018407236445459e-01 3.329354898414050856e-01 4.463770571943675991e-01 6.946090733587582111e-01 1.804432445966046572e-01 5.292541026888364364e-01
3.676621819930925295e-01 2.825674162289611990e-01 1.226751679843371967e-01 3.186673273633700010e-02 2.240142724403025865e-01 4.833432862577946576e-01 3.742990010886492191e-01 9.944384581739095230e-01 4.160867218630486253e-01 9.063182461377561339e-01 9.708624548824794642e-01 7.029711703663324984e-01 4.407590523919590053e-01 8.556439228110782613e-01 9.664447272301360803e-01 6.708838350368173664e-03 5.515322698892026754e-01 2.397219944393469415e-01 1.880860351170395850e-01 6.672658412305775277e-01 7.783794157798391566e-01 6.346020020299588671e-01 1.872262013577985496e-02 1.763989391502404080e-01 5.028864813320014227e-01 7.850152981674037855e-01 1.169561092219758569e-01 9.725407469656711656e-01 4.582084037141676003e-01 6.153244131461222954e-01 1.627918078870591589e-01 8.539150548765817028e-01 6.153023291675163708e-02 4.600690092966706057e-01 4.657332855016292905e-01 9.990336666372594543e-01 7.391433647906509030e-02 1.183903705759048464e-03 6.106364453676396131e-01 5.058491033941632242e-01 1.148910093061832338e-01 3.104778133647682070e-01 5.713619309564600401e-01 7.395634110778247505e-01 4.545803841064436357e-01 9.765030276707645784e-01 4.220019568443844626e-02 8.879947348361338921e-02 2.567780396394169218e-01 3.125400537262242873e-01 7.257545853608049491e-01 2.521789774113998295e-01 1.301720945603856983e-02 6.912889460194643343e-01 8.461885659624527323e-01 2.823742915642107887e-01 6.094486327470531872e-01 3.339623406914975501e-01 4.313463114720226255e-01 4.676980580040092095e-01 6.629229789332664602e-01 4.701153301548514207e+01 6.032337857824590088e-01 2.635594277422217413e-01 7.890624443650967601e-01 6.587694068319009943e-01 6.279293223411409608e-01 5.103046952644867407e-01 5.166468409986750832e-01 9.487311715225124065e-01 1.436510443169106699e-01 9.400107235875593270e-01 2.947867301857909350e-02 1.893869263930415547e-01 2.356648313315153898e-01 2.927739871376677794e-01 2.009416942978429210e-01 1.028109940509265297e-01 1.326648565730371709e-01 4.467589259331994356e-03 4.251046991338599534e-01 5.687136623210263808e-01 8.792908291912935326e-01 9.193408325369178957e-02 6.124371811173038305e-01 7.558464442107220016e-01 7.596786632964713792e-02 5.222554277308477655e-02 8.122258910009397814e-01 3.270363950712128487e-01 6.126646897472804998e-01 5.585041648733671815e-01 2.673936571416879460e-01 6.828831286002996492e-01 6.909084282520970843e-01 3.445735376261904737e-01 9.620199075566940872e-01 3.696074552363005639e-01 8.802494328167755899e-01 4.909463564067539920e-01
5.452082888939372429e-01 6.276205522298609063e-01 3.123032139905103088e-01 1.320877669717002156e-02 9.488219018858989884e-02 2.090670220351132924e-01 6.528639906267649229e-01 8.170157435146923053e-01 6.470229719168849591e-01 6.609943710502338421e-01 2.895715857025750184e-01 8.602010164605689013e-01 5.821856126769494599e-01 7.978410122039273356e-01 8.884410598466478959e-01 8.165954234139272128e-02 4.092817190585139597e-01 7.580310108425782900e-01 7.281583316354713897e-01 2.253493302828140088e-01 9.878989039841626907e-01 3.201021535468023815e-01 5.042026432793836888e-01 6.180142594135312750e-01 6.159446393805968478e-01 2.226283773010209188e-01 2.254073170986179431e-01 4.286122093859117133e-01 9.664026747722378463e-01 7.264888584681601369e-01 6.858051571094828658e-01 5.953228537940690179e-01 5.557546458485832508e-01 4.995710588588575529e-02 6.948849237571982362e-01 5.928420782775261078e-01 5.088270792749589599e-01 6.612651143500158923e-01 8.125961593880505207e-01 1.946720591148608515e-01 1.797976928839246646e-01 9.633003080871164192e-01 2.234990149986004759e-01 2.238463679451658805e-01 3.928082940259622902e-01 8.235719226808410065e-01 6.202116611724398654e-01 8.247399632206560138e-01 1.931170219722179171e-01 3.549715593882188935e-01 5.602070045735304538e-01 3.636353497063796736e-01 7.470814442692996771e-01 9.712815299473774866e-01 1.087565751491629262e-01 3.600230272347624272e-01 5.750216759206181472e-01 6.880501879148771538e-01 4.224510587839982456e-01 8.363182494385642540e-01 6.105759577365236224e-01 2.193226617409316237e-02 5.513685512607737849e+01 6.930268061472781849e-01 9.881564964003870521e-01 9.642640072847301624e-01 5.256398357685779787e-01 6.725222726907651438e-01 5.852410852660837604e-01 1.377022617534333637e-01 8.732674620784469655e-01 6.441011903575755149e-01 3.448009685032654703e-01 7.695918652188611375e-01 4.691744744509063203e-02 3.987787811777274705e-01 8.828283435470116736e-01 1.230213843067973212e-02 6.965835779610141110e-01 3.112131973858468514e-01 8.216037836147954687e-01 5.336768002514916676e-01 8.518056061089700481e-01 9.959938399952843469e-01 9.190281077870295912e-01 4.686744084757599182e-02 1.717682493357894913e-01 2.423298468789287785e-01 7.519101740256314281e-01 4.952513151601762864e-01 7.530397825253057897e-01 5.862184990786707406e-01 1.955152264321053934e-01 4.932902958562220830e-01 8.187223145591470130e-01 7.821528186727179088e-01 8.924051097432164070e-01 3.174967859260313663e-01 2.590730087666500703e-01 9.014115665671740274e-01
7.919072897219746610e-01 1.783685141175028743e-01 4.013631837493661925e-01 7.445710597112975559e-02 6.727117111049739639e-01 9.680082928586829505e-01 8.722042112676720027e-02 7.479816683332444205e-01 5.924736122386504711e-01 3.914391793763344340e-01 2.582865064282346967e-01 2.425793140455601016e-02 5.262371707721947844e-01 1.326500841229707461e-01 1.671391627255592871e-01 6.879667883518258975e-02 5.534027732369553032e-01 4.940426113989717649e-01 2.210663276626518847e-01 7.713460893711251432e-01 6.708038068670194587e-01 4.665217232657326019e-02 9.721289559312631390e-01 9.784169969168154957e-01 9.815738038014594213e-01 6.202735813376902829e-01 7.010869440526013019e-01 1.535956365041508676e-01 1.871130759068332372e-01 2.568319972572409293e-01 4.799230684536448521e-02 7.378358336024150033e-01 8.550050410127296718e-02 2.379340380008849731e-01 9.430435436363847623e-01 3.164318032413793169e-03 7.910618221440873787e-01 4.175365298720090657e-02 4.815352229789847671e-01 9.383868102057825178e-01 9.805862654291277458e-01 2.411077632122169412e-01 8.007072950928374455e-01 4.718487215045820138e-01 9.933917361220847564e-01 9.161742268152457402e-01 2.216658055674103345e-01 8.626983929767676473e-01 8.277922929594467849e-01 7.616136652522945694e-01 4.606125147220732075e-01 5.628741828159857796e-01 2.507290918901707855e-01 4.735379117655850179e-01 6.317147706777541671e-01 4.291850641957154489e-01 3.526143568363542258e-01 2.608431396910028122e-01 6.604578793506582501e-01 2.767803376378343838e-01 6.221991663916336401e-01 4.148168758615179419e-01 5.125232051044353865e-01 4.852035346837095631e+01 4.027786005911263567e-01 5.483073923784997916e-03 2.459557854313154657e-01 1.379736985394309778e-01 6.595145758373432976e-01 3.270091813085440613e-02 8.082640549857498247e-01 2.743045547664455519e-01 7.373468599655677025e-01 2.915442714287865833e-01 7.986413125886229203e-01 6.598623227279358794e-01 2.613395283390499424e-01 6.226406444886286584e-01 7.288804326971080050e-01 4.076962795924526928e-01 3.655011745726904904e-01 2.839228533253296272e-01 9.718117303148008368e-01 8.649821281916711957e-01 6.058137407499223359e-01 2.698345267622137555e-02 1.960554805788169430e-01 6.710394908102551570e-01 5.088187293702777225e-01 9.291242306589589939e-01 5.647052764827628080e-01 1.539625195087358511e-01 4.592193208331039056e-01 3.192906094132804684e-01 1.649725712201727257e-01 3.854877688340042630e-01 7.628133569570477723e-01 1.628555426280156038e-01 1.698039395781315575e-01 5.986017572425198496e-01
4.815935550528707143e-01 3.037610792806733073e-03 9.256870732489770326e-01 2.381552161349341779e-01 2.444155858947986149e-01 5.343175761492144904e-01 2.234847901461777253e-01 8.060902539554165580e-01 3.064121896003597634e-01 5.218729483376005618e-01 8.947962351532652292e-01 8.759475339904831959e-01 9.046107301113690546e-01 2.385069831351827041e-01 6.799233078416994092e-01 2.325932198462623557e-01 5.333783667054370348e-02 9.061688970025179035e-01 9.716671997285583062e-01 2.111888275740643195e-01 8.575315957871523231e-01 4.136987841532099308e-01 2.896752934107165167e-01 3.167580112188642660e-01 9.295707752534455581e-01 7.832534666862576156e-01 5.427063560039149248e-01 4.394173958942756419e-01 3.264001654045500800e-01 6.050651375391202791e-02 4.557118032262478247e-01 1.748280942420054052e-01 5.981506475314634086e-01 4.471291766167693194e-01 2.582805264605273488e-01 5.918256276878113287e-01 9.968017046162850336e-01 9.752573715371447571e-01 8.233634242558197647e-01 4.522792814785793203e-01 7.105810455480346954e-01 9.924316010318964265e-01 4.606876014661496210e-01 4.853323658986005151e-01 8.829700301448006883e-02 6.737438942912283846e-01 3.779578703968834441e-01 3.134178116702889261e-01 9.467627909536683317e-01 1.038322223151610935e-01 5.749358402483417674e-02 6.577140036951393265e-01 6.241544320711945870e-01 2.573100872701250541e-02 7.431211094767673497e-01 7.142415572235788490e-01 3.765410311994277226e-02 6.702868736566002239e-01 3.763243264004765276e-01 2.880600564531090590e-01 4.222510776684011979e-01 8.961680303799300917e-01 8.611212155393713763e-01 5.076332676336466898e-01 5.283401880891568680e+01 3.050951280785885178e-02 7.561499286672356268e-01 8.309815063870040763e-02 2.052416170559833164e-01 5.523528364849243921e-01 7.456639353747473997e-02 7.737254754322795414e-01 1.478542926929058421e-01 6.813464121372556637e-01 9.252959927795683104e-01 8.496639222720283602e-01 3.857936354731723583e-01 5.626600636487917306e-01 6.793954313690292457e-01 9.214248240486582198e-01 1.370802657326725127e-01 9.165788092437521239e-01 9.591978110635634991e-01 8.438378100656741543e-01 7.763277278644004076e-01 4.203576822807559843e-01 8.315891718542178790e-02 5.754812324825701042e-01 8.618434277971729340e-01 8.580739216456438889e-01 1.406023815198205185e-01 9.912143618875012274e-01 1.896539384189477317e-02 2.600904152060399266e-01 2.202751610752482492e-01 4.129827683103386438e-01 3.965213952838558820e-01 8.662373595751593491e-02 4.927631212615506406e-01 9.867149559468735287e-01
3.429059167991109769e-01 7.810673746636056514e-01 6.941123702801973439e-01 9.510530661303243649e-01 2.979906460689791814e-01 3.027661356682673777e-01 8.674663532044913916e-01 8.691723653452020359e-01 7.757114063059844522e-02 1.692528084239752761e-02 9.098547207624109179e-01 6.038623971002869961e-01 3.663092179813728366e-01 5.482399593260269821e-01 6.742911707747387684e-01 9.535515040158566435e-01 3.630126955325332361e-01 7.673948161101074028e-02 6.304370074224913134e-01 6.891073316138889293e-01 9.343252828758560335e-01 4.777291997819336222e-01 8.996557446097349642e-01 3.272349533635170449e-01 8.723786424379800231e-01 6.432025689939222524e-01 5.466279049770960130e-01 7.377638259343549665e-01 7.399531143957129853e-01 9.018560766197949441e-01 9.085523347734634214e-01 4.042256702218097741e-01 8.434574553207689895e-01 5.317021230696742373e-01 5.161510390799362025e-01 2.850098641947738098e-01 6.331714197149113099e-01 6.390308424150991096e-01 3.492606271991357536e-01 2.554014152017699546e-01 7.034741148010066336e-01 5.013443902086325288e-01 4.201130644195272268e-02 3.908561360206759261e-01 2.457985292019722046e-01 8.137585444705190962e-01 5.737808982960296289e-01 2.442959559822158733e-01 7.174045138956166578e-01 5.303303087906785507e-01 2.761795493730407891e-01 1.164867064380687989e-01 2.924137427724070593e-01 3.550720625420870080e-01 3.068518620038800382e-01 7.425011669063169562e-01 1.723829702057564361e-01 7.090620956302740030e-02 6.282793566115699724e-01 8.912200416543055725e-01 4.593722431463062028e-01 3.750853902702067089e-02 2.013334609871104686e-01 3.786671207030957165e-01 6.499721928847703722e-01 5.266545298324649593e+01 9.752033085542237689e-01 8.958304263607489437e-01 2.769434249827698036e-01 2.238951836695861619e-01 1.567875621529603025e-01 6.665194626379213894e-01 4.570916222870022860e-01 9.598878447843615103e-01 3.935809109176002796e-02 2.001136256171913708e-01 3.015019028206797902e-01 6.508839563317548871e-01 8.370883107638450449e-01 7.136797444372429133e-01 7.054394203939009511e-01 5.017663682184458906e-01 7.477164335609243206e-02 9.982885981101302653e-01 5.690139830787055431e-01 6.269621332894256271e-01 8.299965993499560657e-01 6.200194362261413072e-02 6.924443579205068477e-01 8.308879471083467916e-01 6.669542836031705502e-01 1.422273868552448306e-01 6.211420984873181617e-01 5.756530397255229525e-01 1.403281289982136748e-01 5.173878577045192273e-01 1.191935088466469228e-01 7.886093945762194801e-01 7.707218689158332747e-01 1.820431373330563263e-01
4.559195662963366757e-02 4.509928027237264381e-03 8.741190081504099929e-01 2.348003545712775697e-01 2.206400350902156804e-01 3.322990506924599075e-01 1.005638745473499407e-01 5.977372204845745607e-01 9.463768470534957844e-01 2.754959500536520167e-01 3.299553373983773463e-01 1.842395974085649923e-01 6.957694170604734607e-01 2.275571973430251527e-01 2.053219058733500857e-01 8.728196570859584336e-01 3.349783362189606706e-03 5.340148236204116383e-01 4.670930409897200430e-01 5.179643646712983607e-01 1.818103553780822113e-01 9.177063308399191488e-01 8.167948111581998516e-01 3.618621334519672716e-01 5.715115879978104330e-01 3.450061951322913600e-02 7.252669478483519949e-01 7.066764245838210723e-01 6.761304650287053297e-01 8.233853796447587747e-03 8.698433610194878929e-01 2.526643387074738456e-01 3.811697387892131195e-01 6.783079578997365244e-01 9.281771063807409128e-01 4.807310528380603909e-01 4.622129537860406590e-01 9.349775239035611474e-01 3.114382458869866532e-01 8.336451217722867790e-01 4.338559608942527124e-02 9.351412647309929049e-01 3.075009413146621018e-01 2.015639488510178046e-01 3.074742115417969934e-01 8.238237720237197026e-01 9.793605063457581084e-01 6.217016622766392553e-01 4.281333738267267819e-01 2.230074048208208204e-02 3.809818880036306421e-01 5.499987232344130117e-01 4.740221899107246450e-01 2.184562741225977156e-01 8.299642565502677316e-01 9.642972781890374323e-01 4.742204139629397908e-01 3.885637634136184237e-01 6.416088955381429315e-01 1.187279892519002011e-01 4.784066841591939623e-01 2.209839339648855816e-01 5.753760416119415577e-01 7.302951314415510042e-01 1.380567403758291567e-01 3.617467788209535184e-01 4.957083186759548710e+01 2.032072256104172636e-01 7.890924470504750987e-01 8.376125359115266233e-01 3.610233805841848165e-01 5.574388591767022172e-01 4.795243277810701255e-02 7.729941788238836597e-02 7.026255033669410732e-01 2.754962133094507326e-02 6.802082732218530658e-01 8.072070577552754589e-01 3.757321885229998326e-01 8.928584650708408788e-01 4.529914167474529130e-01 2.404536010100853938e-01 6.989430645111252005e-01 6.855209576483866085e-01 9.735337919684180497e-01 7.002443428046941643e-01 8.274727790732753219e-01 9.793598677121867491e-01 6.038838992030478581e-01 4.605691086892177433e-01 7.911195903080846525e-01 2.330211527009030670e-01 7.564105148630062558e-01 2.680407839750827970e-01 9.893693776019496511e-02 6.649835665111922811e-01 5.764461652752500553e-01 4.957909662083492819e-01 2.842964061728974201e-01 2.034340100327813872e-02
7.674867823835445080e-01 3.054693265635654020e-01 3.533554441500387222e-01 1.030234978990267614e-01 3.441786761853659060e-01 3.319518128342785479e-01 4.308911146085836474e-01 8.134132991138498525e-02 7.357015473588821575e-01 5.394356867431193692e-02 9.228736683046852018e-01 3.078637428667082565e-01 3.612877123525747303e-01 7.777941468701876637e-02 5.673817830911859206e-01 2.956055006933990814e-01 9.781155545497055570e-01 3.127108583599766956e-01 7.837665327432670193e-01 2.985924876257821658e-01 8.961034266128645731e-01 4.493040645086868734e-01 4.802739703720855236e-01 6.924248214359554066e-01 1.080643826787164308e-02 3.777167854410867776e-01 1.911070819927933595e-01 3.550770052867839865e-01 1.648936004890324547e-01 4.496997069554342641e-02 6.289727403755470680e-01 7.178662278695320254e-01 7.554042311626133488e-01 7.281647377908377905e-01 8.695741835648507223e-01 1.354644021574390456e-01 9.262967822003997931e-01 8.016091569166232667e-01 4.842870980428181094e-01 2.881422763892391714e-01 3.576630198089891799e-01 7.231282950349693373e-03 4.880511617795713075e-02 1.908076937991110000e-01 2.955734591534131539e-01 2.643965528988155844e-01 6.429558472355103582e-01 4.792840620349081426e-02 1.765034081008037825e-01 1.544920712686291830e-01 5.508845076037058863e-01 6.882737549839207380e-01 3.981496051332117370e-01 1.653711953507867038e-01 3.523467669428141935e-01 7.556842025388752493e-01 8.663069896226911482e-01 5.863367886724653033e-01 1.697720179275784558e-01 5.456751664099183108e-01 9.467512193305316348e-02 8.324670629572750169e-02 8.681040028541315845e-01 4.628634991051385761e-01 3.426992240717776639e-01 1.293617803863663651e-01 7.340831337124849032e-01 4.817773884497619008e+01 2.529713372692136142e-01 7.048992858255999083e-01 4.716310381783908046e-01 9.387567450708902417e-01 6.743854311183716810e-01 3.304629017700672078e-01 5.217686846822736646e-01 2.420185903329602484e-01 4.131141462863039404e-01 7.146333702882113892e-01 7.170075718943912380e-01 8.616100572735269081e-01 7.437640296392084016e-01 6.948243620720926383e-01 2.199387834240830175e-01 2.056400350629561391e-01 8.486860824236901468e-01 8.096253863144609042e-01 7.120022056740892280e-01 3.603825976122941865e-01 2.694316875934057443e-01 6.194586789172840113e-03 4.035763421120174277e-01 8.037058004846784343e-01 1.371337883013981074e-01 9.334208550687418393e-01 3.122820196142502835e-01 8.686273970000124578e-01 8.726115801141909323e-01 8.310659605911676628e-01 9.588059639440497106e-01 6.784445730518962048e-02
5.183414240048823673e-01 3.059056481726381005e-01 6.193771113127279904e-01 1.121561101375891933e-01 2.983119411664683085e-01 4.279382457248733784e-01 3.261552867846461146e-01 8.594247510271559864e-01 6.870927638192420028e-01 9.187493267979880418e-01 4.736829230485347653e-01 6.772185216037382993e-01 3.543743846431980371e-01 4.436372357146293188e-01 1.243287592169398659e-01 1.422085491891403874e-01 2.720054646192832104e-01 7.434049001438701731e-01 7.996002950804150800e-01 9.818080430367759348e-01 8.550047374643982012e-01 8.609957826765142208e-01 6.052736744821990422e-01 2.348792461712994051e-01 7.775801147644312294e-01 9.306160539798766784e-01 6.407189102145038895e-01 9.282473745410420030e-01 4.831215140872587854e-01 4.420005535913009709e-01 2.519998061040484849e-01 6.635023070566770098e-02 3.503646304245855436e-01 4.120115206454335599e-01 4.732085003746335783e-01 3.557227041528977507e-01 4.189097780223418610e-01 1.485240363194162416e-02 8.338786915148955758e-01 7.808503730398780318e-01 2.650177925294144865e-01 9.122189867693020204e-01 4.737736067913237425e-01 7.144100719980309711e-01 8.351743063656602573e-01 7.600112677523812588e-01 3.091118807933592727e-01 4.718801315796015139e-01 7.555275888290871045e-01 5.255339763794283359e-01 4.123695267437202938e-01 1.449004407148015705e-01 8.127517566515450875e-01 2.603471216612803785e-01 5.186946384907846763e-01 6.964883087932541850e-01 3.819854936669531131e-02 1.037721996877031261e-01 9.546705040132741349e-02 5.242300026587526363e-01 4.699757855021994279e-01 2.830309740628016435e-01 9.732725290274957253e-02 2.183270252809232925e-01 7.198426595602589462e-01 9.107415145867920891e-01 3.053401390749395095e-01 4.359492613670512551e-02 4.921670293935476082e+01 2.758229889238439370e-02 1.556388656824038152e-01 5.602280996500077492e-01 3.965054178704957577e-01 8.715575579640082449e-01 6.957100250053495083e-01 8.067276172786972399e-01 5.226874522728143235e-01 4.726412546724123587e-01 3.047489470139801426e-01 1.820372278217254891e-01 3.362127660233739102e-01 8.445536011275897037e-01 3.284714548858360672e-01 3.541902607304038275e-01 8.559931112746358428e-01 6.393222675475938033e-01 3.733669308410354493e-01 2.829039121488042818e-01 8.550236032001898856e-01 6.771936651163682486e-01 3.352764341462908249e-01 2.021405232883278780e-01 6.503717879504953281e-01 1.567394926692624590e-01 9.318695584466529791e-02 6.216745991491160472e-01 5.835714690142865813e-01 3.683657216056089867e-01 1.842954826237704902e-01 3.961725546869000469e-01
2.411835922813411193e-01 3.208797168332133687e-01 1.117947822568404748e-01 6.563471217348786357e-01 9.647805128496598215e-01 6.534762908977511664e-01 7.525691700025697317e-01 1.485091332509617112e-01 1.999993994679127862e-01 9.962614468927655231e-01 1.488373896912102978e-01 9.275753605805504565e-01 6.557283765181771695e-01 5.621657040095369151e-01 4.842402459521043534e-01 2.891430820737935781e-01 8.448511995713684497e-01 9.077743873601571423e-01 3.905458320445232001e-01 5.947933352332370749e-01 5.237916153018674636e-01 1.549989605072970011e-01 4.123469914795541147e-02 7.226934645854025119e-01 4.571086824533197035e-01 5.152547752490683752e-01 8.095935924628039349e-02 2.101340651020088268e-01 5.484402526190461646e-01 6.950530930540771424e-01 5.342965704070539168e-01 4.648637538323440177e-01 6.013701631434019701e-01 5.991649382664430146e-01 6.627328165582632158e-01 2.455254974785393562e-01 9.395539063640068189e-01 8.547981072718975337e-01 2.531524830846416663e-01 1.785876384827885799e-01 8.237157024043431086e-01 6.213728034021106517e-01 9.472504823800902418e-01 1.421335150303841832e-01 7.603450136920497648e-01 3.490767949118921409e-01 9.549796772678302847e-01 2.402953893728905221e-01 6.571640132027727343e-01 7.432104127328840182e-01 2.132629807213282103e-02 2.746597142807012393e-01 4.205691562912039494e-02 5.186396314475305580e-01 3.451104190449684195e-01 9.413880643407113169e-02 6.314889266639971410e-01 7.339142486178329428e-01 7.812805886713924952e-02 2.279832036937994300e-01 1.138525839107027426e-01 3.166951698716363728e-01 7.592577736831067625e-01 9.507587447654801682e-01 6.892138811007235688e-01 9.246221542968945384e-01 2.820685687353529092e-01 7.362685581128640688e-01 7.097134092384144166e-01 4.958900123802686721e+01 5.284429682494673486e-02 4.346730301483608949e-01 2.012885521686020862e-01 8.660157278116807911e-01 9.045792443242421932e-01 2.819084819273018905e-01 9.623801603538508775e-01 3.999469703903253404e-01 5.753848383906028374e-01 5.350167774156711076e-02 2.618178291846150474e-01 1.931540490490740725e-01 5.798801010002918588e-01 6.632550089520972136e-01 1.110844330268876412e-01 4.764537394875585363e-01 6.003476919173919013e-01 5.105150830190542388e-01 1.826045461760729127e-01 8.034462766922628729e-01 4.350202987166978952e-01 3.030376365901870095e-01 4.094137591253734776e-01 5.036891346473819642e-01 8.078997179807976270e-01 6.533453051284687785e-02 2.694169387479307121e-01 5.289573701533373251e-01 3.804900081473499007e-01 6.918572219458450911e-01
6.729855786220284575e-02 4.924808048087629953e-01 1.808519905874610423e-01 5.256723118872564937e-01 1.359268307190353298e-03 4.175806315218740794e-01 6.771832084463171864e-01 2.481248887695930438e-01 7.274793214640532524e-01 3.538250005207147497e-01 5.858369708348019067e-01 2.050233056040559054e-01 5.951968365170172692e-01 5.566322861411525658e-01 7.663294373052749187e-01 4.988363529977309918e-01 4.948148098129805383e-01 3.423672287115870905e-01 1.923159253819544112e-01 6.341921517383629636e-01 5.829162649687017472e-01 6.956305669861940766e-01 7.618325920674658969e-01 8.680690327127634776e-01 7.445368321551665280e-01 2.139974061802888405e-01 3.868889477232713148e-01 8.564330160793953706e-02 9.775771795704283340e-01 1.465811479858319943e-01 1.785655791353785160e-01 9.875503222638010170e-01 3.560618465004270483e-01 4.823754576389769344e-01 9.399650759183111326e-01 6.833520716968648490e-01 5.677501991921665159e-01 2.942209711709187214e-01 7.839151923354642504e-01 9.119463153663569521e-01 8.074034917753810658e-01 9.255021289312902466e-01 6.253192746601813345e-01 8.902024890373834154e-01 2.313410471211178043e-01 4.809514456784130809e-01 5.792099313851676312e-01 8.276875052483764206e-01 5.519406958326280588e-01 8.819013169859544199e-01 5.900620349864630354e-01 2.154876228233404412e-02 7.129822463626944717e-01 8.449685687103544174e-01 4.138460644438232139e-01 7.890726925331611463e-01 1.123311128794075575e-01 9.174277499269440916e-01 9.621626190189964678e-01 3.483505163098916668e-01 3.954174175435364313e-01 5.431542670146782825e-02 5.146207812309955276e-02 6.367132030037656598e-01 3.591258914359524157e-01 1.965508482008815339e-02 3.648237076560452152e-01 7.723044848151967567e-01 8.292072545810668105e-01 8.680904119909408356e-01 5.165626172863054677e+01 3.250130493278784449e-01 7.209173774480170938e-02 9.250021671868042805e-01 9.532274075171864869e-01 6.693413650872671594e-01 1.319064018376792102e-01 4.486240644548266099e-01 3.222964684079652198e-01 5.277536815007191073e-01 1.442984733944174813e-01 4.573853287699838344e-01 6.190426718470887213e-02 4.869599796598100827e-02 4.652722907857290702e-01 1.112182408760683527e-01 3.097240803079877036e-01 2.837230689581361487e-01 3.695141358025078038e-01 9.480135707391508237e-01 4.014382658825202954e-01 5.772921161095740938e-01 4.301846215967656262e-01 4.553852796175906770e-01 1.804214123056291363e-02 8.823875488129537814e-01 4.418122606226485560e-01 4.891584506591016845e-01 9.235487894097269557e-01 7.654121006707945707e-01
9.373320447684364565e-01 5.117407276125565119e-01 6.795586272067077882e-02 1.212832491506521393e-02 9.723489529349484961e-01 7.927601668129572454e-01 9.916719739247995546e-01 7.945742476508318441e-01 9.195607235148431924e-01 1.757819430543796635e-01 8.701627858914968705e-01 9.079769952828342650e-02 6.058005729563892272e-01 6.491805628608093848e-01 9.575581239509851628e-01 8.244728747463698770e-01 6.775981968033154557e-01 3.980572220629009506e-01 3.193625336091761024e-01 7.923778760787488773e-01 3.092942212682439074e-01 5.690585814517569174e-01 3.809467338642571477e-01 3.670567531803238248e-01 5.861947758316128354e-01 4.951016086351271994e-01 5.279956171048993951e-02 1.381938324189759815e-01 4.649263176962923350e-01 1.858716730825108465e-01 7.722589543833224823e-01 4.506455513638709665e-01 5.535734240009926310e-01 3.635230864713068222e-02 8.380228303988709326e-01 5.199970415650095878e-01 6.503357340279893872e-01 9.596164168421894569e-02 9.298424288891788958e-01 6.523133027050691535e-01 6.086201155116099937e-01 6.498222966363635944e-01 1.523758103793000362e-01 4.792549035817458281e-01 5.835903836632549968e-01 7.821432764142753902e-01 1.144707227815304762e-01 1.861667365987178524e-01 8.920182098971738416e-01 6.622855501143447565e-01 5.378905195378721471e-01 3.667432048931192901e-01 9.775652813363995275e-01 3.917910892867695338e-01 2.951211211069486584e-01 9.422098820909823313e-01 4.542038870956460750e-01 6.966423477517330598e-01 2.731671912287118031e-01 1.981606334108777512e-01 5.163481335570001551e-01 5.198026515320696150e-01 1.229621288640107002e-01 1.897592370190610556e-01 2.283735129755437576e-01 7.274807785005760197e-01 7.736823552402842807e-01 4.043009040713230196e-01 2.992619159262022155e-01 8.492664682355876016e-01 8.467123660563641296e-01 5.574892893220707180e+01 7.373765950759392229e-02 8.638150555651704643e-01 7.785694106355846023e-01 3.145435952349229236e-01 2.934745559030164097e-01 9.670480252216340222e-01 2.239476595533491654e-01 2.933259357622519659e-01 5.812520462261493437e-01 9.921975688292221651e-01 9.151973875133890823e-01 4.544815065631794271e-01 6.006295496423414981e-01 3.462185171758982438e-01 3.629618199719498728e-01 7.140117035108459742e-01 9.809633365849017572e-01 8.340585300329619312e-01 7.256033386845658351e-01 1.985441263083558283e-01 5.789619318302852147e-01 3.198046930406527322e-01 9.752972262587055186e-01 8.585267871279214091e-01 4.857094228799849756e-01 9.372152875000008265e-01 5.230891410757463333e-01 6.349430032094024456e-01
5.681728121795137643e-02 9.064841671807044587e-01 3.113441557016091155e-01 7.927271384989756919e-01 4.178330745781682065e-01 2.555712181217724144e-01 1.240719178434842584e-01 9.369390751853978738e-01 5.520869545359123887e-01 9.550317163698753831e-01 7.503865192132763706e-02 1.822943300843911096e-01 7.608637978874460694e-01 7.810561387777354980e-01 7.967923144132377233e-01 7.298256479584439571e-01 3.162442102452205361e-01 7.841817601763174661e-01 7.524605607693249931e-01 4.656651716118008766e-01 9.583673678703523713e-01 5.384757601529660542e-01 2.520111904775109712e-01 9.205103397856007064e-01 3.496607500531601076e-02 7.602676804196648597e-01 4.010208009250003647e-01 6.155312893098399130e-01 4.944959731424849458e-01 9.118049333239830467e-01 9.834708597930987839e-01 8.685427119673717611e-01 9.254457315109505533e-01 9.409691944243502304e-01 3.341610087201249968e-01 5.681712080508738438e-01 5.785391071884220526e-01 3.326973525071938997e-01 3.226306855720029176e-01 2.129836834689675662e-01 9.988698638578048516e-01 3.540122082385159796e-01 3.460374284338839646e-01 2.275226478601453106e-01 6.513017488096547458e-01 1.847464350489904650e-01 8.319710599817277119e-01 6.797288638127930716e-01 1.867255407225247854e-01 9.883418021078489435e-01 9.938537378391003596e-01 2.703656328381308649e-01 6.369569842995314035e-01 6.174408221108307337e-01 2.250475046867050910e-02 8.962202420148068782e-01 7.040605725695743278e-01 8.430866275130569631e-01 2.558288438278475407e-01 7.890221453956096642e-01 4.971778312780160691e-01 7.559399536178806889e-01 4.091293176187916769e-01 8.550430556952889338e-01 4.647373130415046738e-01 3.363957390358933708e-01 6.593051613320536353e-01 7.859248050545263320e-01 3.502207473184220099e-01 9.095939772234189480e-01 6.009625755552689963e-01 3.453470072688779036e-01 5.741964645966164227e+01 5.512695503986484447e-01 2.589950599954652377e-01 8.785859758896086280e-01 5.087117451309716154e-01 8.084752450171204252e-01 4.742654559083498977e-01 8.357260969244427740e-01 9.222789325101433677e-01 5.751141035104089250e-01 2.223120249426515649e-01 1.910796247675861093e-01 1.371174205953757941e-01 9.850560892430061388e-01 7.430380127754874220e-01 6.353994304233991919e-01 2.723133317956827337e-01 6.762284015303965390e-01 2.350350897228825620e-02 5.668515624485670479e-01 4.315256582142835695e-01 3.053846815740601794e-02 1.724678028921547979e-01 8.809744744520918713e-01 9.560782189448755464e-01 6.488423007144988874e-01 6.784382575543643767e-01 9.435001112347641827e-01
2.762915078294438942e-01 4.018387286925163560e-01 8.672140815623389232e-01 1.149532875850914904e-01 9.759321374591224396e-01 3.274072752541231646e-01 4.350126477546664150e-01 8.703915650374811630e-01 1.644465743069146724e-01 4.636989434336691307e-02 4.131974779315328306e-01 6.526103248978752935e-01 4.221187865849096443e-01 8.308992203439171664e-01 1.320737493026121756e-01 4.241400245049488094e-01 6.306725344708633552e-01 1.289375427820310671e-01 6.253384200876963561e-01 5.126432769920252763e-01 1.920766909221610641e-01 3.820997943101943628e-01 3.055588916686778900e-01 5.121561033976611554e-01 3.869284402957101632e-01 2.661056031297822644e-01 1.167564778497431899e-01 9.030211313481447677e-01 2.769376678213406606e-01 1.277413685278487865e-01 2.005905572265404002e-01 8.937521339465738235e-01 1.571231906539826140e-01 2.024129116769802783e-01 7.152708040299921022e-01 3.537241226736178579e-01 6.158395875083284565e-01 9.770710392056909388e-01 7.397742809981566747e-01 3.240011176204921073e-01 7.266176360778613397e-01 4.760708042254337968e-01 7.404187896713474437e-01 9.814799562429795676e-01 8.493304751017027865e-02 9.785680082355985299e-02 3.206955765761496657e-01 1.551351975887348411e-01 4.776371893678156288e-01 5.257734031863156021e-01 8.528406332277693735e-03 7.101252299742856211e-01 2.870633775478126370e-01 6.097512120942755187e-01 1.002233853285785514e-01 8.044979869376591708e-01 4.370898278627636246e-01 3.745725701555038256e-01 7.923396074799911037e-01 3.856564997893898727e-01 1.842646652965367338e-01 4.312565942719186474e-01 3.353475899670586013e-01 3.973156662935714012e-01 6.456977773245193841e-01 8.353140018701540326e-01 1.473365324687503364e-02 3.855495292450731304e-01 1.827769638620647674e-01 3.217079095844661563e-01 5.698672863345038975e-01 2.176710177800318391e-01 9.554051515515895598e-01 4.609569609147974489e+01 6.189667596653811721e-01 5.319567148121751021e-02 5.451696013362848925e-01 7.482334145230118416e-02 7.587081006995485266e-01 3.057791256015134351e-01 1.955398983940722646e-01 9.939294024354665691e-01 7.856785404643409354e-01 3.224602805061282940e-01 3.618719267168578613e-01 3.848369099870641019e-02 7.106070375880143564e-01 1.974147730091987407e-01 4.075360951756700212e-01 6.264493043366325953e-01 7.967585241818323505e-01 2.929192615562666857e-01 8.153950250321706505e-02 2.637957201149118136e-01 8.599060799836188984e-03 7.024951860791408542e-01 8.716019359891938878e-01 3.392484194240564799e-01 9.915718772447270624e-01 6.701460092334710072e-01
5.879777766111951021e-01 2.534998866481571467e-01 1.077342139873013194e-01 6.600928739439183568e-01 7.809020346912839416e-01 6.656454313232157416e-01 7.653960027832448221e-01 9.503235246208028286e-01 9.322443310198577082e-01 6.828657221255137744e-01 7.000894805181937519e-01 5.004359848199040339e-01 5.131501542803610372e-01 2.184408077341727372e-01 4.238815531164719097e-02 4.086546962243521319e-01 8.255876325151155770e-01 5.910786314339444569e-02 1.348152958826964731e-02 6.231242188210999178e-01 3.614559906352277086e-02 5.481186458685378682e-01 3.949327084522109566e-01 4.823170983689731850e-01 9.269736030829238693e-01 3.205500571615942373e-01 5.898682636797162315e-01 2.304554516051604551e-03 5.502604756486402238e-01 2.899542796799277067e-01 4.804199578625769629e-01 1.540568854101205254e-01 6.972227920194146167e-01 4.837825573304507243e-01 8.048126015990446636e-01 2.225637986991948480e-01 9.745737370311139403e-01 6.956945811830765880e-01 2.839690955317588639e-01 9.674931219229082613e-01 6.324945052791631772e-01 6.548333001636317263e-01 4.408037414389133213e-01 4.616943267480758673e-01 1.399117710840580564e-01 2.274469178197221497e-01 8.451594576270882175e-02 8.570041503807931393e-01 5.688043019461531680e-01 6.070666291086123101e-01 2.835398531738355654e-01 8.889695046997506678e-01 8.634885410879339362e-01 7.017272686942543913e-01 7.735164990048658540e-01 6.906536616261100825e-01 5.884245781356602922e-01 5.565063672728831623e-02 8.820289147609795544e-01 5.613194234960043882e-01 9.882597902671537149e-01 2.109720400650825223e-01 1.415820573206035826e-01 2.734036761953063666e-01 6.598097372485435264e-01 1.039120001482404243e-01 5.553147291357387605e-01 9.301490947481021454e-01 1.418613999181471685e-01 6.692188680503471376e-01 6.922685659603969865e-01 6.013094315159374093e-01 6.622912978889752278e-01 2.909427477419017638e-01 5.340480397586669170e+01 4.953150467875304663e-01 9.506361385802222230e-01 7.034061738835769573e-01 7.440313341822993864e-01 3.398405851139540967e-02 3.762147781988605111e-01 2.875741562163008913e-01 5.497372614379190114e-01 3.114883240858962177e-01 5.121480757994725241e-01 6.055157725965382154e-01 7.595714957719785776e-01 5.656603766045561477e-01 6.074082410000836152e-02 9.915455993129206336e-01 5.053647636784784902e-01 5.306760412466678956e-01 7.556880947569726281e-01 5.200591619676709909e-01 7.240998419402009390e-01 5.613620749967106471e-01 5.649942714531134280e-01 4.410718458328632963e-02 6.375764910535677288e-01 8.301056253160231657e-01
2.831223935406621539e-01 6.474835219285823840e-03 7.170471186143075881e-01 3.000045183304216323e-01 9.386539346230192704e-01 1.148764634597635448e-01 3.412331107573849387e-01 5.114665974587130348e-01 5.845100698561755959e-02 9.524868068465472959e-01 6.644459900355326187e-02 9.612996556445974061e-01 8.510706679871644642e-01 1.225499596231535149e-01 6.473893919383839624e-01 9.644701990822202031e-01 4.899361051545962908e-01 9.053912385257186779e-01 9.804989702381738947e-01 2.913251149840998533e-01 8.323474636858689824e-01 5.048843622282715993e-01 6.167438945487700996e-01 3.401813559191960712e-01 2.502973239013633888e-01 5.177203399527263716e-02 4.322815638492468748e-01 7.775553483782194908e-01 3.218143266145163661e-01 7.345301398624175526e-01 8.810595867904943423e-01 1.671952472817034296e-01 4.173563157020350189e-01 5.338908546665143140e-01 9.306659509163380806e-01 2.360279234502636880e-01 7.578749303065687171e-01 8.203153374882254933e-02 7.468209095997008218e-01 2.815089350397215195e-02 1.295973876614233689e-01 1.002523089020113112e-01 6.401906836607035300e-01 9.549463750046648380e-01 4.563943816902665818e-01 8.178625581296937730e-01 3.214604020412906715e-01 4.117087305460731539e-01 3.631162174283331101e-02 6.717547908429535308e-01 7.085937947256564229e-01 7.435441729237622921e-01 4.852426059415336779e-01 1.459369975820123955e-01 1.022925125730966833e-01 5.933352124894131219e-02 6.550663033176461481e-01 7.506978713768412970e-01 2.630538037495531167e-01 1.502741708486603489e-01 9.084227036411822720e-01 9.623916619931160987e-01 6.727581766226040649e-01 2.561357836078856920e-01 5.024123942285440014e-01 8.970616939147073587e-01 8.785006316350739697e-01 9.360905630921960707e-01 3.273240453633642355e-01 8.131093050846281978e-01 6.344930508628869870e-01 8.582096829688911077e-01 1.481240058507595769e-01 3.574445648756801042e-01 4.199590166997853036e-01 5.209730853352001390e+01 3.047986599331008462e-01 8.818785439540461901e-01 6.243480400165604127e-01 7.102089547244629930e-01 9.432270072669819427e-01 2.649866291669313867e-01 8.584440155483696877e-02 8.367863325084593518e-01 4.839015984873595855e-02 4.159103113844547783e-01 2.619594333132844177e-01 5.496452127865036896e-01 6.708707902358875819e-01 1.206497192564693899e-01 6.558423116934442021e-01 5.927054594732817927e-01 7.674145181684841610e-01 6.281495963631910096e-01 5.885485281782064648e-01 5.491937967065394499e-01 1.662058349099565513e-01 9.021946040157947655e-01 5.569482033248795982e-02 4.668790673405734948e-01
1.673659890789981342e-01 6.535495276093986616e-01 2.848278660575587207e-02 4.222417001253286895e-01 4.120919154358593239e-02 7.542224736460715340e-01 6.655106961047859704e-01 9.232601515581297935e-01 7.541899944229740749e-01 6.892155443247880431e-01 4.153412049566295172e-01 2.341866476741830683e-01 7.625063879693194657e-02 9.839489149906749388e-01 5.885667316532205984e-02 8.764489767372732887e-01 8.949411445881544358e-01 6.949726317583566626e-01 5.590490294514026681e-01 8.696446667550096210e-01 2.391694552103903471e-01 2.854102785667704811e-01 3.403700366290225432e-01 1.385608380288676500e-01 8.519032591654615016e-01 8.116249486102594668e-01 5.120297040696202284e-01 6.886350167547740098e-01 3.730883668286127941e-01 9.682495585308212860e-01 5.238774890588289157e-01 1.085554916484289256e-01 2.631769471647534830e-01 7.251235019670136950e-01 5.190159839908139450e-01 5.652808787236847099e-01 2.535501315456346605e-01 9.169986071035074460e-02 3.079242704065414671e-01 8.459484768373711772e-01 3.854015093565955619e-01 8.211430235479502127e-01 6.907756311694495110e-01 3.270355642505329286e-03 5.956637055660679581e-01 8.880190289169743734e-01 2.528810256833281533e-01 5.317116973239945921e-01 1.531491163826228519e-01 6.082679375967233737e-01 9.754788007650402326e-01 2.421047882719672417e-01 4.698335630395141793e-01 4.402415444813776446e-01 8.760206296279170468e-01 7.962416506683051010e-01 4.619081349688899385e-01 1.583653675204247380e-01 3.965761639527042304e-01 9.987011775377639955e-01 2.785361985058698586e-02 4.553701009425518142e-01 5.533388190355076341e-01 9.459650243410255843e-02 7.568810103069013584e-01 3.793720743626012304e-01 9.155422223366975754e-01 2.185063906050718208e-01 3.991949040341529198e-01 2.844047699615089853e-01 3.017883931046999590e-01 7.016110163700735036e-01 4.509985261130468048e-01 9.630413786367594264e-01 4.927173008965327616e-01 6.224546224558477059e-01 5.181966030014682900e+01 3.092105797624754571e-01 8.457633919062114147e-01 1.995050527565133125e-01 7.362336492741827776e-02 4.263665244357266459e-01 6.249146374947655014e-01 7.827286830895400227e-01 8.366294539909592265e-01 7.206650870168731515e-01 5.862471027380283806e-01 6.166944331618429143e-01 2.493633770473115963e-01 7.039458141356796927e-01 5.876483203358576768e-01 2.476623567511859747e-01 4.644048911463798390e-01 1.069431990202516225e-01 5.669786861085464036e-01 5.185397525856635381e-01 7.365418753047506817e-01 3.450481638372882021e-02 9.482622257927179055e-01 4.072186344099396615e-01
5.145150635420669971e-02 8.180346851548447873e-01 7.858579502700188124e-01 9.660392630544619719e-01 1.457304494231212999e-01 6.243650754836034267e-01 4.970651667592250744e-01 3.967482775685414742e-01 4.822099534478633265e-01 7.278731182049580362e-02 9.612635804415792240e-02 7.330539483888955932e-01 5.078971281661667225e-01 4.681927596490598198e-02 9.233218977892739820e-01 4.919744484068950818e-01 5.514361250956795191e-01 3.143838871597074425e-01 6.838908138815945614e-01 8.946660199405154223e-02 1.292144640666701427e-01 9.253460057289234486e-01 3.247123589314847569e-01 2.223118848998927310e-01 3.196499893663389269e-01 4.946552342700691884e-01 4.929364689587201198e-02 3.783461762628532732e-01 8.861966784775443529e-02 2.055707818324152836e-01 9.845219624738972275e-01 1.540743889126211519e-01 8.705312644775120567e-01 9.928436290626801997e-01 7.564898650383646839e-01 2.502449844214615915e-02 9.608316486546353286e-02 1.012719362924346944e-01 1.202302292765319303e-01 5.119677989477087188e-01 9.680302491336832960e-01 8.900294983384000602e-01 7.455532072913092501e-01 3.688754312406412605e-01 5.393923309552495216e-01 3.563916251828410653e-01 5.724637487294723659e-01 7.576229655189865575e-01 4.681935708749217495e-01 6.366449617160403474e-01 9.464299377209970388e-01 4.538564246429716009e-01 7.346927709028813203e-01 9.050342084609309667e-01 8.048808739458265249e-01 4.400255923541037673e-01 3.580752492784303742e-01 8.219027768530575706e-01 2.336148488326498240e-01 6.222443371011165958e-01 4.718595877959054219e-01 4.015148239194048507e-01 3.480389950608548943e-01 2.909670786386784336e-01 1.833482911870156773e-01 9.654571192285931192e-01 4.453845866680151699e-01 4.945727714611009018e-01 2.034014004994397773e-01 8.031762702046986169e-01 7.574954289557223053e-01 5.876386490847703703e-01 5.304692933731448568e-01 9.660614029413302495e-01 2.427339547569664635e-01 4.931537313483230767e-01 7.829064212912368870e-01 5.166751556333288420e+01 2.742805010919915354e-01 5.007449731862755327e-01 3.543838525799508643e-01 8.117511564957196057e-01 5.657642841595498240e-01 4.234062565222795893e-01 3.376269455122820062e-01 3.435652368465588191e-01 2.520847061769604380e-01 6.988530374651080734e-01 5.871480619903128861e-01 5.172988697343136044e-01 9.509230312615213343e-01 5.361612052941956419e-01 5.275020762398556773e-01 8.189266742131939836e-01 4.389430518669819037e-01 9.300867065741630357e-01 1.407308481765966457e-01 9.208181167984523796e-01 3.434356163079580471e-01 2.331603866181397589e-01
8.151176731038192180e-01 8.926764516921864567e-01 9.786655653399980448e-01 9.733850955648606362e-01 2.709661534356783141e-01 6.258968921889788151e-01 3.494083662652196498e-01 4.728777402287769327e-01 1.006209493776996089e-01 4.689737436651688629e-01 9.090798065507843528e-01 7.613785008118773012e-01 7.899938412550939759e-01 5.775946430091507544e-01 8.768908816094198588e-01 2.892228903779492377e-02 2.334681983584461218e-01 9.646492370201033006e-01 2.467481026605514716e-01 5.108429662162887741e-01 8.295016888567363633e-01 6.329579767873582119e-01 4.594268622751971343e-01 4.505053164056760373e-01 9.577178388128632092e-01 2.818727412285142453e-01 4.096554330807506972e-01 7.713252619819456202e-01 6.378407397647269939e-01 1.949382508889270227e-01 2.195095645830291708e-02 9.907486230710964570e-01 6.150028613338301975e-01 7.863939129657219196e-01 7.054734506383673054e-01 8.320038791981890780e-01 2.568335939973486193e-01 8.361599076594475877e-01 3.742615634437289618e-01 7.871019688059958108e-01 3.634338342962029067e-01 2.274689727939286366e-01 9.852499798950140608e-01 9.458987547306869637e-01 4.748989169655506437e-01 3.562439173090472533e-01 3.587468123807832088e-01 6.091949039257402720e-01 8.757267390045219146e-01 9.393814575004024725e-01 4.661924451724703822e-01 6.977096383936398638e-01 6.525291083135454917e-01 4.858741757032236652e-02 6.620348019497007686e-01 5.036521162227548531e-01 5.153726962944240597e-01 7.006030751725889072e-01 1.818839407407575326e-01 3.019338658178237766e-01 6.341256291042052240e-01 4.278130800067281303e-01 9.935831786239707197e-01 4.553305210332407871e-01 6.096074097993751106e-01 3.007305452701350967e-01 6.264030330357041043e-01 2.897690558105617820e-01 4.424017492064764578e-01 9.200775613264510211e-01 3.577062501709944442e-01 3.688896045470831941e-01 8.567240650273421076e-01 9.744371698325167142e-01 8.380109902535464173e-01 2.489541283436518260e-01 8.901594357077935449e-02 9.391569906638711496e-01 5.636772285307662855e+01 3.642134977192935663e-01 3.033426762310305058e-01 2.180050855788416841e-01 8.156159362495805087e-01 7.530931306683668058e-01 9.579816020021966194e-01 5.677726387430929167e-01 1.002517131255642457e-02 2.797037728277202984e-01 9.689457113218877815e-01 1.863088909751882127e-01 3.384878760825461574e-01 7.236499827025866249e-02 3.415184143981906395e-01 8.110432769287019283e-01 8.366709858413315937e-01 3.076411768262092838e-01 4.816759024010123236e-01 4.628713542280343818e-01 6.088449418918535638e-01 6.208418138015100451e-01
5.187025775042893860e-01 8.149762708810223133e-01 5.797677807934673577e-01 4.585096937404427031e-01 2.974942198898453682e-01 9.691039289320726446e-01 8.044669961804767899e-01 6.384250405735926170e-01 6.233713399333257188e-01 9.423727636047465328e-01 1.398685488293960333e-01 5.147329405700652449e-01 8.996673597095909969e-01 5.184568152394593010e-01 4.343991954308417114e-01 5.987493873465421501e-01 8.033532387888475679e-01 5.231656816417478151e-01 1.972751908326646486e-01 6.191697637565884982e-01 7.145303328208423288e-01 4.422601936871806139e-01 5.127650844113963435e-01 8.644877195844858919e-01 2.001609590577306808e-01 6.653277397425299000e-01 9.695499157292171155e-01 7.804895322240978928e-01 1.718201209155538756e-01 9.992679996174762547e-01 7.799032652135851063e-01 1.551600858229886803e-01 8.986095311276419695e-01 5.906493266312663470e-01 3.268819221528093122e-01 4.829132348401361519e-01 7.433331840527701573e-02 1.193823786221896999e-01 9.354992294789897800e-01 3.730708170479609675e-01 5.877631896315854698e-01 3.702530716173213499e-01 8.351136801464449366e-01 5.604763817022284655e-02 6.093227350910662699e-01 1.032997089008754754e-01 3.126446785632081005e-01 1.276527110909488893e-01 3.530934476171224690e-01 5.009782519144820867e-01 2.909724002897410289e-01 9.326545486497483939e-01 6.116934407808520824e-01 6.142775272733355107e-01 5.061680147232960891e-02 5.139725812099644742e-01 3.579806177849084170e-01 3.402563202747210802e-02 7.358418535526952686e-01 4.631625020234819701e-02 5.690347288761239408e-01 8.284019133466513640e-01 8.596308909223405736e-01 9.815749058312319697e-01 5.216177677330693374e-01 6.615993397957974365e-01 3.305705289356741794e-02 6.865939344721189164e-01 1.598969392418205793e-01 9.111218126306169784e-01 8.980721444541953646e-01 7.926728803786540212e-01 9.484606810219369244e-01 9.877900842424958139e-01 6.988671239352828302e-02 2.339702820055153953e-01 2.514150223045495958e-01 8.103669506555016833e-01 8.839639098913538717e-01 5.301792133765930970e+01 5.489647025077597497e-01 4.665601641386150078e-01 3.146843593751880164e-02 2.259816737295652356e-01 2.781865569455103104e-01 5.289318642274587479e-02 7.441008892247691353e-02 1.085785029157160242e-02 2.856428413403152566e-01 4.950322921928566045e-01 1.865281727635353937e-01 5.491680675194772210e-01 6.915150936463305698e-01 5.374443975848695043e-01 8.782524845679815506e-01 7.651818453521531671e-01 5.603752879455018432e-01 5.419626766560217135e-01 2.195676943074983400e-01 9.999740926592733947e-01
2.322388831553280353e-01 2.131572869975074669e-01 8.016715770978795064e-01 1.958278872094143530e-01 2.680328340771173101e-01 7.404456836867066016e-01 6.237672850974195216e-01 3.432748570594761350e-01 7.378957190189746607e-01 7.995742625956233640e-01 8.365223000247578033e-01 5.887491838041759573e-01 5.845714583952276167e-01 6.015420456856670484e-01 1.305779277516472270e-01 5.786284608954245234e-01 5.574707589421180609e-01 7.139638136531480939e-01 5.344647820863177579e-01 8.179993866530710367e-01 7.841151302655000599e-01 4.074774015246712677e-01 5.741999329352225345e-01 6.132683269448973018e-01 3.485616464317032870e-01 8.200430358967311095e-01 9.623367268126749030e-01 1.422412000798686238e-01 5.590718470886235636e-02 9.486264348854587247e-01 1.929931596982891184e-01 2.942997217676780464e-01 4.606659018410799167e-01 2.422260232001518521e-01 6.148316856745515979e-01 2.602117644992263390e-01 2.018815906038674557e-01 7.735571744298511687e-01 3.696358273694206886e-01 9.454986268316922793e-01 5.926630964907245724e-01 8.746508491429620946e-01 4.206955139105013064e-01 8.034479053892701339e-01 9.638010534726278999e-01 2.289692318409453087e-01 2.145209242608281386e-02 5.064581165117509887e-02 8.266743619744809646e-01 4.710910984366789567e-02 5.067133480391671219e-01 1.305569767179354246e-01 1.767738634408180243e-01 2.524348720786615541e-01 1.368085634408969797e-01 7.762998586828636638e-01 2.597579487245033070e-01 2.787185167280036291e-01 7.929167568204218419e-01 3.638591258449177523e-01 6.541759667521096500e-02 9.969811916297743881e-02 2.323987695685978405e-01 1.494798603988023444e-01 5.790185186768800341e-01 4.570498151169730683e-01 9.397578605905514415e-01 9.880720737733242887e-01 1.832663294710995538e-01 3.359531435813124522e-01 7.845506291809772881e-01 1.548493409767525142e-01 8.272373704764890423e-02 1.869779237724358278e-01 5.301604034117577413e-01 9.557153902940319634e-01 1.559369774846546264e-01 1.913281589675794869e-01 2.032097499244133187e-01 2.103359575864027775e-02 4.996358019171827891e+01 6.187915865694689765e-01 9.484016317393793027e-01 7.669502334579944014e-01 8.425164416738742945e-01 6.771720868464008447e-01 9.196026590518524557e-01 4.577479722573282173e-01 6.293089624279466499e-01 5.649852809287770894e-01 6.823953185664132226e-01 2.666359690343722555e-01 9.530890111349534788e-01 5.413481869541478808e-01 4.444283333724052820e-02 7.423933730373731832e-01 4.432231217179422034e-01 8.889510190761054087e-01 5.473061265819819665e-01 4.490060386868985898e-01
3.232330950790507362e-02 8.565106159627100535e-01 3.797524087376147328e-02 3.732313536662803521e-01 4.489247564486822384e-01 2.744037167373952757e-01 6.349541825068311107e-01 2.059872165354411644e-01 6.904426764300953812e-01 1.964465332510486606e-01 2.736175352697465257e-01 7.072240261404572070e-02 2.784196358939796667e-01 4.928510562331643863e-01 9.067692971586747142e-01 8.226989146273185893e-01 6.013219910182823202e-01 3.000275834021868260e-01 7.982812502192445647e-01 8.502248337329398886e-02 1.044929281030329005e-01 2.353184796799723255e-02 8.721280812957680206e-01 1.816822828782783672e-01 1.257386333221764962e-01 2.620993617186869740e-01 6.750098095690312272e-01 8.885850106325003939e-01 8.335075268562435191e-01 4.194374225864438976e-02 4.710113451517282668e-01 4.955998774559144948e-02 3.561342989426551364e-01 9.104407723477458969e-01 1.977312199031675544e-01 7.633276453879559442e-01 4.427556028728212301e-01 8.102608322628204185e-01 3.458078943879228095e-01 1.334569465574185765e-01 9.095104701066113462e-01 1.352064972530331310e-01 5.657299061086006331e-01 7.940973390236101270e-01 4.101500785497499413e-01 3.155184830280092223e-01 4.194991996279133772e-01 3.757288397023761384e-01 2.176098207803857099e-01 2.177705188031842098e-02 8.721960242819036813e-01 6.374781543242344917e-01 2.654918049268508717e-01 3.628891660127230301e-01 1.841592719841067538e-01 6.011461433709366364e-01 3.756276286631221595e-02 1.715789370348205223e-01 7.716201615138099656e-01 2.033648461873361901e-01 3.337471525922984794e-01 4.627713153818395764e-01 4.107635067173608379e-01 8.115485184938385776e-01 5.232502321006058388e-01 4.662656639054949537e-01 3.927744997405312466e-01 6.129220802869816964e-02 3.037325085250088819e-01 1.580727362371746603e-01 3.275310719252755298e-01 8.485059718591686506e-01 7.399122433424309975e-02 8.476069512126804817e-02 9.726833713664496672e-01 6.121117432094026478e-01 8.706933656386673936e-01 5.535114661042501716e-01 7.198094776671246642e-01 5.710941410148805408e-01 2.374322010477670775e-01 4.606332018167982056e+01 7.632125936089020346e-01 2.003726336899188665e-01 5.636934276440841440e-02 6.481369582391658390e-01 7.607425950608784904e-01 2.860402824293662993e-01 6.475412556126326491e-01 6.865974791128552912e-01 9.939320897347954098e-01 4.605367489375979950e-01 5.380733314877332862e-01 9.515093969767529636e-01 6.391544746863319082e-01 7.139633625078634083e-02 2.943600147009178825e-01 1.725878215160723261e-01 8.848498158745395914e-01 3.155696904580185258e-01
7.727874902593167006e-01 1.998576035235314352e-01 5.527013285298024714e-01 6.160792129529411021e-01 1.693276515887456313e-01 5.153236810050748629e-01 7.608148078494392230e-02 4.235662282982141091e-01 2.484278472492611467e-01 2.600614449749896195e-01 7.160097082032996774e-01 6.987512081978676237e-01 3.541773027030590271e-01 7.476650654388591333e-01 4.836724252026363136e-01 5.340134626356364267e-01 3.585155785252789329e-01 4.962401050755969045e-01 5.555518801843689625e-01 7.156126591457705466e-01 7.084496154603253659e-01 4.118013675300539189e-01 5.183634589848254981e-01 1.508244269670711013e-01 3.284336363947190085e-01 7.516595423816274657e-01 6.782886112365321685e-01 6.973309185827725187e-01 7.683357678697865234e-01 1.163904940886655304e-01 9.565372152542095385e-01 5.141041999801709839e-01 5.190701645206935444e-01 1.486085731120728726e-01 5.144135951187226441e-01 8.228831469572472912e-02 9.122568726941788775e-01 3.946250043792033368e-01 6.633450194883554474e-01 8.439487797524046764e-01 2.674160051532984417e-01 8.026587571157905998e-01 8.084943436623225343e-01 9.393711695505490011e-01 5.849990569549498032e-01 4.740453511709643575e-01 6.245850551662265326e-01 3.626309473506337255e-01 7.469502432684991255e-01 3.158643277076117473e-01 1.488851648836606589e-01 6.776976384004601561e-01 9.282501325190268826e-01 2.271721187140480769e-01 8.823665761742324198e-01 3.251809331116347623e-01 1.296271413160012820e-01 9.421009349606149774e-01 8.223885162932931259e-01 1.146297450902884485e-01 2.616042237717702834e-01 9.318781084805505266e-01 5.155872245415361599e-01 9.670509960022366513e-02 4.941212472965492708e-01 7.337820055268026165e-01 9.731010563455062545e-01 6.961024038797024582e-01 4.429010351463052997e-01 9.974926603481006904e-01 6.893977153746770892e-01 5.866675169058912509e-01 4.557485768135066673e-01 8.160169581037860498e-01 1.167753481566795593e-01 4.323129708861388476e-01 5.993810551527211095e-01 5.793691348239571326e-02 8.825199859058973084e-01 5.879938561037060252e-01 1.953375956110328104e-01 4.018353147157288641e-01 5.254628036421331672e+01 8.532028701561391593e-01 5.443713480294263274e-01 1.830267332929952362e-01 2.330672880211718256e-01 1.744357833309242434e-01 7.578789723629149044e-01 2.837607604805231221e-01 3.569811187374443140e-01 6.736279118840663438e-01 8.069682062570857628e-01 4.432726425642740109e-01 8.506388482249330751e-01 2.259695449074929918e-01 7.768339759875096950e-01 5.338345662957408866e-01 3.084747951965669532e-01 7.168988692322930678e-02
9.634011922745220335e-01 8.908956730013647407e-01 4.131622593586090630e-01 2.928743108615244894e-01 5.605220291607031502e-01 9.640104054193626704e-01 1.855321614679286135e-01 6.224760584567718968e-01 7.685730661160683486e-02 6.997707394510753742e-01 5.032831147545191453e-01 2.960261314721912562e-01 3.329533346279288653e-01 3.923748037076146833e-02 2.187120352775884236e-01 4.488538000650360571e-01 4.624162620536451662e-01 6.386836146099414968e-01 4.281973250988656554e-01 1.170324573049892347e-01 1.024000959091484475e-01 1.506243174873135304e-01 7.066565819549429639e-01 6.517580304569748906e-01 2.600671106656672338e-01 9.852368204198701518e-01 7.951984950475173841e-01 2.254202419265981527e-01 1.149320859676524753e-01 8.517754034265487828e-01 8.631664862370415081e-01 7.251185602205255654e-01 4.820944647302362052e-01 5.598258836486535994e-02 5.093637206022719743e-01 6.668048504570911472e-01 2.995999524117799462e-01 7.301069541205369440e-01 3.819165688759976751e-01 6.771441397707014254e-01 8.826995596234785690e-01 2.568848755623656110e-01 7.537749986740240882e-01 5.160214701795278192e-01 2.802854768828508814e-01 4.998017046988443290e-01 6.882131083970344232e-02 5.921860047450838715e-01 8.663779244568476923e-01 5.426314348059163573e-01 6.864638373762310675e-01 1.592331707063320279e-01 6.063664282728377097e-01 3.317374294600026197e-01 9.265908768823850616e-01 9.363805077274216515e-01 1.793873365809802722e-01 8.790259360790726451e-01 9.461536034218230862e-01 7.441692261701770006e-01 8.384445094601261639e-01 3.865029807672493156e-01 3.239001313878115962e-01 3.394129339184505101e-01 6.189338883521532386e-01 5.496839333533132255e-02 7.637130288122382371e-01 1.766229124602816114e-01 2.033800946554314981e-01 2.703469766820755238e-01 3.112555779986536653e-01 6.685154516850470019e-01 9.355848921057458023e-01 3.671048097788027764e-01 7.876556978336249903e-01 8.312537989104823444e-01 8.413102509029001252e-01 5.728626700529093618e-03 8.563192245718035389e-01 9.801987124105672189e-01 9.671961506788853136e-01 7.612449652828722213e-01 5.887144542671257641e-01 5.289804405724517267e+01 4.172652279598992875e-01 4.965189178430307049e-01 4.255381310850444576e-01 1.737789917306383769e-01 3.796218019572368263e-01 6.098000416818658564e-01 7.455241032264325884e-01 3.080990991061921536e-01 4.433027228012497156e-01 2.817091123166864941e-01 8.379154361731244727e-01 2.503060388171086670e-01 6.502607371153740212e-01 5.496037821873663853e-01 6.278741584118285868e-02 7.393842302374875608e-01
8.525899018142570895e-01 2.649723215027028900e-01 7.362400931528197967e-01 8.444778031876168933e-01 5.797783430087977141e-02 4.215113326839935448e-01 8.075819050175024882e-01 3.578170572198591248e-02 6.378017433432178196e-01 8.286833139721138108e-01 5.827738709903085290e-01 6.331298710602624169e-01 5.191250489424630299e-01 1.482440685760828547e-01 4.294637241905036040e-01 8.612030534362888901e-01 1.607270651828704988e-01 8.901366739957176089e-01 4.083275530624735916e-01 7.369704433689520107e-01 5.138204084112220071e-01 7.019224848573701880e-02 5.285893948352132776e-01 5.835399703247667880e-01 2.153996448485567816e-01 6.720078858090081653e-01 9.728230588370726517e-01 7.160796577266702601e-01 1.159138471943266246e-02 9.004274161382376240e-01 2.034304329724349047e-01 8.942254160606863955e-01 2.955180984543508416e-01 9.954892053292604404e-01 7.504137115866734709e-01 4.636183864175190683e-01 1.842833406967028242e-01 7.182278696543956675e-01 7.816896229787433370e-01 8.084537693047925133e-01 9.464132253696322383e-01 7.620266691578414520e-01 1.033838096493033820e-01 6.409464278677143856e-01 8.439993993470780165e-01 7.650773106064083784e-01 4.018981816528366391e-01 3.493826666242163537e-01 5.499120440223687067e-01 5.984711647021505598e-01 5.642425116775798832e-01 4.385808705378513306e-02 9.772546841550392438e-01 9.772184233069447501e-02 8.716194412787683365e-01 8.319337411007202698e-01 9.657764483404797096e-01 8.154511882449975158e-01 6.818205296999158005e-01 8.749570046931441913e-01 4.369324316214412418e-01 8.139184581315076494e-01 2.281408853989549401e-01 9.574326686366407824e-02 3.712157838180826230e-01 2.368358265562587883e-01 6.816270283314721512e-01 6.270785441665708282e-01 1.698804287653936651e-01 2.130043268733367023e-01 8.545491018984658904e-01 8.305484170052421788e-01 5.372960761599517854e-01 2.501525786439371402e-01 5.219624121354617952e-01 5.319401162617308776e-01 3.318696229716424639e-01 5.570779950113872170e-01 5.549897529609012503e-01 8.212715071452973969e-01 1.663440858279041645e-01 6.971849154550290306e-01 8.163004190788459846e-01 7.620443951022664031e-01 5.557772314035366890e+01 4.907360887860890974e-01 3.541519068766847411e-01 6.192374783707387254e-01 6.617886667949521851e-01 3.891680916364206322e-01 1.159164153419467436e-01 2.181927061273603030e-01 2.438669027574159598e-01 8.307563037076914902e-02 8.004378747573283048e-01 8.414129161684190672e-01 7.152346251446097813e-01 8.367026533855030923e-01 2.616690490254155455e-01 3.474287253676126008e-01
1.589156244189977585e-01 7.519826705944272494e-01 3.841139117059193531e-01 3.883289296635524801e-01 1.006005831543101969e-01 8.937048322917838794e-01 3.130039349892973499e-01 4.854536057580791653e-01 1.555724191265093204e-01 9.425884412606531093e-01 6.560462145709418103e-01 5.573543854867606395e-01 9.112790556901629868e-01 3.653039172555291314e-01 3.106597289307542198e-01 2.875533660062193908e-01 9.058718440501101199e-03 4.112588231246286918e-01 9.390121140935160371e-01 7.414465713328798335e-01 9.740418176319071142e-01 6.159552785733453106e-01 8.370887620110345484e-02 6.928288928772349253e-01 1.277206617578398040e-01 2.996115874766950293e-01 9.745075947925795345e-01 3.017331430994409924e-01 7.712009720976263916e-01 1.774290567295814247e-01 1.483900765431729329e-01 2.729665555193343529e-01 2.654625758187794116e-01 5.022381356297809241e-01 1.389336531223617222e-02 3.191499766631701318e-01 5.109711387448752085e-01 8.766612354907256099e-01 9.486278978186112321e-01 8.967611706754993195e-01 2.732955563645375063e-01 2.870823168972990169e-01 8.544656225563020957e-01 4.845077705636382515e-01 6.031098033510164935e-01 3.938603866903156447e-02 6.097933209478394456e-01 2.097626751587797767e-01 4.205046071619895631e-01 8.392746176486431953e-01 1.404454126150763704e-01 1.673394591538370779e-01 7.936128206938877216e-01 3.760832183403475248e-01 8.359326548890972930e-01 7.750937941938683684e-01 7.490733495996136915e-01 2.840481095687885649e-01 6.523558885558855547e-01 1.523346755977947886e-01 6.762086228936821097e-01 4.092399483497575208e-01 2.846135977660024796e-02 4.291787263864015323e-01 4.952936464041935993e-01 6.923934268066697095e-01 2.110664320431250296e-01 6.671280872131112316e-01 2.168432497117857016e-01 8.950184398250569107e-01 4.754898254562355264e-01 8.572298512127484171e-01 4.076159756786277288e-01 9.661941404327551997e-01 5.158513862727469590e-01 1.312733054040327030e-01 9.592824299940105881e-02 3.213759174972542487e-01 2.128813053553310075e-01 3.965154354152615745e-01 6.309085205532490859e-01 7.350547819087867030e-01 2.191901959779982700e-01 5.924282834714578172e-02 9.779256127461511960e-01 5.078676461637131467e+01 6.265498156621276404e-01 5.010476984653575716e-01 6.553844804961047599e-01 7.915022180659506690e-01 4.786594496812138777e-01 8.492199988266515565e-01 3.476631906635662128e-01 2.983904438376481227e-01 9.823750260911127130e-01 3.704968968202949631e-01 8.596528916438948009e-01 9.219557493823618000e-01 4.497634937925431009e-01 1.321814811600445783e-01
5.375477581340452060e-01 7.429517031909839142e-01 9.401663278631868792e-01 5.467180264077903251e-01 2.759589097426682347e-01 9.314071603634980212e-01 2.938425121987733313e-01 7.418344849617897196e-04 1.062628587550311643e-01 5.931820201911075507e-02 3.560626458745516087e-01 4.673540602861064874e-01 3.260541700749328697e-01 5.876868631247682551e-01 4.750105607463993573e-01 3.271164537392756699e-01 8.050373963080300621e-01 1.182714457764365568e-01 8.515774184260505031e-02 1.055701455143072121e-01 2.593392125805378257e-01 8.648807910597525739e-01 9.240971895438366834e-01 4.261604882308185349e-01 5.146005045320301008e-02 8.711230233369090525e-01 2.021153632417937995e-02 4.152450599391374064e-01 6.762579064798641681e-01 9.285530275466966632e-01 1.404482363486906360e-01 1.088880627004643609e-01 6.727731310270013143e-02 5.413567069601954440e-02 2.763513776475257089e-01 1.195655479664422538e-01 4.571284773828970804e-01 2.569388485705591529e-01 9.607960481867194868e-01 7.793763611796243884e-01 9.725706194965341167e-01 2.899041390234058380e-01 8.576863925198271454e-01 6.814355561646745496e-02 4.294745731603687444e-01 4.200553592171041295e-02 7.660272484657986158e-01 4.242534458671921582e-01 2.846957544652234384e-01 7.854504985378162329e-01 6.178984493401042943e-01 4.866961375477797391e-01 8.326893501480127080e-01 8.307497419781036951e-01 2.763487991391151422e-01 5.119408293154668055e-01 2.282587473624583252e-01 5.272715684003623782e-01 9.992683208831443231e-02 5.156753945617341683e-01 3.927679657830286386e-01 5.183388353062066134e-01 3.120154850724691231e-01 6.556647178461624259e-01 3.580235254743086015e-01 1.192858353955867923e-01 6.343532881156905834e-01 8.134086939262665794e-01 3.868166235456786950e-01 8.273933244182163360e-02 3.166987297883390173e-01 8.809163108407425113e-01 5.711068808054469148e-01 7.106489125663209006e-01 4.336689620310700821e-01 4.434467724628501362e-01 7.066208876010350304e-01 9.626063018445155661e-01 1.286117069393302170e-01 7.590678761588632861e-01 9.495343215074241172e-01 8.435912705214446694e-01 7.852818980259282933e-01 3.183076428875158959e-01 5.059604171494462843e-01 7.648591222245080257e-01 4.775770107619214144e+01 1.425998344555109432e-01 2.135935747206151314e-01 6.611275225479897877e-01 1.421114151802266301e-01 1.959233779182466550e-01 9.152409549998038463e-01 8.433090357120907044e-01 6.961133704129360833e-01 7.656387831600555138e-01 3.672577793829945314e-01 3.615520067371168489e-01 2.308046298952322051e-01 2.536479469475912962e-01
9.786021249000672606e-01 5.619884243229440468e-01 8.972280851643038568e-01 2.170836904573445469e-01 5.249465419479162342e-01 1.568827707670779059e-01 1.647383656371026461e-01 9.261168091121331214e-01 7.401676908258016940e-01 4.319070225951094910e-01 3.543586498622475212e-02 9.988148332489575898e-01 8.463269954440212350e-01 3.828879148487319695e-01 9.001698606195812635e-01 8.021512555478936823e-01 5.044294842772797383e-01 8.526863479331381335e-01 2.999054896037667284e-02 3.743379159849724580e-02 9.589720776813326353e-02 5.380714414248521926e-02 1.956732925409873092e-01 9.515889353014855834e-01 3.604141952865315135e-01 9.360638615458108935e-01 4.223145052623549223e-01 9.228501964887325659e-01 6.838477019580663230e-01 2.346508751173115304e-02 2.585586280139983151e-01 2.280134815800156645e-01 5.585046944460070328e-02 4.090002766334387418e-01 6.961396262252107503e-01 5.514564522149990600e-01 4.800010952789857122e-01 5.240740029618383700e-01 3.284872647966011749e-01 2.359030458321627055e-01 8.329635758854513350e-01 8.105979162362169088e-01 9.123831791764345223e-01 6.813822276723219273e-01 2.369873049541570964e-02 1.741719182044456637e-01 2.643237333456928129e-01 5.094890077049774035e-02 9.332008694529236870e-01 7.762462218454072582e-01 8.651190896654097351e-01 5.022828808131664102e-01 6.918993833005732119e-01 2.678362526594438853e-01 3.227539313822010980e-01 5.787328289251699731e-01 4.480924718479672997e-02 9.644460975590820606e-01 9.892428589634323366e-01 7.919913726359649742e-01 8.197393602153804082e-01 3.374621227492434761e-01 6.669686170006933201e-01 6.652749867389593508e-01 8.168639457454912600e-01 4.218384347439352311e-02 1.926714403221440053e-01 6.923937722124169358e-01 8.847153195017276595e-02 1.956997069926887933e-01 3.400589203093202784e-01 4.547551187969579578e-01 5.929234040575611653e-01 3.059558459989516477e-01 5.821880673571330211e-01 8.488012111382664537e-01 8.200976408785376481e-02 5.742721789589334547e-01 7.819957599353355437e-01 2.772593964856091553e-01 6.120216031847780513e-01 1.681581933898386172e-01 9.249152691215081212e-01 4.201645615629755470e-01 7.202662948257237963e-01 4.631770149186508201e-01 9.067560641978329450e-01 5.358813547596530924e+01 8.810625950779854554e-01 8.653172440917387132e-01 4.005132505116908437e-01 8.483581435606927235e-01 5.451612260522357145e-01 7.328738857734284906e-02 9.230925172092547815e-01 4.076211037936102732e-01 5.346681479133121861e-01 1.110079146409526096e-01 9.267000590999336929e-01 7.795149159323278010e-01
2.001266130398257070e-01 3.260674677070243277e-01 4.289418237588368266e-01 4.401260414748178196e-01 4.382171284862551586e-01 7.297013517348376332e-01 1.701537759249560633e-01 7.690769612627907925e-01 7.337685413350278907e-01 2.052124798054945076e-01 8.269959090261205237e-01 6.389518296657431540e-01 2.154766118224658022e-01 1.404800199610598543e-01 3.582592500418280146e-02 3.974781975872111461e-01 1.463138371623291523e-01 9.324974604779281417e-01 4.786279653315639315e-01 8.167853740400302653e-01 8.896563868190754398e-02 9.404080854004659429e-01 1.446326848949147648e-01 4.149749492636254367e-01 9.745555208911100831e-01 1.485955526254062464e-01 3.827577369217451952e-01 7.878290967522033617e-01 1.485124849177885675e-01 6.122426967791922969e-01 9.042711574220199111e-01 5.681567435614690575e-01 2.910047971154811064e-01 6.818687230173022806e-01 3.567429517590537946e-01 2.343004730082849374e-01 5.177143712719070034e-01 4.531338294146131096e-01 4.123550504058962618e-01 9.200266372129934922e-01 5.669344818099856242e-01 4.678840371509942475e-01 7.450830242890887911e-01 7.074931349411972548e-02 7.643372506503028907e-01 4.179529163126244340e-01 1.161704672291041796e-03 3.674978772508060709e-01 9.904212677093706674e-01 2.941372784469779011e-01 3.014803315189445998e-01 8.978756269992080874e-01 2.570938284430934750e-01 9.456115941537908132e-01 9.942386294078615627e-01 1.894717858679324518e-01 3.895739071383049756e-01 4.441843699496478282e-01 7.034613534186667794e-01 8.613218724895295164e-01 5.710511222008124443e-01 8.315799206945073685e-01 3.704648374488700435e-01 7.319328083586058575e-01 3.602709123319588480e-01 1.843342717857010538e-02 9.602780078755625004e-01 5.705371038919296867e-01 1.927488401097738890e-01 5.743014808183762865e-01 3.358433646724855448e-01 6.231838485953464790e-01 8.939308921449551359e-01 3.572991192068751820e-01 7.070238974992181236e-01 4.406123011536865475e-01 8.996695881728499211e-01 9.716032428691384615e-01 6.242795434482362182e-02 7.108638552671338040e-01 9.165105468517230625e-01 1.787806350887851670e-01 5.117698761773438187e-01 4.592380623805072393e-01 6.033271975538880838e-01 2.555768521410596295e-01 4.184284045591735168e-01 4.190573631011472733e-01 5.142372272566853297e+01 3.557966442482252134e-01 9.595839486367688798e-01 6.456564904823963724e-01 3.937445046085120692e-01 1.785420986828445411e-02 1.090478088411916957e-01 8.339754739230460512e-01 6.895618301809819384e-01 3.821539188449151192e-01 2.876337335715375421e-01 7.955447298252352750e-01
8.960340973858712532e-01 3.719193204618974624e-01 6.863004577585061217e-01 4.592873869788777208e-01 1.482905017386334512e-01 2.926956459043601466e-01 9.243604927655743042e-01 6.075023476748240281e-01 7.375057529676931622e-03 6.413441055752064912e-01 1.106937804546772597e-01 7.769704224954987470e-02 6.733236426490998294e-01 1.153768656994006436e-01 4.121411120090712199e-01 8.607599106141572420e-02 2.121968379749071820e-01 9.099908772768661169e-02 7.522951607406570540e-01 3.852309706274164025e-01 3.830291765144793192e-01 2.807093399286171298e-01 4.143312911480880878e-01 1.614800506641116407e-01 8.404836010514528111e-01 9.746391788306347781e-01 4.673027070876855094e-01 7.335036656410329758e-01 5.052167641153676447e-01 1.638577017832431038e-01 5.120893115961111519e-01 9.086613870165568541e-01 6.440483954323056315e-01 5.498601104626480440e-01 4.145406273364173888e-01 1.087659252479978855e-01 5.094164978203027383e-01 3.658167181217529818e-01 9.276558328877304582e-03 3.666900675475981419e-01 6.836302262143580943e-01 9.532629153571690050e-01 2.599956955922214652e-01 5.671153041670145001e-01 9.489093645494864893e-01 7.634664634273963246e-01 6.361506106198683286e-01 6.516896598557737619e-01 9.091590653507236608e-01 7.872591566891690151e-01 3.056474972479248375e-01 4.047547018635007099e-01 4.001563127058846980e-01 3.632550276002640688e-01 2.547230789436246701e-01 4.686962387055210177e-01 8.755540121067689752e-01 3.457038752901701040e-01 8.083226052748337942e-02 6.201386518980449569e-01 7.131511161275148059e-01 5.175801445135155276e-01 5.865644117442472272e-01 4.886499240514641240e-01 1.970727838305885715e-02 1.331317971798063882e-01 6.395672439430764022e-01 5.881373518949439827e-01 5.289052811202791249e-01 6.359358557709177129e-01 3.462696030180272277e-01 4.201427057705009460e-01 4.896042605146431193e-01 3.630088609393870014e-01 7.540760563473671851e-01 3.693700305131801809e-01 9.050970151025230503e-01 3.925711673163178039e-01 3.542558026335231869e-01 2.813180386184619408e-01 5.793402426404231642e-01 1.823503356842437473e-01 1.430517451051556144e-01 6.465895263200599485e-01 1.946250386023492540e-01 6.137241922529300675e-01 6.310266309023759845e-02 6.379537301496632784e-01 2.230528912537543818e-01 4.888370512104382470e+01 6.260706301214071789e-01 1.485298661179601520e-02 7.039639249466372872e-01 7.891625033431195479e-01 9.928841412657485321e-02 5.964314239166120801e-01 8.240987254322875710e-01 9.764144841322341950e-01 7.279738995411387803e-01 7.057359129632774231e-01
7.336458643384220490e-01 9.547919663796472500e-01 9.359869997429504096e-01 6.853406847874676799e-01 1.608935924874570489e-01 6.001286983992937252e-02 6.536493391808418929e-01 9.076658385151605835e-01 5.815869266532038839e-01 2.022824039001518415e-01 7.821112228844607772e-01 3.460121714644962543e-01 2.360075723907069101e-01 1.496309159810095268e-01 4.764235119017118381e-01 5.407007863362870426e-01 2.351410683137045154e-03 2.096508467967803657e-01 1.656994022763552676e-01 8.454632689770424925e-03 6.794462366059323966e-01 3.911099600940320942e-01 6.725066843229429159e-01 5.343255382564235934e-01 2.414145303673372878e-01 7.837749919921473962e-01 5.389056578187798596e-01 8.168292508303360844e-01 9.537100482991185402e-01 6.198297119582397707e-01 1.614174475172511780e-01 8.049117215749674870e-01 4.061724334426207728e-01 1.542337331076613083e-01 6.317451811988236132e-01 2.370832650654929319e-01 2.432060615070807952e-01 2.269991776115920512e-02 1.502651080923884663e-01 6.817522090593872708e-01 5.502151587548370637e-01 3.705350817324220003e-01 4.332804277726641784e-01 3.313471245289414391e-01 3.859495253096180134e-01 8.861778635010018057e-01 8.603965808727052078e-01 7.644977085382028692e-01 9.334597364480022863e-01 9.708853905974873522e-01 4.371250771459146423e-01 9.149560633651069308e-01 8.497427614340286040e-01 7.282870639263785417e-01 3.564102375514617282e-01 9.949885411945125213e-01 9.413639148027739267e-01 1.398418886378527404e-02 9.090927329221711872e-01 1.961186193213151352e-01 8.173598023978789762e-02 3.479607073586230559e-01 3.898840252069311063e-01 8.255300813949115746e-01 2.092107372118052755e-01 1.289370537417996454e-01 9.910400910514749473e-01 1.256091371705967408e-01 7.318316830823131669e-01 2.321371354530669118e-01 1.842404254285863185e-01 9.906238263386653031e-01 1.974779249726480446e-01 6.696201897361708788e-02 1.033027319888801809e-01 4.891941174907987744e-01 9.525450157581262234e-01 1.443071137115432556e-01 1.710233286416714682e-01 3.842802614386638949e-01 3.565213857650018081e-02 9.257442919766313283e-01 7.992378834429052503e-01 1.998848832747274207e-01 5.290606060955060919e-01 7.981723610769101418e-01 4.206590797196144704e-01 5.242172258927495498e-01 2.742709502580241709e-01 7.272834524753299945e-01 4.974709934526084965e+01 5.974091703634112349e-01 1.344040543979648783e-01 4.577871059077404103e-01 2.903691356990683037e-01 2.233188753070679544e-01 6.351319436020663733e-02 9.273935132590008790e-01 7.600424880990787058e-01 1.032068945183242104e-01
6.456068772782871390e-01 8.338112668195468702e-01 3.194891268889039626e-01 5.593774749866624596e-01 7.325826221313203046e-01 6.314986886169742242e-01 2.571299201668965084e-01 8.896498409381382588e-01 7.529423281563363268e-02 5.895254420302363796e-01 5.910685900269343485e-01 4.738640844727314283e-01 6.191846760036990860e-01 7.928556207281840518e-01 9.959294347302714012e-01 8.528386916393193573e-02 3.701168125222700223e-01 2.535420173847031666e-01 5.781833002816465505e-01 8.717071099604214446e-01 5.041603332409967386e-01 5.338646858215084778e-01 3.052536304704555059e-01 1.345299053135839973e-01 8.426185236360044239e-01 8.223636297786425242e-01 1.352895976822665602e-01 9.634250745689261208e-01 4.403839101000288636e-01 6.629626461812367921e-01 2.416332894391555186e-01 7.373703018003108234e-03 3.455864562458698108e-01 7.245955624792510541e-01 4.102174016694517533e-01 1.177899749775921379e-01 1.693342294994027997e-01 5.520631062373502207e-01 6.421630402412596972e-01 6.432731930089764516e-01 6.512524803945440866e-02 9.236702128548687218e-01 1.327830424633419382e-01 2.919565966534570789e-01 8.845152975447099220e-01 9.432999028405832931e-01 8.440030477962678912e-01 6.636625701060672178e-01 5.327170762696439299e-01 4.777352086135205900e-01 5.165999558033429473e-02 3.083614881869988222e-01 2.221558335731029787e-01 4.834223808978100889e-01 1.670277165167156630e-01 9.156866258968918704e-01 9.453789745377496612e-01 8.004753759079604736e-01 7.539236843123614529e-01 7.672587967224173688e-01 7.672053875184733363e-01 4.332331483009813633e-01 4.742856277286497946e-01 9.955353635830185288e-01 5.009701534964947633e-01 1.952584645109749495e-01 2.562310748892452361e-01 2.392705716820698880e-01 1.490767920460247531e-01 4.280833647854672686e-01 8.862028677275045618e-01 2.763377697341014017e-01 4.057363869796858369e-01 8.001452879531869566e-01 6.649715343098895337e-01 4.445699936003940644e-01 1.334726941557703439e-01 5.222488106499412197e-02 4.688603599360918750e-02 8.364692268299944722e-03 5.984329514812050110e-01 1.010397306347513569e-01 3.946780050510856341e-03 6.488077331532724479e-01 6.209683042944428299e-01 3.924635443906244747e-01 5.065125641594918626e-01 9.645611669949150091e-02 9.589233846160194474e-01 9.499713304323224028e-01 7.863650605100457325e-01 4.987580191109650229e+01 1.323676137799860708e-01 6.401919979593618804e-01 9.001636695902920371e-01 8.366951725422521191e-01 2.917378594367874278e-01 8.177028117305362720e-03 2.938065393823174887e-02 5.395634584216602025e-02
5.102162664374676471e-02 4.728829829181155908e-01 2.860162492567392967e-01 6.781947042138934956e-01 3.503971361281903452e-01 4.259060320466870886e-01 9.981342657475233970e-01 2.597203095338831424e-01 4.339038070494272148e-01 5.709651354797217193e-01 7.836078968333015649e-01 8.120093692781635841e-01 9.039187928106546810e-01 1.035647913884338855e-01 5.881537899381868995e-01 7.933861328669882251e-01 5.554849102096169888e-01 3.005331087949716373e-01 1.141370713055822605e-02 6.911916352087876803e-02 8.010835869329188119e-01 2.992831756927666342e-01 1.815946786770438193e-01 9.952211017227100553e-01 2.783124436099296828e-01 8.934671985872424393e-01 1.936000276932653419e-01 6.373134199401211397e-01 1.152457420374778385e-01 3.631771867508408747e-01 2.268125932030851111e-02 9.615393364935528320e-01 6.853709236186756870e-01 2.055597580027611615e-01 4.224789393793614289e-01 6.974028733198397445e-01 6.441017834033109235e-01 7.876243157609150725e-01 7.830131242078179898e-01 6.445153109754865328e-01 9.664547871716721028e-01 6.484412352935035040e-01 8.827965324228402855e-01 4.097255643406829684e-01 9.504241846621112044e-01 9.753928604326772556e-01 6.740280115313105336e-01 6.223392537862835194e-01 8.106391602889333470e-01 5.939153570031387996e-01 6.013257146684070076e-01 4.498834226293622063e-01 1.625960764084650734e-01 9.515075467984244195e-01 3.171468766768168468e-01 7.120096351679259250e-01 3.947782063675541186e-01 5.566243962770244247e-01 2.389901988555920287e-01 7.338766423771481140e-01 3.261330110900788615e-01 6.230194850557291275e-02 5.078485072950519319e-01 8.126177914273633451e-01 8.932690852287650252e-03 5.145803904449208765e-02 5.814967417213989798e-03 3.962608435728574019e-01 2.726336462392616733e-01 9.967539827867298863e-01 5.195454467307392132e-01 1.382307212726052725e-02 7.453211016479590612e-01 6.913306643031272847e-01 8.780266149524001973e-01 2.217900024319985341e-02 2.094244343584193979e-01 6.821923085671628417e-01 6.864384626757704666e-01 3.458870919748679995e-02 5.856827642894715247e-01 8.771777212913172139e-01 7.337090873923195478e-01 8.755019298657967797e-01 8.630027125278033617e-01 5.660223165467496154e-01 6.432958435110212037e-01 6.298958626294068885e-01 3.508546698006307363e-01 6.020604137218287244e-01 3.972384601448583075e-01 4.770749361010703238e-01 5.443641416138907374e+01 1.288966781342171242e-02 9.481346163218374867e-01 2.544998718677735638e-01 8.761822330596739095e-01 6.320097757323097643e-01 7.447349552093863734e-01 7.777991343738059893e-01
6.203157760146121857e-01 5.048530080169071343e-01 5.477636372990531965e-01 2.909693772021596514e-01 5.808795866198452895e-01 2.782742582559234457e-01 5.379206609916845627e-01 7.253378313681784206e-01 5.700445306626269470e-01 6.529282989631461920e-01 7.429125360628998642e-01 6.179712803061826465e-01 3.802459321582608576e-01 6.335965831783423319e-01 5.603462401764325307e-01 2.159812649494537995e-01 5.883581887588866799e-01 1.315615461451153934e-01 3.503310376662535086e-01 3.036606961719569009e-01 3.028893170316099281e-01 4.941972589140712913e-01 3.919500066989545228e-02 7.320805847999756200e-02 3.600585017002579935e-01 5.946932033747646118e-01 6.858070435530205788e-01 2.215376843384878613e-01 6.308853233210240941e-01 7.232849738825296582e-01 5.455927159805654680e-01 9.300293205331366941e-01 1.032527043359573460e-01 5.590967287392503149e-01 7.871218153506847059e-01 3.234529743911787047e-01 9.055179673411625219e-01 9.106439068861235109e-01 5.246830653542655654e-02 7.316124298767772149e-01 7.749961074494052804e-01 3.084035606520574291e-01 5.277251849721920074e-02 2.628559017417401167e-01 6.673709859233215580e-01 7.010562061008102086e-01 4.238032135362143071e-01 7.241934457036257600e-01 5.925242522430654857e-01 1.708292904891839381e-01 9.439469393344736003e-01 7.558847589128341316e-01 5.111291949112006794e-02 6.819704634582393066e-01 7.895669917315873976e-01 9.317706731952635213e-02 6.139477751814783613e-01 9.662452631757073584e-01 8.045059709718107577e-01 3.212857343088031392e-01 6.008824336917192310e-01 7.807556835169383591e-01 9.252442495994652738e-01 4.173647871841246193e-01 3.404606919922902319e-01 3.747033188812334270e-01 3.387831164448096288e-02 9.650987245439635043e-02 5.469226592420854960e-01 4.728916803087992449e-01 3.743326675217281130e-01 5.842744611117685061e-01 6.095431540020154193e-01 1.742131068973366004e-01 7.966269214323141723e-01 1.663632387286403391e-01 7.099313164505639540e-01 4.968874381527211836e-01 1.988486986998853068e-01 2.013210631885645752e-01 4.067332466390833901e-01 2.013896230855064529e-01 6.994750955187215569e-01 3.500935013500477977e-01 9.160735955472472103e-01 1.294420871518142668e-02 4.059498673611072750e-02 9.547101066904097877e-01 3.876099830877259844e-01 7.914662319674679036e-01 3.863778870720302461e-02 2.118441719434184245e-01 3.263392300619867292e-01 4.896774625067464370e+01 3.955980265636895865e-01 7.865671804020610836e-01 8.883043527338386758e-01 6.306332097974867157e-01 1.986358882096961320e-01 1.257421529668266702e-01
8.160665808120662890e-01 7.987211031822247786e-01 9.375644117257642129e-01 2.860461723904793585e-01 4.125261152028503187e-02 9.380345654668346134e-01 5.314929976247581012e-01 6.910788349286567378e-02 1.623201566016178043e-01 6.701858998020004954e-03 7.780942753216041341e-01 4.743181651067999161e-01 9.250048782558409899e-01 6.253778221329366893e-01 4.910757835360564094e-01 3.594950856384475646e-01 3.373187093362344235e-01 3.262005839600146118e-01 1.801299249308048189e-01 9.406192126568057033e-01 7.677197204915388040e-01 7.293123789826736481e-01 5.799330829861444325e-01 6.335320264837244197e-01 1.818377044357748495e-01 5.900879140207911933e-01 2.639324523107877685e-01 6.697505583012801633e-01 3.490863845557785616e-01 4.623264847443983028e-01 8.085859175575261792e-01 8.396772153118525761e-02 9.586010223911896055e-01 7.349876082858047832e-01 4.867146033613369838e-01 1.113947398403010158e-01 5.449457989559765014e-01 3.150456627116462460e-01 8.442554452482076144e-01 5.193653859419578023e-02 9.944360276258605857e-01 4.725311384313126695e-01 1.038705432035221810e-01 2.023268066240084817e-01 8.184164979740966572e-01 2.833397416780253364e-01 1.816100361533802277e-01 2.738450406731709474e-01 6.439247123371605319e-01 5.247730527929781452e-01 5.817751939834159280e-02 4.710212104225163232e-01 7.137101205295951489e-01 9.077680740005348303e-01 2.421069932785978596e-01 6.972134743525200129e-01 8.870228720532409294e-01 4.765254419678496278e-01 2.862366034351326860e-01 7.421379697509284945e-01 2.184242379712524329e-01 5.146847844065500777e-01 7.399539549966150931e-01 8.026896800639571339e-02 2.119792438985420580e-01 7.935734061315258270e-02 5.357933452721007628e-01 8.955373471356277149e-01 2.719260964375795897e-01 7.006247379286895116e-01 1.799092570981006833e-01 4.176147563078613789e-01 8.380990070630447430e-01 6.754860197034738833e-01 4.713556817855780734e-01 3.505867558321781319e-01 1.353840874059151211e-01 9.446865995534583504e-01 8.746100595736073791e-01 9.074661335341471791e-02 5.349422579097029562e-01 8.744235813773215682e-01 2.441298541510570352e-01 6.111904393087497223e-02 1.859141164596259665e-01 4.174843042276671357e-01 4.588207024584561866e-01 1.866764734398856929e-01 3.088837550479757166e-01 5.237796345916793106e-01 5.761886621197623848e-01 7.743940855910906862e-01 4.917958659362269280e-01 9.060176560704739090e-01 4.963317976300263012e+01 8.746348967218876558e-01 1.454967555632203924e-01 6.473252189350351404e-01 8.000951093075470144e-02 4.344371175025124598e-01
6.496383011942016283e-01 7.913145334564206657e-01 8.439431041123488519e-01 5.950774321822469570e-01 5.202346268516522265e-02 3.564079438315077564e-01 7.597394707782202383e-01 8.041453965531566439e-01 9.915580509233596906e-01 2.162723768311304307e-01 1.503872420230575324e-01 3.881081404554513892e-01 2.421133555740554444e-01 7.862715355801628281e-01 2.331442379491017736e-01 6.409373705085961159e-01 3.546678717528306546e-01 9.151635521487615499e-01 3.857243013206004267e-01 7.357507882295366564e-02 6.162634064884002782e-01 8.954490598189891459e-01 3.461736685106349132e-01 6.400479117022398468e-01 6.300923827571589531e-01 8.499188763306608774e-02 5.810659179504095162e-01 3.955374256135530953e-01 5.292940576823038645e-01 6.263022268201987597e-01 9.310420519463322719e-01 1.041968263651427140e-01 2.013205785982337126e-01 5.173180043990271981e-01 4.017062218295821552e-01 4.437673675680604557e-01 9.494032872882324225e-01 1.829447055770002661e-01 3.562406881967405958e-02 5.549935324832043770e-01 6.970873365281609058e-01 3.425248807976757348e-01 2.688529190323113438e-01 7.047786653582532868e-02 7.730363949810525881e-02 6.195501064225140686e-01 7.466120703865758435e-01 2.781579928247178701e-01 4.930386664818977582e-01 8.685426598053012093e-01 1.974900480068059183e-01 2.054283977761975910e-01 8.438134045806023886e-01 5.477679929565473227e-01 3.149055893222789670e-01 6.056666196189330886e-02 6.459825108883977540e-01 9.719690932005218276e-01 9.173299675447474932e-01 2.990385596216871278e-01 7.232431465273636562e-01 9.670559984790206842e-01 6.885029212355804340e-01 4.487341280847824132e-01 4.893344825372223372e-01 1.409573386596119082e-02 6.380839842521789373e-01 4.579986423470113754e-01 7.898909931461511880e-01 3.655183592215174304e-01 6.608503709142988791e-01 8.641075755271554470e-02 3.250846710571291265e-01 6.688440554284394990e-01 6.291376787041162988e-01 3.768024588299029309e-01 6.634072772422782149e-01 5.217063202312199888e-02 6.131613234207411445e-03 8.468794547046190058e-01 3.680297180709259930e-01 4.939644786521213415e-02 5.847551587568253773e-01 8.729426718145857356e-01 3.333052689248456879e-01 1.574773253125046901e-01 5.433832518022327918e-01 5.334483272345363902e-01 1.169708952876431507e-01 8.401891594549986131e-01 6.838887021516920628e-01 3.616851459674351732e-01 6.338927997741714560e-01 4.273859465929080725e-01 5.241850283377336162e-02 4.902666440263190850e+01 7.620552321057028067e-01 3.989456520294427655e-01 3.599187798187377663e-01 3.346467440529026227e-01
8.334835004351622834e-01 5.862625584505264387e-01 5.352150816475020889e-02 5.959395112890406576e-01 6.241163140571298618e-01 5.948156689111662176e-01 1.822077651554688815e-01 1.811908213128422540e-01 4.624651291584677137e-01 2.413580865361332206e-01 2.267651919010453820e-01 5.225089095337063227e-01 3.730166027258886574e-01 3.335523559119397685e-01 1.548196799629959486e-01 3.781221113880166573e-01 3.513231150368958389e-01 4.702608613540116833e-01 8.511155087267995301e-01 5.398608653123713186e-01 9.871548293214712499e-01 9.717789449807926472e-01 6.149361218488369474e-01 2.069213417848964065e-01 4.159633207604382932e-01 2.816236667187524967e-01 4.355341142790963849e-01 5.676442238150581909e-01 9.323903615692542557e-01 7.694828698840275871e-01 4.210235722050937879e-01 9.060524436773947921e-01 9.957378929186403438e-01 4.555436607177800745e-01 9.893132651541745037e-01 9.173129289315035129e-01 4.020755291710559343e-01 9.660509350946545615e-01 4.002180886032974394e-01 7.669314583459934109e-01 8.980962879734001314e-01 9.948318874118966537e-01 2.470825756492015524e-01 3.418390409136371488e-01 7.817637782146203973e-01 4.643052624254807581e-01 1.601216341373652430e-01 2.436898916712029184e-01 7.376554725438931870e-01 4.141985237668205366e-01 7.483525625949849491e-02 7.169012142354107553e-01 6.685159082530863772e-01 7.410938309133612290e-01 7.982580865099152545e-01 5.066717254061814391e-01 2.104756274299327545e-01 3.517549281297612795e-01 9.487777193715027924e-01 9.283081338485195122e-01 4.444827262745931762e-02 1.755140595473791976e-01 1.416055434241690891e-01 6.458280674106343655e-01 6.858441429423112190e-01 5.011739095969869329e-02 9.657596261043309704e-01 5.853644645243324396e-01 9.665642076834810581e-01 5.661246123748263637e-01 4.957475835611746540e-02 4.602102853728547993e-01 3.094561723642426099e-01 3.386294305545920480e-01 6.071956438062640071e-01 7.965677386483965838e-01 6.416522181889413590e-01 6.197960696627458077e-01 8.741998466145312063e-01 4.222375190847690307e-01 9.535166778022635681e-01 6.032616039070851643e-01 1.436290324476534597e-01 5.629638883211884881e-03 4.773328691808016444e-01 7.140349672750030408e-01 3.966724520888008643e-01 2.995035628065513267e-01 8.652630550116160446e-01 5.534928537708225793e-01 2.926275187995848182e-01 1.027608677274768345e-01 7.845296574425326686e-01 3.154660454681124104e-01 7.941040091453455130e-02 1.513804085707893821e-01 5.137647924738480043e+01 3.962488348616644007e-02 2.633732222307854087e-01 1.108996127065655646e-01
1.570969283919270154e-01 9.251311375895944211e-01 7.987285277617029999e-01 1.520860158748960078e-01 6.579875692204225635e-01 4.278474170477947203e-01 6.481128657556637362e-01 3.126402412365194561e-01 2.013481398593230942e-01 3.984108293944181867e-01 5.376737239001982971e-02 3.626054969703178532e-01 4.682225249875004991e-02 4.470836015017424225e-01 7.300551705218694121e-02 1.259286750096382246e-01 9.645959416874272385e-01 9.394833346174460420e-01 4.731194999009121771e-01 4.748356968932507804e-01 4.837770519037346562e-01 9.687507720706696190e-01 3.181147598922351438e-02 8.179658215470607674e-01 7.370060483663465334e-01 1.012180346833790878e-02 3.804902109010203093e-01 4.087624628434135543e-01 6.221262288801295837e-01 1.774597332926515225e-01 3.226215668379933676e-01 9.187104623582663665e-01 2.759978671780556336e-01 3.687954695560042850e-01 1.246605015270757510e-01 3.035577393516755151e-01 3.623216282678261013e-01 1.945199058453136454e-01 5.532573316581124168e-02 6.567060398474006133e-01 4.206828098010850780e-02 6.296517313930054538e-01 4.441276079106570851e-01 1.467589882022594105e-01 6.966503496464649947e-01 8.621234981211056692e-02 2.745881805812709908e-01 3.938671329820947475e-01 7.594307909969089110e-02 3.757905921239071967e-01 1.406410063350015394e-01 3.890260157209500802e-01 4.791561709984485384e-01 5.262813475840109056e-01 3.465868815307489026e-01 9.682240081441529922e-01 7.536279683911866201e-01 1.602006795931286698e-01 9.741531985078949463e-01 3.422567058260700401e-01 9.798113346175939542e-01 1.434089016550377238e-02 9.886010742079203162e-01 5.264833914712859775e-01 9.618338039133503825e-01 4.728225909969678842e-01 7.663573252944372305e-01 1.037837715354653634e-01 9.992120160579845978e-01 6.862458720128589151e-01 7.986390759550887619e-02 9.085511703147087781e-01 5.124728758471426282e-01 9.079181666210370816e-01 7.887729183826039936e-01 9.574458562914001103e-01 9.056652753169250891e-01 8.730924740228529490e-02 6.144250078641466661e-02 2.224353645108154698e-01 6.156790994775235282e-01 8.909354183266757765e-01 5.628195790915239138e-01 8.096728442362083333e-01 4.026795622606430536e-01 5.916332779896481542e-01 6.595634587786103342e-01 4.332726195107601264e-01 2.091687666882242613e-01 5.520158860363691966e-01 1.666194597757336693e-01 2.536383874656840121e-01 9.833723418072646272e-01 8.749075919261084522e-01 2.045780537259540566e-01 1.182819670123982370e-01 1.030083143695013081e-01 4.800266676151798606e+01 6.304923985055410629e-01 2.027157223326487845e-01
2.763710369851236637e-01 9.091469594223841044e-01 9.126861262417911291e-01 4.562002714011050841e-01 1.909322340368189153e-01 8.426799444294367225e-01 2.430867723358065557e-01 3.572050579185844787e-01 6.629616485113688507e-01 2.257930715092907326e-01 6.460980901926483000e-01 5.065090269580098115e-01 3.915511928138614151e-01 7.056372373188306568e-01 5.056440240516946183e-02 5.097170283227838716e-01 3.069831919457881586e-01 5.037307810194692204e-01 2.558714468095050210e-01 1.397582491361181178e-01 5.411825598387631775e-01 8.449515218568123265e-01 6.301227630728765128e-01 5.372111992399675184e-01 8.142133040359377238e-01 9.641317444854131669e-01 6.616409589553858828e-01 4.780448314488960904e-01 8.408472592580156224e-01 5.847718810138120560e-01 5.878430887912438063e-01 9.053894046072296087e-01 7.911371911619958786e-01 8.925676372550017668e-02 3.507837607863921736e-01 6.772803498895432206e-01 7.087443326403426447e-01 6.415588523275900235e-01 4.343690876305448256e-01 8.838835991917606272e-01 6.733273397329190280e-01 1.765678330285636033e-01 3.384038291355501160e-01 4.221402796679772917e-01 3.506086583957027658e-01 3.520453206784424083e-01 1.706168371435019537e-01 1.668982638734662904e-01 4.915339480653733162e-01 4.802733196661767012e-01 4.294803908265359960e-01 3.296118720405579738e-01 5.842035359936581518e-01 7.638705033180289705e-01 7.697256329958789278e-01 3.675478694137990221e-02 8.554486912011444177e-01 5.453871973489372582e-01 4.595347100122373352e-01 4.847397014176749730e-01 5.381671111764206872e-01 8.381604172348755544e-02 5.563186307104062145e-01 1.755068055975288477e-01 5.439470498898133499e-01 6.688307840317399000e-01 3.435034522471150931e-01 8.128755672166604329e-01 1.298931546562570594e-01 5.864509890791003155e-01 6.775257370177962812e-01 1.572276748190430951e-01 1.216371827987058341e-01 3.686216644426661970e-01 4.178888827482651891e-01 9.802019041438618796e-01 6.472041091566299587e-01 6.794466591049067583e-01 3.556358892406943362e-01 3.051435114096763268e-01 7.711026916485509419e-01 5.765641341141072296e-01 9.203866074072519776e-01 1.325027132802636398e-01 9.170982827270275362e-01 2.500328219424274856e-01 9.685355571600322566e-01 1.622300850321841681e-01 9.010916053675477322e-02 5.299136962027183317e-01 7.526150341014747891e-01 9.577362118075645192e-01 7.753835826467040393e-01 8.884945674887079203e-02 3.182621460411038106e-01 4.125576452768332514e-01 8.688740976104150082e-01 4.655822908647758718e-01 5.217464459092780515e+01 2.629470523456612918e-01
1.771349209647509193e-01 9.966186997389655522e-01 2.252025074820198647e-01 4.493972850557412801e-01 2.405306104636353304e-01 6.038437205559687992e-01 1.568411583241712259e-01 1.758643880785387692e-01 8.754642188267881542e-01 4.023022858651598144e-01 9.561594010153406931e-02 5.549618536936153923e-01 1.863964935952880930e-01 1.903090016235944315e-01 4.807619587260255622e-01 5.212048346357128770e-01 4.245313564516706162e-02 6.745782140305257579e-01 9.436646079895431027e-01 8.066970782949538510e-01 1.991753508434281894e-01 5.345289064767151377e-01 4.763665600433577563e-01 3.421264225668148029e-01 3.111199279481574598e-01 2.460354084255902407e-01 2.368979744557289102e-01 7.662356210914066379e-01 3.446004925517017758e-01 4.280405087481279347e-01 1.149584704564092785e-01 5.424131908130489510e-01 3.015271996572538304e-01 7.616240796908556598e-01 9.567035055978000413e-01 3.173733771685557370e-01 3.356105510691832494e-01 6.641303265806862699e-01 9.436744033459241177e-01 6.885044919185523415e-02 9.601959975405230940e-01 1.698962014886085115e-02 3.138987481172360594e-01 4.672227430131625781e-02 3.206579552278970846e-01 5.604678672839874531e-01 1.371104545567669586e-01 2.598722713045742427e-01 5.488350720172913144e-01 8.552932141978867309e-01 9.795474328962816557e-01 6.481184254131614475e-01 1.772308434849891867e-01 7.599415945841571096e-01 8.520206061912330986e-01 2.295897959450280412e-01 1.856417503026814853e-01 7.978871077152764890e-01 3.912676797986691657e-01 5.431057795253808607e-01 8.300893648012726000e-01 5.783962708501713124e-01 6.828571172253655730e-01 1.631968786486888146e-01 2.284836521282228583e-01 4.013607984514766525e-02 1.779960286918081946e-01 9.138863480694082719e-01 2.312195746481539027e-01 5.695793425422616130e-01 1.673700725201441308e-01 1.639448788380670763e-02 3.942540133036540606e-01 2.596682634058308237e-01 5.038104047164448929e-02 1.759900182619890119e-01 1.755401644576780606e-01 4.720192311005763086e-01 8.905162572151774647e-01 6.404148912563604190e-01 6.585339560954832638e-01 3.542779912676946585e-01 1.411068300756490590e-02 2.740348452915908339e-01 1.262344396602244068e-02 2.952007023765436111e-01 4.353433340354211367e-01 3.750780664965189803e-01 2.889852465819335858e-01 5.753498755986794500e-01 3.098565967336019966e-01 2.600140658654721548e-01 1.208644684772171018e-01 9.364731433724134968e-01 6.130659852788655773e-02 7.345826304687839148e-01 3.341281222501834014e-01 1.790271107952379204e-02 1.652312683036220031e-01 4.275361561690439061e+01
