1.483162778159080375e+00 1.257664127517723385e+00 1.720100305863349943e+00 4.306050249293156829e-01 5.302297193126232627e-02 1.926092331328441265e+00 3.013525075328870595e-01 5.218993404281797588e-01 1.647626022251236000e+00 1.715170208419998676e+00 1.180227098028215682e+00 1.498278867528342495e+00 5.495468019296094742e-01 1.638237221929207399e+00 1.983991769117429360e+00 1.735742429761634842e+00 2.275143293860556193e-01 1.495476328675859667e+00 9.079205525037707947e-01 1.944870820122672761e+00 5.167655986667241130e-01 1.307091365823097151e+00 1.719431107821796756e+00 5.794061986563139310e-01 3.102232118319527276e-01 7.720699879075340055e-01 1.513710614207486982e+00 2.040050242651422430e+00 9.167024711191629205e-01 3.946233904168324202e-01 8.185673373490447435e-01 1.273239764310064803e+00 4.719855142658769265e-01 7.977955956527319481e-01 1.527006146361159056e+00 1.783085313719922738e+00 1.196254545279857195e+00 1.488792659847524735e+00 2.087611641608307922e-01 1.097755604831164994e-01 1.281731955168933235e+00 7.589253355718821314e-01 9.378073263995555520e-01 8.334565988281835702e-01 5.392563707374491422e-01 5.712167524970892529e-01 2.896722105851460283e-01 1.711717342877330017e+00 2.836042781041464567e-01 1.160641584693593131e+00 5.189707656992859075e-01 1.257217660725932218e+00 1.466919622542503798e-01 2.021910713175733232e+00 1.329896457479452787e-01 1.889895242258554875e+00 9.510826244822637721e-01 7.206126451346770434e-01 6.136113047979032675e-01 5.132218914983562863e-01 1.758565000519574761e+00 2.219039885431889070e-01 5.427454893753848042e-01 1.214245992732253976e+00 1.738424578831139877e+00 2.036635607320242070e+00 5.731572469469227160e-01 1.092211116974483587e-01 1.840126115273215679e-01 1.690005906443305950e+00 1.901875942311936019e+00 1.770307402250660633e+00 2.016726807178497172e+00 2.326539863341208214e-01 5.023077791691529237e-01 3.794480993391578100e-02 1.076950045827614000e+00 9.844318788873741566e-01 1.639331579132252692e+00 1.608627538491603781e+00 3.220781706440588588e-01 1.612758480287920237e+00 1.943067906166902503e+00 7.569630904718712694e-01 1.098875136258529173e+00 1.878993953691386665e+00 2.942505227128485168e-01 1.473506978683194468e+00 6.663414782806279316e-03 1.324393547289930195e+00 9.425650529519609133e-01 1.288740013884340785e+00 4.306029698031857422e-01 5.132057858938980643e-02 1.366612589864651728e+00 1.968430562710806964e+00 1.160006751248868540e+00 4.094272337336549161e-01 1.047853606839791896e+00 6.121574052799172438e-01
4.727882142386573561e-01 1.138096014499462516e+00 -5.415619539406518967e+00 4.853771537596732522e+00 7.603757466872981263e-01 -4.970804352930270120e+00 1.983377513195395458e+00 -1.207341774969303616e+00 -5.052712223904196165e+00 -1.702699524642347972e+00 -2.608363184787450884e+00 -3.423665029108321711e+00 1.494533092938072238e+00 -5.056750597744681386e+00 -3.488598549153248740e+00 -4.316107636436472106e+00 6.882021126407574796e-01 -1.258751211301111228e-01 3.270937852074472296e+00 -2.247102101437095101e+00 -7.899998915570275448e-01 -2.462214784093848863e+00 -8.744112116774003240e-01 4.373423975008163822e+00 1.456021055315004364e+00 2.543787099917175443e+00 -3.265316647200287026e-01 -3.904284049534642698e+00 3.128085726651739673e+00 -3.511454059459013788e-01 -5.885263426951976573e-01 -3.097416929111672879e+00 -5.287374410251558521e-01 4.302858445991587288e+00 -2.913147971937124936e+00 -2.792549710789913320e+00 1.996027298027234664e+00 -4.774392891599678279e+00 5.840726753080269340e+00 5.958934304950398442e+00 1.541535395192930258e+00 2.915974988492032072e+00 -9.233549961311637855e-01 -1.793018656655150089e-01 3.712401096294826619e+00 1.909044077198971179e+00 2.721495090352837321e-01 -1.550833194457709396e+00 6.240651614684553650e+00 3.047718077935793524e+00 9.700133612693861984e-01 1.281357570436614690e+00 5.371147993761073991e+00 -2.836864548032061339e+00 3.234539331385107630e+00 -6.365752807829553994e+00 3.486635494571063365e+00 2.032756929539202506e+00 6.787763168499454380e-01 1.666866169121947072e+00 -3.832081196151940983e+00 4.693908982043024203e+00 2.315328703871497140e+00 -5.448133606789775651e-01 -5.624331168048668061e+00 -2.325815210772351094e+00 4.747918140985350810e+00 3.136286721746574191e+00 4.371764619291042209e+00 3.211109516964345545e-01 -4.541821416040699333e+00 1.584671050616326404e-01 -3.649693243637815998e-01 1.797472146522694603e+00 -1.308535831227215507e+00 6.346893025392749799e+00 -3.117712773004694071e+00 1.575166143057374235e+00 -1.755768068069144316e+00 1.126667247862783050e+00 2.057627363936793685e+00 -2.395447009545175199e+00 -4.326828718879152547e+00 6.722750135847762598e-01 2.301438455602626387e+00 7.402847370596750132e-01 5.501207058900575930e+00 8.649903178638121970e-01 4.752630736500804837e-02 9.761139060727033190e-01 1.520919898568522610e+00 2.243825116613834769e+00 -1.014514135868511913e+00 5.170949369046247135e+00 -1.643679262410946862e+00 -6.435275297193532751e+00 -7.388583062338295315e-01 1.072658392301951702e+00 -8.176082669396544933e-01 -1.647013648037760847e+00
1.538859374933821966e-01 4.113034287516912357e-01 3.351945915772474915e+00 -7.924131821837988587e-01 1.272903894493956078e-01 1.108407094620101674e+00 -1.337651257742912825e-01 6.019915836682251387e-01 1.028430489928805036e+00 3.526546949745636428e-01 4.188281533782096666e-01 6.378198831833944427e-01 -1.587045852794592704e-01 1.066714320667403459e+00 5.181890065296571590e-01 9.732102741438173332e-01 5.613358904304673047e-02 4.653015248557208772e-02 -4.330377709411022402e-01 3.113846798683359007e-01 1.052238127097542830e-01 6.781037356003709604e-01 3.391927686060153824e-01 -7.727381564531703440e-01 -1.870089938569244048e-01 -7.433622959285196563e-02 2.249539516492232716e-01 9.548531275833794796e-01 -4.791312586306173960e-01 1.951538922186097924e-01 1.633536323699786019e-01 7.341605022811584780e-01 4.757513353226558439e-01 -7.760480177667163915e-01 4.849889447114362206e-01 7.544203246181745426e-01 -3.928195408900323482e-01 1.098216041911294072e+00 -9.760614351633305485e-01 -9.493161984041371682e-01 -1.120610473122494039e-01 -3.265343532744454103e-01 3.163677863866016793e-01 1.431713956197427084e-01 -6.492017741851517920e-01 -4.835194748720535174e-02 2.560976658073967904e-01 4.419229430408622705e-01 -9.891000955418310925e-01 -3.018691671425581813e-01 -6.770000490920439692e-03 -9.005783070922158962e-02 -5.688475064077872512e-01 6.804800990486546963e-01 -5.146747466613257327e-01 1.369080990104589723e+00 -5.858335767977297381e-01 -2.802598430027843368e-01 -3.616201700105611122e-02 -1.222539275203447379e-01 5.609741444929502441e-01 -7.658131408646989824e-01 -3.321417708328655016e-01 4.050385658660271559e-01 1.251973297297698462e+00 4.875086654644063544e-01 -7.935482759245454654e-01 -1.543889285572977166e-01 -6.359619990443247106e-01 -1.585781921218847590e-01 7.205782009011483247e-01 -8.347963137494239516e-02 -6.811541189722332412e-02 -1.230523550111866371e-01 4.605847466099552423e-01 -7.026702720955433357e-01 5.271147968466987077e-01 -3.440661559183833679e-02 2.267454285425822558e-01 -1.027720542458459702e-01 -1.201396136343574755e-01 6.252252172670682562e-01 9.158992659251572466e-01 -5.737992086819886095e-02 -4.612172286059129656e-01 9.495434087296149295e-02 -6.776851144454670850e-01 1.338959673856591481e-01 3.310616760222098165e-01 -1.347216634126202454e-02 -1.371301894003519872e-01 -1.026535305651242319e-01 2.923806802516639158e-01 -8.428034282320849835e-01 2.422251745430535619e-01 1.009038582569775633e+00 4.626727944057630326e-01 4.573805131847251404e-02 1.521309036798806913e-01 4.434551353744498048e-01
2.011262650982325040e-01 5.789617171129599615e-01 3.650301062237456762e+00 1.038027537652594923e+00 -8.869919654627684835e+00 -2.367101428457013057e+01 -4.093663123961643890e+00 -2.623934567154642750e+01 -2.597711876442959422e+01 -1.011963946699244232e+01 1.498213770657930510e+01 -2.281019000183857059e+00 -2.151985558575622015e+00 -1.178858806422551808e+01 -4.509891706490249064e+00 -3.575158607340019046e+01 -1.606352731052219340e+01 -9.180659723897987234e+00 -1.099944827132099334e+01 1.924001188979671895e+01 4.881968700286257956e+00 -1.686144332823932501e+01 -1.366078101999311478e+01 2.249815327105791241e+01 1.451948463355517305e+01 -3.138968176483690797e+01 3.014482628888629501e-01 -3.192775139342892032e+01 -1.906092334611981798e+00 6.854521284254658120e+00 -4.478748251098824684e-01 -9.464625866769075913e+00 -3.325191175664710386e+01 9.552384413714028355e+00 -1.023431334013070959e+00 -1.979010496697848609e+01 5.974920618337272948e+00 -2.320026620947789908e+01 6.738855525778742361e+00 2.420426158913703318e+01 -3.994032121778494204e+00 5.739166430668339203e+00 -1.506153185019132579e+01 -1.967469728803802109e+00 1.366435531665675818e+01 -2.253131197882742853e+01 -2.215647008968110043e+01 -1.474860093371569647e+01 2.842907529990543303e+00 -1.300060128239020862e+01 -3.091060670500251018e+00 -1.051079010367887534e+01 -1.822753033463527217e+01 -2.482712909487703001e+01 1.571038211836612497e+01 -2.512592674022154071e+01 5.576204486800905302e-01 6.528399916310196893e+00 1.755239234400301607e+00 -1.029933190185013636e+01 1.448348352703342279e+01 2.055047382476276052e+00 1.978874257398363667e+01 -1.523358098328010968e+01 -1.930543357503411883e+01 -4.068129927158100623e-01 2.389017080119768366e+01 -3.223515281281352429e+01 7.385860106657792246e-01 1.295736861345239710e+01 1.043474976051232872e+01 4.504782509431414894e+00 1.324892403556820675e+01 -9.931135648424064266e-01 -2.146409052465273248e+01 -7.284971628825217316e+00 6.691597189829746384e+00 -8.050980390589549174e+00 -1.134741236814230891e+00 1.661377048707682214e+00 -1.849999518605888582e+01 -2.878979201582120950e+01 -1.039249999713069883e+01 1.186498118192267981e+01 1.801339226554938122e+01 -1.592090140963253653e+01 2.376177368473887164e+00 -3.236727612868772042e+01 -1.096255798918983082e+01 -5.442199826767435411e+00 1.039458858311184031e+01 -1.968205750447876667e+01 -7.576566951780275616e+00 2.400362522118520303e+01 -2.312374932648077142e+00 1.436214748513985562e+00 -2.950096579967838650e+01 -7.709077773022360525e+00 1.335627636809191188e+01 -1.420635435019256043e+01
5.735284819430446213e-01 -3.243448527386988411e-01 -2.423152504561596476e+00 4.001715488399564258e-01 5.222523579717957887e+00 2.353734265682621896e+00 5.889098171037294716e-01 2.761715623769238626e+00 2.669574182176811306e+00 9.492453076099020004e-01 -1.494375676008173892e+00 2.779003741880727851e-01 3.079923290261440960e-01 1.185923996877962461e+00 3.636060801768445372e-01 3.452989437997189714e+00 1.643770310942006985e+00 7.473605325443901659e-01 9.726456301004458016e-01 -2.053045062968894552e+00 -4.595225884810098527e-01 1.729952985073601068e+00 1.267854658675254820e+00 -2.229354757109360374e+00 -1.235797172134663224e+00 3.194027655784642317e+00 7.059465092620005600e-02 3.125610675451216736e+00 2.967492771584349931e-02 -5.693886638147058754e-01 -6.772320033570066941e-03 1.050094557743330270e+00 3.405527611807875665e+00 -1.004783380271105475e+00 -2.356368201159069267e-02 2.046136373504745087e+00 -7.471566124846579227e-01 2.494055913345861075e+00 -6.270226089630746014e-01 -2.270898780199106071e+00 4.734300881610537526e-01 -4.216273146266135141e-01 1.501662544321470616e+00 1.652832274050849148e-01 -1.268919320113425231e+00 2.374167691534133429e+00 2.348813845631581465e+00 1.438982766605978902e+00 -3.447382922293767971e-01 1.265049243552277103e+00 4.299436772749677393e-01 9.757008286933892549e-01 1.905837133946472584e+00 2.452762048202642653e+00 -1.335422681995698913e+00 2.463702958709030000e+00 -2.327999903147526528e-01 -5.580589038684372616e-01 -8.995109668210831549e-03 9.955276073223292554e-01 -1.580725018610599220e+00 -9.307730646021809828e-02 -1.927386854632463509e+00 1.610554009614910020e+00 1.922691262070996387e+00 -1.136668271642496050e-02 -2.253955214327061363e+00 3.218550440622058861e+00 3.022364667828774873e-02 -1.291074016767008725e+00 -1.063744686564885855e+00 -6.136697305255893742e-01 -1.377198122236017008e+00 1.320353383497865907e-01 2.219423627497765672e+00 8.927678171965961473e-01 -4.892576217298281738e-01 7.417829118025158763e-01 -2.810449203537638760e-02 -1.662752328161491711e-01 1.892685281641638184e+00 2.724258493348669763e+00 1.064463105133151233e+00 -1.034395355872143929e+00 -1.716960111520403176e+00 1.543676391483129073e+00 -2.247317829686355239e-01 3.161225200925968259e+00 1.253003227202430292e+00 4.265823086371303141e-01 -9.438726286886565120e-01 1.999064122631900364e+00 9.413918122499330687e-01 -2.147343883591720015e+00 1.015987834382872795e-01 -9.072336995927052228e-02 2.983002427139201718e+00 9.443630763582969712e-01 -1.189543693233927391e+00 1.536439037395060270e+00
9.024498834390766167e-01 -2.223487559548298353e-01 -2.393846105021904869e+00 -4.976506331678216544e-01 -3.788183049388496482e+00 -1.759068237486561159e+00 -4.764115995363139844e-02 5.857650184763587564e-01 9.170505937964797960e-01 6.315344510134653921e-01 -6.640328330366095377e-01 -1.271454612474096080e-02 4.925886174630275671e-02 1.988420060751831531e-01 6.463728963425009466e-01 1.669918771871414354e+00 5.809168570196737713e-01 7.552744688702759390e-01 8.854311628505650011e-01 -3.824928584397052078e-01 -2.010897963190679538e-01 5.866717468551899684e-01 7.588932216550342558e-01 -6.082607711111008841e-01 -9.614922815451960592e-01 1.092337830890398820e+00 1.282270000856486347e-01 1.414876702368360828e+00 6.149042235481914087e-01 -5.668962401664607853e-01 2.296523858258970041e-01 2.190532693085353588e-01 8.974098383876423224e-01 -3.951923603395897377e-02 5.279520952858246519e-01 8.401630742181741551e-01 2.124063879469550720e-01 4.889122135530315494e-01 -4.079799967601178967e-02 -9.833280851114429844e-01 3.818064092637011853e-01 -4.629174432543083362e-01 6.050902762901554377e-01 1.793284085797488547e-01 -6.240550542587094407e-01 5.940938746244682767e-01 3.759414418369841360e-01 8.349413109401467858e-01 2.427206182108187227e-01 6.826023799793856650e-01 -1.085981449207659710e-01 7.862539157079215801e-01 6.460402816979998741e-01 1.232077566241595035e+00 -1.034853475045074189e+00 1.007094000407156908e+00 7.278460692064432358e-01 -4.504857574218523730e-01 -2.144650275310393817e-01 5.305413456676535411e-01 -2.164224977974987529e-01 1.141488705317617314e-01 -8.186784875689382401e-01 4.586962329132689420e-01 5.431336660513773618e-01 4.881048373797186035e-01 -8.707626150588039238e-01 9.752795559430645911e-01 -2.203325603358541884e-01 -1.786549521139760566e-01 -1.371594090193048177e-01 5.315382225650370218e-01 9.963968401775527561e-02 -3.157502374350386609e-01 6.433259402843152230e-01 -1.184354525096228683e-01 -7.159129409455450288e-01 3.049073135184807715e-01 6.093436121781179438e-01 2.313314336881445721e-01 6.243550336184563454e-01 1.536984750056295201e+00 5.454913234461922222e-01 -7.664651821414179000e-01 -3.250819050134145516e-01 1.195014895375348551e+00 -6.525287366123797006e-02 1.487960393827203243e+00 -9.357213946686432360e-02 5.610242455972740405e-01 -4.342488109802324359e-01 8.053548124335057068e-01 -4.309122053250569184e-02 -1.187155021225090534e+00 4.024233244155208111e-01 -1.089315549211727213e-01 1.070011311690033384e+00 -5.584133872222755979e-02 -8.083801908664848268e-01 3.986359212957746312e-01
7.268235781011400665e-01 2.577115451172751204e-02 -6.056029479082949418e-01 -5.380760604627993215e-01 -4.406880974141471619e+00 -2.365345091596402050e+00 1.141916485599139497e+00 -2.471938336761133836e+00 -2.704125149075625734e-02 -1.406650735179753697e+00 -1.076363396855317456e+00 -1.430827878280165777e+00 3.196320447946919607e+00 -4.899365263747730737e+00 -2.335238571212086833e-01 -3.570654679970928225e-01 3.709090572368303196e+00 -2.037434261679725189e+00 -3.693746263184237932e+00 -4.498159416882112183e+00 4.903292088031260043e+00 6.388959043152597772e-02 -4.565348228298892197e-01 2.119567452258372953e+00 1.899381296607824732e+00 -1.499284110751176291e+00 1.303123446057979085e-01 -3.631481623303915107e+00 -1.349776399355492762e+00 -9.737215651008911399e-01 9.231214302798889104e-01 3.327273680040296888e+00 -5.618938852201515566e+00 -1.667681031146870829e+00 1.404686356216369836e+00 2.276124872027626367e+00 1.443353267197557299e+00 1.381587644394909109e+00 4.211407692787780266e-01 5.559469077884000576e+00 3.562957820083403337e+00 -1.822418117239544000e-01 8.195626289981381429e-01 1.983719903478629254e+00 -2.293143164198788497e+00 -3.639757103542977212e+00 -3.009652290820373111e+00 -2.060976374130336186e+00 -2.638696463303662920e+00 -5.124275575527740045e+00 -2.403818562662765501e+00 -9.190174518203290954e-02 1.698126184270118078e+00 -7.855838986142451574e-01 7.400373506188224759e-01 -4.589295429181356134e+00 -4.012794517882514733e-03 5.779287116812522607e-01 5.952243553283205202e+00 2.390626668616814943e+00 2.800378279572983686e+00 1.699173867803138949e+00 3.489115964560273397e+00 -2.570532475403674688e+00 -3.221565940459025335e+00 1.710472940203261016e+00 5.825504789560720376e+00 -6.117836473624151949e+00 -3.383933982494520265e+00 2.880918260610349169e+00 2.356000499203395382e+00 4.765775321662140129e-01 4.435223767344063539e+00 -1.151764375883912672e+00 1.493471584188117207e+00 -1.478668809717591071e+00 -4.066228177373695019e+00 -7.438054248756803766e+00 1.343660076696241878e+00 -3.246379804053276974e+00 -2.964426869804837938e+00 2.397166564820402801e+00 3.204123985874762770e+00 -2.031245157647088906e+00 3.084768897878197080e+00 9.240784121154603792e-01 -1.802485488298580241e-01 -6.774058081482621674e+00 3.241580200521418487e+00 -3.762351326490978920e+00 6.432699856948466133e-01 -2.582231345362574260e+00 6.968594497855639114e-01 5.206796290159833696e+00 2.151537525645031909e-02 3.047557653858670612e+00 -4.543011775920454687e-01 2.601037183348285264e+00 2.043028376432341808e+00 3.383091715155055024e+00
7.328841747209163815e-01 -7.754465845117408662e-01 -4.754835350941318595e+00 -1.799871500318150908e-01 -3.669602910229595727e-01 -2.604169291197379721e+00 8.978357390332923904e-01 2.626853077459381680e+00 -6.831004586192431782e-01 7.499258307385199274e-01 5.016136918553804058e-01 5.190691498647354019e-01 -1.427827217926675329e+00 2.116857088681332932e+00 -6.097741652457457778e-02 1.046306264116680651e-01 -1.740008664966760321e+00 1.445034325326050473e+00 2.636305889148452763e+00 2.678482268697437885e+00 -2.640233268648240816e+00 -4.380766814621602639e-02 1.171214043502730173e-01 -5.280129453332159661e-01 -6.479916936117742221e-01 9.658824731055288826e-01 5.961056516887534018e-01 1.942632723300088182e+00 1.562731186119048488e+00 7.087618333414501537e-01 2.154984319186484532e-01 -2.166485770898708196e+00 2.901983401764960391e+00 1.618800361425468459e+00 -2.867700113908626669e-01 -1.278577191370543931e+00 -1.345110219021008469e-01 -1.296008737335751615e+00 6.735559581044185951e-01 -2.244112817093800949e+00 -1.469587893576572268e+00 4.682814969125680404e-01 -3.757024903373331060e-01 -5.755761655698977686e-01 1.301175538651332175e+00 1.946786547645926291e+00 1.390687287653415094e+00 1.154532260533642996e+00 2.584978253197275588e+00 2.869302524598909443e+00 1.125667728047153426e+00 3.175398895229291640e-01 -3.927040526930986042e-01 2.747876034330470896e-01 -2.164462867277891778e-01 2.386979286280677570e+00 8.863379553020683810e-01 -1.051466682677076186e-02 -3.459830308513606401e+00 -8.519877414235302870e-01 -1.603417083228027895e+00 -5.287136202110676031e-01 -1.191407755275616376e+00 1.208638941406979805e+00 1.676640504537681320e+00 -3.378604270335580084e-01 -2.473389492973113946e+00 3.094779415474765205e+00 1.969653072836120122e+00 -1.792146173244378637e+00 -9.618159278084033037e-01 2.527534734748625445e-01 -2.360400427883257990e+00 4.868484195228117151e-01 -7.609975876720890264e-01 1.431576266307672096e+00 1.616757359917806003e+00 4.396315753875255083e+00 -5.199800710949101790e-01 2.080419092469346865e+00 1.976067376535301623e+00 -1.366058866970766283e+00 -1.679822652701674635e+00 1.214219259823898556e+00 -9.260901292618934910e-01 5.436116045807126707e-02 7.619564141391630407e-01 3.741258828452030727e+00 -1.385297254531125288e+00 2.568445612433285952e+00 -1.529994255676901393e-01 1.473533184639171267e+00 -6.566712715427812652e-01 -2.258267666655813688e+00 -2.725293696237286456e-01 -2.137161576660757678e+00 -1.362400557470051232e-01 -1.145720532501947941e+00 -1.549464051455202940e+00 -1.967971517971816686e+00
1.036664271595330034e-01 7.549267148754853496e-01 4.007128928931742884e+00 2.719555669916882135e-01 1.874508222072544861e+00 1.868073965675525194e+00 -8.671628552718161353e-01 -2.748445792334359705e+00 -5.436526369138547921e-01 -6.755797957534487308e-01 -4.630523053658111565e-01 -2.104265200069090347e-01 5.113555118721171411e-01 -1.115556621612566968e+00 2.907621517614800144e-01 4.243414698796409423e-01 1.105898889478502900e+00 -1.636338378297368612e+00 -1.972761977670396627e+00 -2.299330313194217545e+00 1.883240483296782841e+00 1.506542518712510048e-01 2.379778657804650921e-01 -9.329900105621101447e-02 3.331088964114133771e-02 -2.950944540774143587e-01 -7.978253429022404974e-01 -1.402908178868986999e+00 -1.775304143596242223e+00 -6.286091346078411801e-01 -7.681111039194228329e-01 1.822505895609789262e+00 -2.182087154050062594e+00 -1.408099969855362676e+00 2.812909564504204735e-02 1.344537948989377618e+00 -4.421329453742035565e-01 1.215153120597358471e+00 -1.276585414764636717e+00 1.183481682528564116e+00 1.149886450136285987e+00 -4.240566733861859672e-01 1.374238405891147485e-01 2.647596822329076338e-01 -1.246396250690019469e+00 -1.228118723330773099e+00 -6.666036017365787325e-01 -2.727368856282085252e-01 -2.497534474634645285e+00 -1.585006100196220569e+00 -5.935866614507732120e-01 1.215225603111691199e-01 4.192098502598567422e-01 2.044463805502829898e-02 -3.297327375587875142e-01 -1.400456453278119184e+00 -6.935480097644470820e-01 -6.853665225107771208e-01 2.605145880382015555e+00 3.621864774689373401e-01 9.495705315829026105e-01 3.073825869185817794e-01 1.087103556071468830e-01 -5.441268043757599981e-01 -1.108436926861336769e+00 2.733991762825285221e-01 1.794211025128012338e+00 -1.546357214683303338e+00 -1.351142702771699566e+00 1.697502810328655576e+00 3.949075483692404132e-01 -3.112809212982211582e-01 1.890006559517160678e+00 -5.196077342242507724e-01 5.656281686240018924e-01 -1.400840868063664146e+00 -1.476981929394276527e+00 -3.469105336347277468e+00 3.932467445262207706e-01 -1.428729000828082851e+00 -1.598985379553821362e+00 1.377297199436473774e+00 1.643403880670815997e+00 -9.160937854785426993e-01 4.361884703976018907e-01 2.452997615758735206e-01 -4.959250770518951468e-01 -2.574954138240586943e+00 3.718033219131798295e-01 -1.814999406040951335e+00 4.704456037750242570e-01 -7.176235086771571847e-01 2.049939601976335790e-01 1.043021684626503687e+00 4.931856290023584055e-01 1.412855552181712104e+00 8.083795136160416561e-01 4.644397563052271583e-01 1.268240459670503029e+00 1.384172848318725890e+00
7.137623177627042681e-01 -6.446593004401710569e-01 -4.715960532107514425e+00 -4.213125224562161986e-01 -1.719472303661487178e+00 -4.515456746987442038e+00 -3.543483888418994532e-01 -2.737718552459059929e+00 -3.150302158472538139e+00 8.539924695246750019e-01 -3.549264184042937753e+00 2.595325495732771603e+00 5.654639063156335688e+00 4.372391495625042701e+00 -8.161075033595579953e+00 -5.451108176844496889e+00 1.892390396037852529e+00 1.064162532368516523e+01 -4.685286550994481658e+00 -1.613069612208103631e+00 -4.919283379821892233e+00 -1.834766429018631628e+00 -5.984387580966082254e+00 -7.600803621626728734e+00 6.088959257004153969e+00 5.600766830068375057e+00 -1.975946407061485388e+00 8.012480404815237378e+00 -9.328209861928220548e-01 2.286794032577544211e+00 3.627532811489679321e-01 -2.432548493666847111e+00 2.198564128769735859e+01 -6.729775028964554373e+00 -1.287201446330645283e+01 -1.344651726408550729e+01 7.275930793535763108e-01 3.365710315307131939e+00 5.457922833641880800e+00 -5.367648438004674283e+00 -1.256646266387980759e+01 -4.730563708492640518e-01 3.591462393583970680e+00 -6.361202696529157485e+00 4.893900252580315247e+00 9.118257605650804010e+00 1.081798808411007151e+01 -1.258646740328903668e+01 4.767725915051475916e+00 -5.532904581808856470e+00 3.744707012318290729e-01 -1.499424075379924659e+01 -2.388030649778968950e+00 -4.675124564883611278e+00 9.632137289895004173e+00 -8.414182110333120468e-01 -1.983347199177105225e+01 1.548419502518157032e+01 -9.362198715750807310e+00 1.693184257753749478e+00 -6.500665433356102696e+00 -7.489419326184883374e+00 1.828109877232398039e+00 -1.522456444119999475e+00 5.315918554990489930e+00 -1.758209603352294792e+01 -1.819663780928396335e+01 4.736879737599767992e+00 2.664328686515123668e+00 -1.506737894351851459e+01 -9.832158369428382727e+00 -1.309866569707810591e+01 -1.949251552738995841e+01 1.294896707584043938e+01 3.117905657470535719e+00 1.131253107517074774e+01 1.856431543427355280e+01 1.135300653042712327e+01 -1.398990925292896215e+01 -8.157922047967620216e+00 6.546996680625317921e+00 -1.313925478821586701e+01 -1.393845507836737596e+01 5.977374628584723126e+00 -1.228658383629553441e+01 -1.497209690418337225e+01 -6.539244796273152360e+00 6.668842663557611239e+00 1.881902757011123839e+01 -7.985369814333380667e+00 -1.568426628673627476e+01 -2.599294522713232691e+00 9.910622387027579805e+00 1.924522884171941728e+00 -1.007061018862736290e+01 4.278304914914428991e+00 -5.895095694648459173e+00 9.978166709484309393e+00 -1.796054851398075011e-02 4.702039906735032027e+00
8.135442632750990999e-01 -6.970245027303934027e-02 -9.866767580527828763e-01 -3.055274477899345698e-01 -1.735403173869600746e+00 -3.124860152067562513e+00 -5.120607903763281232e-01 -2.285503965323908204e+00 -2.018985204411790857e+00 -4.389538418117677754e-01 -1.166972536921112358e+00 -3.778202152222154830e-01 -8.205681993788407347e-01 -5.279257264399159766e-01 1.225468571070528867e+00 6.914826086137312311e-01 -4.340615337636173354e-01 -1.529193686925798934e+00 6.490635857430432365e-01 7.624345238385148438e-01 6.635633670549795360e-01 6.062362724861380947e-01 1.228769633287213336e+00 1.240055732506075037e+00 -6.381464878268050533e-01 -1.390664766896791305e+00 3.335086197110365691e-01 -1.271674061493382579e+00 3.924564036863661953e-02 -2.224104506314910842e-02 1.806909136131269467e-01 3.074546211619458291e-01 -3.911660760259494385e+00 1.178811917778742613e+00 2.340224124874366929e+00 2.496372541406640888e+00 6.276967098609954887e-02 -2.177034096528518980e-01 -1.144115661987337385e+00 1.055979680384634634e+00 2.110206009441816910e+00 2.321912026976961640e-01 -6.957010893922356276e-01 1.218943799468819478e+00 -2.950890198645649831e-01 -1.500756030210270486e+00 -1.800806434945489309e+00 1.940523671030270236e+00 -1.246254239704881916e+00 7.559271523089182709e-01 1.658208911410050945e-01 2.352980924859488177e+00 1.383275365089990938e-01 1.059490321939338786e+00 -1.368404058116160948e+00 3.005397695717686446e-01 2.893414678030854947e+00 -2.499420593978777028e+00 1.987452680668939653e+00 -3.781336671584475950e-01 1.332829834963339621e+00 1.137767084767004944e+00 1.273054928545338804e-01 5.707182541206503590e-01 -6.472962587668890100e-01 3.095552043448910329e+00 3.009302335341569989e+00 -8.562452730303434789e-01 -3.868308226243716841e-01 2.430482525801549887e+00 2.086969360357685321e+00 2.143271220913215203e+00 3.064980986651768546e+00 -2.054954806750331819e+00 -6.055989844823740365e-01 -1.618556761397538013e+00 -2.682815976707010108e+00 -1.784279195033565468e+00 2.112306249364416022e+00 1.485115683160161959e+00 -1.312061912800562169e+00 2.210331717480817915e+00 2.377305823984064759e+00 -8.092968610326572998e-01 2.132824849606628881e+00 2.389860947696127447e+00 9.159933186918988168e-01 -1.057519931702463722e+00 -3.057906469141737471e+00 1.196467820387898673e+00 2.797757530686604710e+00 6.282756619386258290e-01 -1.522722942509028288e+00 -2.697456951527220648e-01 1.685260506597364927e+00 -2.658435058747767865e-01 8.656346256340304857e-01 -1.496386375578108163e+00 5.346948529850967802e-01 -1.065685049596660994e+00
3.121477744780293273e-01 4.188914675921450170e-01 2.706819167751204347e+00 4.771525152136715242e-01 4.051139793790031973e+00 1.205645545492054271e+00 -7.076490997861969445e-01 -2.097106349999881214e+00 -2.148573519480283966e+00 -5.450733474938733725e-01 -2.678672550368744965e+00 1.018082830296932251e+00 7.612700905563637832e+01 -5.988062592144567731e+01 -6.440385319195864611e+01 -1.548850802555998563e+01 1.005081300251066807e+02 3.630204612413476895e+01 -7.683505379152292392e+01 -9.272853974471237848e+01 4.064278004450135029e+01 2.542671510787879186e+01 1.328830927800452955e+01 -3.422304458637900382e+01 6.489128993043959781e+01 1.274086766448120578e+00 -6.396794147098964345e+01 -1.959596506623462631e+01 -8.023041755959449972e+01 2.636567028669991153e+00 1.788793843849382625e+01 4.464522785771314517e+01 -4.909076403875898365e+01 -4.401367390078047492e+01 -4.920993813213068080e+01 2.241594958671051785e+01 3.552559832854192479e+01 9.298401814429432477e+01 -5.536932192577129541e+01 8.209020126289644281e+01 -1.361900795231904127e+01 -2.739064269760256565e+01 2.789725788272888352e+01 1.726216552385606207e+01 2.693628233507811132e+01 -2.397152872008391000e+00 2.696040788732576132e+01 -1.156025139959198356e+02 -1.255996096951148218e+02 -1.193905089935697248e+02 -2.652896365741567308e+01 -6.599239178432181063e+01 3.178723269648819993e+01 -9.358451532974713771e+00 1.746771738773492544e+01 -7.862824045438941312e+01 -1.491931355448542433e+02 3.120119033522276197e+01 1.028403139958905399e+02 3.881683034670898991e+01 1.751483133580016016e+01 -3.973825294245060746e+01 7.938278155140422143e+01 -3.661158307373320042e+01 -4.144633598645654615e+01 -5.900958803327749536e+01 1.176750106829994458e+01 -7.944663903977647657e+00 -3.337014901223007968e+01 3.720693254761298530e+00 4.723757679169369617e+00 -5.686058004505474628e+01 -2.414141340099166655e+01 7.993146733984515606e+01 4.596090762847151012e+01 2.243717568545383401e+00 -1.830880631217454280e+01 -1.089464261074715239e+02 -6.214026303442448551e+01 -8.718650644988906606e+01 -7.017651808047298800e+01 2.110363779531075679e+01 3.968069944198200005e+01 -3.701718566785864084e+01 -4.764553433506842595e+01 -5.921295951528724544e+01 -4.378269729734972771e+01 -8.942313683837497251e+01 1.225007262940975465e+02 -1.101731153055408043e+02 -1.645528608817115312e+01 2.632447677649034645e+00 5.174678119868008963e+01 4.695465730871417520e+01 2.157370773277434317e+00 8.394310792914134822e+01 3.133816032260855522e+01 1.069016105619922001e+02 1.114198631635258323e+02 1.954077638475739676e+01
8.090475898386753073e-01 -7.432717139774350779e-01 -4.660626026726511384e+00 -1.862123918239028120e-01 1.840262708700097782e-01 -4.424284971185838522e+00 -3.288053706360239969e-01 -1.716562951304904328e+00 -2.746738424880186713e+00 -1.218381500585929977e+00 -5.869105567785571687e+00 -4.344478967136645720e-01 3.666327457858343308e+01 -7.271641543984538325e-01 -8.153017099176576021e-01 -2.096637730373088482e-01 1.256215663292988616e+00 5.144404704128962003e-01 -9.891506254897420858e-01 -1.131284395530353537e+00 5.050041987659141807e-01 3.603044958029045786e-01 1.936326643916060630e-01 -4.532853835599290337e-01 8.692929192582761200e-01 -3.450717659739510265e-03 -8.008234871400776722e-01 -2.322464404272692740e-01 -1.019505736482784197e+00 8.064607330030920673e-02 2.397276293995292962e-01 5.744798716517670600e-01 -5.840161049387061487e-01 -5.961948433127466362e-01 -6.052620767105151289e-01 3.048189335536646283e-01 4.794118235111608506e-01 1.199335612374158311e+00 -6.959121220628656790e-01 1.041831036486345008e+00 -1.692337543154460167e-01 -3.450473462078723075e-01 3.650732315100850833e-01 2.283207044916187034e-01 4.007814167996642252e-01 -6.888761790567469318e-03 3.551557204403654189e-01 -1.494116245667565623e+00 -1.612515797680251106e+00 -1.517906015873646153e+00 -3.145434061137287185e-01 -8.756622702937886249e-01 3.732970910653727326e-01 -8.157800119484716339e-02 2.662785946435969331e-01 -9.855030371490189900e-01 -1.943934128960975061e+00 4.450273127240419457e-01 1.335626254396533374e+00 4.918340207363982031e-01 2.511802123568243617e-01 -5.010195722875642188e-01 1.047771533990752513e+00 -4.024626089556609387e-01 -4.900128537644314886e-01 -7.558629824314559986e-01 1.104449600835517853e-01 -9.934237459181673169e-02 -4.253191880000006808e-01 2.580736234483298197e-02 8.720861445758248953e-02 -7.454991979395135804e-01 -3.311733845571804280e-01 1.048256180062375531e+00 5.728557134058307465e-01 1.010083324687316431e-01 -1.586856601257974897e-01 -1.355772252518844478e+00 -8.222183268782092824e-01 -1.097355840175655350e+00 -8.890531957621657932e-01 2.705023084065325545e-01 4.802008808560657704e-01 -4.395627077693456397e-01 -6.001818965172851517e-01 -7.463633358128330952e-01 -5.737114521198750650e-01 -1.090508545088948456e+00 1.602904858902843399e+00 -1.424159010350108279e+00 -2.389323692542946742e-01 3.179931681291430640e-02 6.913919534424964874e-01 6.003740588086166063e-01 1.532928252785876154e-02 1.115114902536348040e+00 3.645466993278173584e-01 1.371034289864729860e+00 1.466919676702159503e+00 2.665881545793388763e-01
8.550430611545439818e-01 -4.236562561355400325e-01 -2.868615726235321794e+00 -5.484630418952995967e-02 6.832779439509630848e-01 -3.455518800310971805e+00 -1.947985866031272106e-01 -5.768521666035250073e-01 -6.262451027361861655e-01 -1.723020491587175518e-01 -1.830719088451462584e+00 -1.363923281283017985e+00 1.035776922125905628e+02 -6.567766200209464778e+00 2.562856990091431086e-01 -2.815218182283982795e-01 -9.539537690598032249e-01 5.221780220749723256e-01 1.235008375391152130e-01 1.233845093001703530e+00 -5.760632814365932441e-01 2.298642390953240244e-01 2.787936956614481265e-02 -2.349753478999774825e-01 4.023837747499878215e-01 -1.040070369491957747e-01 5.540656773930834333e-01 4.798332196654939708e-01 3.283309087207709198e-01 6.804683605754197062e-01 -5.793631552686318714e-02 -2.922400205498810188e-01 1.337957282725444230e+00 -3.778902075463183574e-01 9.739977301333410664e-02 -2.776415674736152917e-01 -8.430366271192769531e-03 -2.638130989236667778e-01 5.414786741193732267e-01 -6.616285674764533775e-01 -1.631414776196102034e-01 2.429178520581471157e-01 3.552389817485748780e-02 -2.290571122082548372e-01 7.999188456707744255e-01 5.507051942074291384e-01 3.040726655308980120e-01 1.046178235897388120e-01 6.253317419990350734e-01 6.250968087580479615e-01 4.484497348749454937e-01 -5.524891101571554053e-01 -7.611736469105273573e-01 3.759634661143429479e-01 7.891157098750144483e-01 5.759052891230685978e-01 -3.217869217215589273e-01 9.431137040642437741e-01 -5.019585718537890040e-01 -3.962433664184356608e-01 5.752304404740422178e-02 8.711519799876764336e-02 3.900744353413215793e-02 9.977447426487277005e-01 8.711559898099946464e-01 -1.688827992522462240e-01 -9.654654208225780243e-01 1.624494226750905490e-01 2.754192492735412778e-01 -5.835134163521354944e-01 4.506955727070831481e-03 -3.441189374028739700e-01 -6.664678714909549884e-01 2.152153573372490025e-01 -4.075357857163154907e-01 1.223158423753537116e+00 1.719433189958937680e+00 1.349353190027101856e+00 -4.780494897751316752e-01 5.228529259852775501e-01 5.919514503107026204e-01 -6.832107155478787108e-01 -8.945342705923532423e-01 9.907248108919709528e-01 -3.934950709040279174e-03 -5.275208270460051037e-03 -1.955368497977829634e-01 1.253202300314415263e+00 2.408584109442863941e-01 1.381715380792889747e-01 -6.212716745899593551e-01 -1.872966548421721167e-01 3.982354986463847446e-01 -1.756824916080004517e-01 -3.993976647481002895e-01 1.784710443191442619e-01 -8.094180961240601269e-01 -2.749961020555553581e-01 3.336239462495429325e-02 2.355791001502598458e-01
2.467075142411279121e-02 7.978971382836621551e-01 4.933284675027103106e+00 4.022985030175796339e-02 -1.037853284287034716e-01 6.188849085146834739e-01 -2.634999557984138985e-01 -1.014909091951343267e+00 -6.907346235108328125e-01 -1.427550905626945865e-01 -1.344964577803148265e-01 5.603206991669082981e-01 -4.202732914879209858e+01 3.540396381453580155e+00 1.067762592779629260e+00 9.343322357631985042e+00 3.161997609066066417e+00 1.593310656922070478e+01 1.691563381557154955e+01 -4.977241153434092347e+00 1.024912292672954983e+01 -8.442176469560600083e+00 -5.879332642489369931e+00 7.793615838329123413e+00 -2.338042369291656097e+00 -5.586537253317740426e-01 -5.240568127141282062e+00 9.011747430929915481e+00 1.359159533109160023e+01 -1.121084322966042635e+01 4.433538431692959136e+00 -9.260371945679844785e+00 1.479982845584000062e+00 7.319219696892572458e+00 3.623751162073452381e+00 -1.407108927028559187e+01 1.665954936746661375e+01 -1.380281451060324116e+01 6.492674115716857486e+00 -9.011129009844475846e+00 1.503301610886931539e-01 4.666107420708742737e+00 1.010773807072051111e+00 6.018301249395937580e-01 -1.330868053464470346e+00 1.079359316492211729e+00 -3.000327003492515132e+00 1.006783252813796281e+01 2.015396366185548160e+01 7.025482787674255825e+00 -3.152031834471515470e+00 8.285766222670462255e+00 -3.295023637712376718e+00 -8.675928661483400361e+00 -5.860683067796165879e+00 6.896060442898674481e+00 2.249046074328721545e+01 -1.337344240453749666e+00 -9.854104851187967640e+00 1.248149912687597585e+01 -2.242242611661987350e+00 1.067752784968305235e+01 -6.482519227305875376e+00 -9.188915686220644474e+00 -3.686046596325511349e+00 -8.174319432966729693e+00 -2.160645906719670162e+00 7.890994531437915960e+00 1.143832988787979055e+01 -1.992978413770223334e+00 -4.720661619670604381e+00 8.063443495074126943e+00 -5.144390322408505689e+00 -8.155746452482151909e+00 1.212039513095494625e+00 -1.732540146586962759e+00 2.967557424673422428e+00 8.088303049363370079e+00 1.182769452564429713e+01 -4.762488047974972605e-01 1.052609177160961451e+01 9.234591369234113500e+00 -5.662448499492946041e+00 -1.555043910768030058e+00 2.027918403272371162e+00 -2.580437360956224779e+00 7.216710177249395564e+00 4.944852149243916806e+00 -8.913191554145297957e+00 7.297576635511221710e+00 -8.362141359322979639e+00 4.902346493166206187e+00 -4.019912681777078944e+00 -6.358356003978432369e+00 7.888433647245359559e+00 3.591561595995374834e+00 -9.661258846259590527e+00 1.209661339445484929e+00 -1.175943529749970651e+01 4.030103352165977704e+00
5.112375922819469842e-01 -5.243995754222010586e-01 -3.411108354337779147e+00 2.265375107418889922e-01 3.646735768493643448e+00 -2.772455335549036004e+00 -2.944421472462928069e-01 -1.855720145740364257e+00 -1.766132475786367451e+00 1.678966521277288626e-01 6.837171325886307605e-01 -1.386312523819237530e-01 9.530475375642687652e+00 -1.348554646613914887e+00 1.282035631030340239e+00 -9.375913893223520645e+00 2.877720752776783963e-01 1.911071674556132693e+00 1.964598751191370285e+00 -6.533518664492314887e-01 1.187624120218609303e+00 -1.046753458660639513e+00 -8.452330317967816642e-01 9.650811338122627925e-01 -1.987470247245244626e-01 -1.276436473362547452e-01 -6.034335620541974032e-01 1.089610861930615071e+00 1.658153259695870352e+00 -1.405583031795339943e+00 5.343403443328144098e-01 -1.212562626289133583e+00 2.998022382718599221e-01 8.705777394139284642e-01 2.871658383455816810e-01 -1.891239017854135840e+00 1.957305143437167327e+00 -1.668171402647060209e+00 8.823755442168068619e-01 -1.137296787406651299e+00 -1.077675657747427518e-01 6.079257098717663066e-01 7.935232723704269131e-02 2.374193832902130388e-02 -1.124560136352731055e-01 1.449029831617848207e-01 -3.382791581368050915e-01 1.117610158846368051e+00 2.509879108904935929e+00 8.258388480750609162e-01 -3.256677437864549107e-01 9.011776863390958958e-01 -4.640421005897126250e-01 -1.101930900940586655e+00 -6.037045319402972732e-01 8.313207887538892615e-01 2.572098344042650808e+00 -1.005699511921290396e-01 -1.263016224680874933e+00 1.515014463171762360e+00 -4.214593195374140566e-01 1.293048771839470090e+00 -8.676725298486408500e-01 -1.151974190742781179e+00 -4.700009167382209196e-01 -1.165332391028066183e+00 -4.039091064444966794e-01 8.653346791955488504e-01 1.479576990030946115e+00 -4.016119571678749556e-01 -6.504676207909302343e-01 8.412293126757020012e-01 -7.604204622457673146e-01 -1.005458906182377321e+00 1.197810271942076760e-01 -1.391792079795771409e-01 6.131683876259895749e-01 1.004608220746159519e+00 1.319436643817387678e+00 -1.081851105314916017e-01 1.396572841095951034e+00 9.671748819484046189e-01 -8.721771485434595128e-01 -1.193532463088652767e-01 2.475362492525788050e-01 -4.932499709386520270e-01 8.161339164516705491e-01 5.571219646168125150e-01 -1.032717172512399806e+00 8.328770790538641000e-01 -1.135949780912636431e+00 5.060328258118146350e-01 -3.755991845834865672e-01 -6.525172880358924843e-01 8.615187183912036417e-01 5.288219976200941863e-01 -1.300283904476055463e+00 1.721059889116166863e-01 -1.481903539814004800e+00 5.118766005815910125e-01
2.854954195626102642e-02 7.624952937787791152e-01 4.754049108118231004e+00 8.987577355983095151e-01 6.789408185655073424e+00 4.394884254714077620e+00 -8.031750569420496033e-01 -1.618600286570932134e+00 -9.947243171248741911e-01 -8.461164317509541899e-01 -3.703370612773229098e+00 1.185557728909859554e-01 -7.133742884796309802e+00 2.942929056168447133e+00 -1.444812688979873139e+00 1.319061927013858337e+01 2.967466546988196896e+00 -9.298395303064658224e-01 -1.349591773265337968e+00 1.959122353750832740e-02 -1.529936126710088051e-01 6.842358273021620363e-01 6.848332109654272637e-01 -1.109052843712869274e+00 -3.398540411106091286e-01 4.310421587644087671e-01 -3.730469610489724475e-01 -5.368394430936116457e-01 -1.504659054662986106e+00 1.078167915840620106e+00 -1.538551998833375400e-01 1.093242922182425358e+00 -3.417446665103552883e-01 -7.538417326987846279e-01 6.009959789690740017e-02 1.411824300325426051e+00 -6.887463900741104261e-01 1.644780729056114943e+00 -1.256036184135940204e+00 4.947259485741256624e-01 -2.437136906392572966e-01 -3.328194796247639364e-01 3.088811398093558869e-01 3.859442849714098123e-01 -6.487579062638466620e-01 1.321280406841360000e-01 8.302370063831072677e-01 -7.134779904866631606e-01 -1.999815303302694636e+00 -1.335510337115600743e+00 -3.535862841615569629e-01 -1.749078056605329334e-01 9.045520505114030829e-01 3.348939948158591307e-01 -2.085426079192048421e-01 -6.501868539702175820e-01 -1.536066059929494410e+00 -2.200447767282330824e-01 8.890189178758797217e-01 -3.159194268406429473e-01 6.684438372090268921e-01 -1.647401115530779503e+00 1.050190724266129028e+00 4.184562055472120234e-01 9.141495835885168342e-01 9.516614714700785127e-01 2.498524826300505541e-01 3.060581839569653240e-01 -1.143836738005357123e+00 -3.427256797331184462e-02 5.608353165331331214e-01 -7.442616966155819469e-01 8.936434069515912168e-03 1.555092450944169480e+00 1.001264334253819666e+00 -1.107924986102218762e-01 -1.773830286496991482e+00 -4.720303855943069338e-01 -7.382525932878823971e-01 -6.915732349174704696e-01 -1.069125362558486447e+00 -6.997958457186359560e-02 1.066597679735887150e+00 -2.667946176571651118e-01 -1.353894817705076248e+00 -2.258211147313135270e-01 -3.195036530710577138e-01 -4.663992617427195619e-01 1.275300436845554941e+00 -6.411587357713313118e-01 9.431357042203145635e-01 2.696558567479757640e-01 -3.844077937967154135e-01 -2.432868018874182470e-01 -2.416560324930062398e-01 -3.354101158830953278e-01 1.737595354791505731e+00 8.502631051219988745e-01 1.103787710730503857e+00 -6.614120383611223897e-01
2.960928181187461039e-01 -2.929661950520437430e-01 -2.064960675324464923e+00 -3.411111196901593923e-01 -1.766638373382668492e+00 -3.529164643128580803e+00 1.581597568883638671e-01 1.053376127270677642e-01 -5.051042946215937857e-01 -1.828811193635215826e-02 -2.400873818761223855e-01 4.467219667096742342e-01 -3.421625451252995731e+01 9.715754142798863624e-01 2.420368192388257178e+00 -2.136737115240461549e+01 -2.209215276058015931e+00 2.033754253777683374e+00 -8.108826396748234355e-01 3.084062984734035062e-01 8.715803293112894812e-01 4.352190149957520515e-01 -3.383995919402460473e-01 1.054585708868919447e+00 3.682698295235628527e-01 -1.482806234323828187e+00 -1.382047518186704793e-01 3.783548649676786169e-01 4.736072602522755082e-01 -6.506666565740731878e-02 1.291317828589633177e+00 -1.918564967722968806e-01 4.632909224835498052e-01 1.345077073822523728e-01 6.119661924323632762e-01 -7.516284102538198786e-01 1.858226928856837157e+00 9.290646879229654820e-01 1.074910748385000892e+00 -5.845178287521748395e-01 -1.232580520507836175e+00 6.790738878935104195e-01 3.638152855817741727e-01 1.218105243733608178e+00 6.810981572278783647e-01 -5.015938612825328324e-02 -1.625773752289228977e-02 -4.927675267174432827e-01 9.432085214649080784e-01 -8.530422582859759073e-01 7.237383985248946328e-01 7.277404570272648643e-01 -3.104026265696574471e-01 -2.900150146455529598e-02 1.082443946252847011e+00 1.001440179146831255e+00 -1.002844302684741951e-01 -2.692367617963073445e-01 6.980714977822576328e-01 2.270734401196650598e+00 1.283182904738197627e-01 7.348706735217964969e-02 -8.160952689254667713e-02 4.651567895429149502e-01 8.076516365417880650e-01 -1.122881411417917114e-01 -1.272684359579733471e+00 -1.392929478777156671e+00 9.728853146903374549e-01 -2.013744609397060348e+00 7.085854087944246649e-01 -3.793094492510366567e-01 -1.098473490967568855e+00 6.290733328373036004e-01 1.398168215505084744e+00 1.200320309264930385e+00 1.365289717976785333e+00 8.356077089161306759e-01 2.355521727954139055e-01 -3.664240715100255397e-01 1.523899922155620423e+00 5.718946720894126923e-01 -1.561819370972359122e+00 5.060371130134958539e-01 2.988327123288349041e-01 -1.780592475791608287e+00 5.957708524730508104e-02 3.668348475196113734e-01 1.253782812040408867e+00 1.839417065929369322e-01 -7.553133907658040602e-01 3.159876875293890497e-01 8.142144490427527526e-01 9.288514557298324092e-01 2.441769586324479824e-01 3.229976560358097437e+00 -8.007388298446220798e-01 1.650787307980954743e+00 -3.742425859308244340e-01 1.829672126793983333e-01
1.133102872275466577e-01 4.900585592756853126e-01 3.365178954501807596e+00 8.181416791888374007e-01 6.919160254495715812e+00 2.245709858464654651e+00 -7.308394900705945663e-01 -1.477908782540600319e+00 -1.225344512374362482e+00 -9.462353537365082445e-01 -4.657177428708147993e+00 2.639391799720416376e-01 -1.766303518426432717e+01 2.556233603206000904e+00 2.426391314763740592e-01 -1.924957911701959512e+00 -7.067161197782572124e-01 -2.142842436944516482e-01 -5.990249249575985147e-02 -9.219777160705520114e-01 1.750310683713594551e-01 -9.162416396219691395e-01 -1.029011193688124659e-01 9.676594462582137346e-02 3.315991730365192569e-01 5.590138198113032697e-01 8.710755289334866092e-01 -3.515953147591985295e-01 7.927323847047788863e-02 -7.514484639704143154e-01 -9.392569466235070053e-01 2.130813548820079950e-01 3.336932203233052840e-01 1.001920671208267333e-02 -9.685758149301243458e-01 -1.982251085269394475e-01 -7.371336562550300231e-01 -1.485087106923935529e+00 1.301706307218267744e-01 6.731546849550568146e-02 6.939079918977658634e-01 -1.507506987678536303e-01 -3.534689817026986924e-01 -9.799463649167132751e-01 5.100226226394221074e-01 -2.250078255389678372e-01 -2.092836626057940075e-01 3.467365672669465160e-01 5.758252318505555634e-01 1.018498277087277026e+00 -6.669374087990090905e-01 -4.177636286301733559e-01 1.915472571075066410e-01 -4.823917498685625915e-01 -2.836684018940407448e-01 -3.095844754407950927e-01 4.539473606522622662e-01 5.767005006260508271e-01 -3.722906496765233664e-01 -8.273176555412313782e-01 -2.750017165035986699e-01 1.710175790225264780e+00 -8.931420519872096397e-01 -6.579650222951289873e-01 -1.310441406104376982e+00 -8.276962741004362245e-01 1.993844171066523618e-01 5.712686163403978279e-01 3.124933215264662500e-01 2.064180893763909896e+00 -9.577008533149775626e-01 8.620332659869586189e-01 1.308200214683696627e+00 -6.532508113217915247e-01 -9.320565152892510419e-01 -6.147552421506811138e-01 8.400592884952724493e-01 -7.271639300756062019e-01 6.336414716226950183e-01 6.500794367009612440e-01 -1.727722356847806173e-01 -7.552307518824966648e-01 2.797988450358441792e-01 -3.314134994911481780e-01 7.333361741166698478e-01 1.136787720531280410e+00 -2.177270891527663954e-01 -4.598445817152479465e-01 -1.036551498034680163e+00 -3.439159084681197437e-02 -2.980973081109944967e-01 1.321539720388913430e-01 8.424702037685406486e-01 2.335006008533017929e-01 1.771630564573988334e-02 -1.044568270375482832e+00 -5.860308019154225612e-01 -6.982599709095256291e-01 -6.079431873640332024e-02 1.048748201397015967e+00
5.814756329508907751e-01 -5.848094353991926120e-01 -4.120517805329817485e+00 1.807407573189545591e-02 1.125736522457481570e+00 -1.647752016514331341e+00 5.757434016814282352e-01 1.896845531932674689e+00 7.665657715600017186e-01 -1.220245390763463611e-01 -3.823541149613536305e-01 1.939710762502083741e-02 -4.888070626201720392e-01 9.774618581478290436e-01 2.305499285144826938e-01 -1.960016063070059378e+00 3.191750568988911407e-01 -2.190573843194291714e-01 2.185159688625834540e-01 1.662780307302887506e+00 1.783929405247897115e+00 -1.984367703496403568e-01 -1.068139037826001392e+00 2.290797176493825305e+00 -1.092205608267200478e+00 -1.946941057311039724e+00 -7.223505173437023696e-01 3.649042986431796365e-01 1.594136914800128091e+00 -7.100256920135860073e-01 1.138798992593008874e+00 -2.843413412810022467e-01 4.688235871525740506e-01 -3.770197287592697011e-01 1.185929552565146095e+00 -2.014488615929191706e+00 1.122882105544710241e+00 -2.949331036450727472e-01 1.671360392201679312e+00 -1.422829269201818070e+00 -1.226810162435636009e+00 8.503332146705657735e-01 2.705173824650223269e-01 4.731540021726335921e-01 -1.640618419995192756e+00 -1.066766596590419613e+00 -8.647190185946874719e-01 -1.220898186241541894e-01 2.395279643170752593e+00 1.258577363576690311e-01 6.315797114168613113e-01 1.184396976480702746e+00 -1.912078822613851314e-01 -1.200395991022783493e+00 9.177077733595512266e-01 1.281530160189352063e+00 1.653046527343859040e+00 -1.050436511311888310e+00 -3.121233724443534530e-01 2.327245511600596561e+00 6.252985174190113238e-01 7.931483472904955478e-01 -1.908873609738776789e-01 -9.218301771969150682e-01 3.378509872590498841e-01 -8.062293124918449294e-01 -7.496480675988497211e-01 -1.640212161498451726e+00 1.127159520649346103e+00 -1.550669024835920062e+00 6.982054544837189292e-02 5.111034750643015379e-01 -5.175264980485501098e-01 2.758111831332953415e-02 9.168636590517845741e-01 -1.292291484036309113e+00 1.882805300837547158e+00 1.574218004843982666e+00 1.876545247332015887e+00 -7.766918530694255640e-01 2.263406668922457232e+00 7.656556777806476921e-01 -2.240510699117356008e+00 1.774156566920461198e-01 5.354911064589835956e-02 -2.041973714752366220e+00 1.162597703434818719e+00 -9.792762759842291720e-01 1.041979976584757051e+00 1.208366772058514504e+00 -1.241458011684706042e+00 -1.468482632660201181e+00 1.250878978062389957e-01 1.018873292515956042e+00 3.575536135027591600e-01 1.914115993195522947e+00 -1.943300318828206974e+00 -3.174661212690945145e-01 -1.226841971582363744e+00 1.665119444917020797e+00
1.176314434263399100e-01 3.472799538989232437e-01 2.083791831696735208e+00 -1.007919558197545307e-02 -1.345162075823015391e-01 -3.403137588437268324e-01 -2.516175133380567641e-01 -2.583239302990607555e-01 1.836386129021688740e-02 2.737136436499544301e-01 7.328179468718452050e-01 -8.640824445885267879e-01 6.567196377520356521e+01 -5.508077669019387557e+00 9.732080816662320721e-01 -8.625187282845269365e+00 -8.828142467043962327e-01 -4.150704020870452648e-01 -5.210773617442111538e-01 -1.730776847366929383e-01 2.670903873810750451e+00 -6.657452954796027056e-01 -7.209033072910552287e-01 7.895805233871988627e-01 5.867932004552628422e-01 -2.795502766299176600e-01 2.284604361789697724e-01 2.847749176863947906e-02 1.645114139631040917e-01 -2.116296579182037063e-01 3.901082740964270101e-01 -3.619553263813877764e-01 4.282375759166163198e-01 3.551095263853235040e-01 -6.810377798023610207e-01 -1.605064517292778214e+00 2.347130641202668511e-01 -6.196717351297369447e-01 1.092354373104257093e+00 -4.676285610395628511e-01 -3.166328570474245541e-01 3.720063884222382100e-01 3.534010875804839968e-01 3.581634408663544877e-01 1.110734506760322794e-02 -1.689689794823501581e-02 4.053449556495392764e-02 -2.245651003049389458e-02 1.299323149174625769e+00 2.665610201721489020e-02 -3.423505414611455744e-01 -7.483048852046923771e-02 4.803623403846299378e-02 -8.693748207809032236e-01 8.354044387573101860e-01 2.365487140023830870e-02 6.098772927495144103e-01 8.519863364759311386e-01 -4.136719950909264476e-01 9.179601740105711727e-01 -1.714181870736955215e-01 1.009910721348676654e+00 -7.834240230136393368e-01 -3.601908197871342421e-01 -2.998948870291013313e-01 -7.072502803411686578e-01 -5.517992065156869519e-02 -4.137894138398098276e-01 9.833442125616989049e-01 9.951216260886906750e-02 -4.877565891914452667e-01 -1.316705644403296238e-01 1.991046896792189047e-01 -3.827973328784593510e-01 6.737666492851341893e-01 2.649720568386667585e-01 1.429997401651831312e+00 3.188900903270656118e-01 4.294940035608781348e-01 8.585282308221937886e-02 1.448674446781408998e+00 -9.512681190801747233e-01 -7.986925261650157370e-01 1.081634502533696640e+00 4.783224152662598483e-01 -8.114397603068193021e-01 5.606156288209617616e-02 -7.637559461751487477e-01 1.474536629630951723e-01 -1.663233627231422984e-01 -8.602042832073801826e-01 -3.589198921947904242e-01 6.178111250721656234e-01 8.806686703796303695e-01 2.983473200248317747e-01 7.686653771233594723e-01 -9.294626134412967700e-01 6.716688587123708087e-01 -6.792764633696140031e-01 7.801899045998770266e-01
9.490704797611051458e-01 -8.833709339483004630e-01 -6.397126148080383601e+00 -7.574568533613138532e-01 -5.038747060603053995e+00 -4.200606096213765461e+00 3.803256820587588294e-01 -1.039874932829106813e-01 -9.679278939486437583e-01 -5.937831485516521512e-01 -8.133039131620395379e-01 9.109864493966177701e-01 -6.699429566304172567e+01 8.046592327904903641e+00 -1.039809560212292538e+00 8.247301375250161826e+00 1.639480331231207177e+00 3.001470171325252956e+00 6.765883518188191559e+00 4.562325338668595798e+00 -1.185836595298774654e+01 -4.218556393504672819e+00 8.571636474121245852e-01 4.027602277529431229e-01 -1.476049054617609047e+00 -1.322760565250288289e+00 -9.954141497191058841e-02 -4.447842472322778851e-01 5.830192111415181122e-01 -7.142567153954086923e-01 -5.963990220639479034e-01 1.158168930622897275e+00 -4.855561914590162398e-01 -1.369611838841098717e+00 1.736413353923249359e+00 2.125774775919635928e+00 1.821223106646905621e-01 6.195226638239168526e-01 -8.056549619623900593e-01 -1.454248548305743793e-01 1.966292815959322648e-01 6.920993795220682643e-02 -7.693559515765298062e-01 -7.549952551931643496e-01 -2.906425296530157909e-01 -1.306640644389478245e+00 -9.327965373555188178e-01 -1.057957463724623487e-01 -8.405821981239759433e-01 4.076159101492252690e-01 7.831204955069374085e-01 9.035094532011574975e-01 -1.621087952548502520e-01 8.412587768155670442e-01 -6.664276306217357115e-01 7.619739808993141184e-01 -1.704851885991682525e-01 -2.220396464731369424e+00 1.538543612653775483e+00 -2.559711930233242172e-01 9.940427604932694505e-01 3.194502845348468067e-01 8.484704132276748023e-01 -1.153314224791588682e-01 5.711045194888274452e-03 3.778338567148351035e-01 -5.649944416200736175e-01 -7.165973771360982791e-01 -7.408552289017206194e-01 1.907278328243310339e-01 7.774355838472284397e-01 1.325083469485883958e+00 5.699538014872622682e-01 6.619293990344164991e-01 -1.047095426422220310e+00 -1.675092073123455760e+00 -1.216717410174211617e-01 -3.579470516152866155e-01 1.233240392408857744e+00 -2.760332476530094059e-01 -1.166086202961325036e+00 2.328116335537155024e+00 -1.927828934275266082e-01 -2.287034295078790525e+00 -2.070592243942238897e-01 5.853584706536543170e-01 2.415919551089985573e-01 1.982357451087358724e-01 1.979299980803490844e-01 1.055440579835843051e+00 4.829048803847696969e-01 -2.589110924699251637e-01 3.010589351124998148e-01 -2.695237177018430796e-01 -1.840886587207427039e-02 7.434537259623126282e-01 -2.712920347212366967e-01 -1.631280951082141550e+00 9.209093213015847601e-01 9.911286336225552107e-01
9.149578893240841726e-01 -2.599549185061177381e-01 -2.022068487592973085e+00 -5.181523677186615773e-01 -3.536063984675445582e+00 -4.600201163532543269e+00 6.751771078207754462e-01 1.712956395320462288e+00 1.626592657923903840e+00 8.524544799393151129e-01 2.266610202669302687e+00 -1.876908327061663773e+00 1.394763324460555509e+02 -1.276645689031180808e+01 9.129662351572602752e-01 -8.662754379763013546e+00 -6.376801891649679366e-01 7.962260348717135061e-01 2.052752620064200340e+00 1.319685151267698364e+00 -3.231742840934225480e+00 -4.504609376789242559e-01 1.079837033746777752e-02 1.320224277719021400e+00 -2.730395632039236187e+00 -6.519077193358348010e-01 7.893993051863549271e-01 -3.967861002554773919e-01 2.194070353682534780e+00 -8.378978808038400894e-01 -5.329039279957319825e-02 2.125798772200510278e+00 4.572170829100966061e-01 -1.205452571203521783e+00 3.153243544789209984e+00 2.263331723594061540e+00 2.599946278602355276e-01 2.045652609936272626e-01 -4.514434069079399925e-01 2.751530651994533727e-01 3.861383402919534302e-01 3.920748999890295572e-01 -1.772411063446182045e+00 -1.135245366702434255e+00 -2.932508805978711663e+00 -1.895507405798602107e+00 -1.750203349253181884e+00 3.063033036492739947e-01 1.093444325334206546e+00 1.480297366452909769e+00 1.792510423210618375e+00 1.552619761338130289e+00 1.127818072958697737e+00 3.199122478600636699e-01 -3.825106526373191485e-01 2.432920433388702453e+00 1.396892712824008731e+00 -3.071983061371037049e+00 4.111947009607250236e-01 -1.057876368892571861e-01 1.314940776136045653e+00 -2.037133267641696999e-01 4.922598548152402054e-01 -2.404212245592313724e-01 1.374314099279265733e-01 1.105031320434219699e+00 -3.151751732359676234e-02 -8.378634384852762240e-01 -1.175953450382720922e+00 4.324631665944379533e-01 5.451122425971183239e-01 2.455566769896419643e+00 1.528513586416444747e+00 2.431645585330423076e-01 -1.378257455031516754e+00 -2.961957787088130623e+00 -9.743159074012870402e-01 -1.750705375171452138e-01 2.365994536005676885e+00 2.061333856589465663e-01 -1.281555800470598250e+00 2.413364161136943853e+00 -1.740707295670100296e-01 -3.792971962424874999e+00 1.568209018070999328e+00 2.152405129477346080e+00 1.401916417108076240e+00 5.522972474100793505e-01 6.064620371395503806e-01 2.311433185118327849e+00 1.396292294189614092e+00 2.778685770141096634e-01 -7.752071632294648129e-01 1.935046554404449282e-01 -2.134704506149633474e+00 -1.091296658274487769e-01 -5.035044874033899748e-02 -2.972709627612834637e+00 -3.131897860838975811e-01 1.003839162857668388e+00
2.435083666445381212e-01 4.822297453198537420e-01 3.007253172266481034e+00 2.088723246846821979e-01 1.810578553549089253e+00 -1.306783171228340645e-01 -4.711892306221012738e-01 -1.007383464692263253e+00 -3.198660797604593320e-01 4.560884905228136388e-01 1.636571823486889787e+00 -5.066655534093812419e-01 3.795984927938165754e+01 -4.681272002901984308e+00 2.147151428187936251e+00 -1.905256780360569735e+01 -1.598829379863738076e+00 -8.149887875476213850e-03 6.069206269279754373e-01 -4.238428393509263703e-01 1.336011654228029588e+00 4.440606647153477748e-01 -1.370297538345927713e+00 2.441379762739898762e+00 -2.799764534535405858e+00 -6.238614055924346369e-01 2.512210852207544809e-01 2.156555677072318766e-01 2.937456677099951285e+00 -8.905694041397806959e-01 5.742101979954805646e-01 3.679749189787628327e-01 1.492820121234610609e+00 -9.007146458302794922e-01 3.118760757017046359e+00 -3.468145783168866125e-02 8.394392612355023875e-01 5.662104571060699865e-01 7.423404288216894908e-01 -8.951339672576879014e-01 -9.443220903128491939e-01 1.194142772698602695e+00 -1.554044984089277825e+00 -4.233134937964981859e-01 -3.194686599186321807e+00 -1.471966594548465679e+00 -1.358295785899088948e+00 -1.225620533138436358e-01 2.532930497163563111e+00 8.819893279494038785e-01 1.889544577471610198e+00 1.884761640728099819e+00 3.007035005920616899e-01 1.393978072200843799e-01 -1.978797335680297642e-01 2.451606046658069360e+00 1.669586858097458881e+00 -2.871566063186924200e+00 -7.974952653131207603e-01 9.618989866565181845e-01 5.292742479941704437e-01 -1.092507242029210124e+00 6.398117120009353398e-01 -5.685696269363829103e-01 8.924839964628532574e-01 3.244422123464643093e-01 -1.417193660068517103e+00 -1.207080671118569315e+00 -2.385996967298070759e-01 -2.668346910674312067e+00 5.888744384322028846e-01 1.297272922854018296e+00 -6.507177415193023950e-01 5.187627690032531325e-01 -5.258140454732289637e-01 -2.044778280602717935e+00 -7.786146160554964224e-01 1.156876890230539745e+00 1.495780812936013726e+00 -8.929017337986493441e-01 3.932127916704546422e-01 2.185932706039900975e+00 -1.854113515507218812e+00 -3.096991390160049207e+00 4.230051679170946377e-01 -2.425965125931114075e-01 1.799117699567011730e+00 1.461120046576198206e+00 1.074457477937843741e+00 2.523876759780141033e+00 2.468385654297646781e-01 -3.830328624631563206e-01 -1.595911252279767600e+00 -3.908368696302208511e-01 -2.189319059703205284e+00 3.977605719669079498e-01 -6.746171046308473418e-01 -2.025095412019541019e+00 -1.431934610832979571e+00 9.209892619290026283e-02
2.986301281969688803e-01 -1.128755503889754541e-01 -1.028172725796455023e+00 -2.660685041272334850e-01 -1.848641672027290017e+00 -1.101361218656596641e+00 3.736856485785340354e-01 8.900895067048244513e-01 4.341857646443912921e-01 -3.051473801241273986e-01 -1.140827275698557131e-01 9.940424139807326753e-01 -7.356268367437134259e+01 7.790384806874528500e+00 -1.091681879900764374e-01 3.572955549888525706e-01 2.358061542569841185e-01 2.470736892160921183e+00 4.316497419677638447e+00 3.332718448411810197e+00 -8.110625734323281932e+00 -3.949846729110069177e+00 6.021750873866870135e-01 -1.682674349900490585e+00 -3.036206038639755356e+00 1.976856263558186000e-01 -3.968107303593496060e-02 -2.956700852770819191e-02 -8.458896494321386239e-01 3.336652766925090607e-01 -5.279338888892741444e-02 -4.100013172658225485e-02 -1.747732908619840375e-01 1.956061600150864610e-01 -8.702616279865905691e-01 3.955652973463897465e-02 -1.871290754568443182e-01 -2.382160759972097031e-01 -2.176740315366354206e-01 4.651030897729971914e-01 1.699777388124557587e-01 -5.426328877219604996e-01 5.587638570840406382e-01 2.843363492629392142e-01 1.041873151780241535e+00 4.819192470445070597e-01 3.122288922663574717e-01 -1.647550856765058191e-01 -6.913371959568798131e-01 -1.963326422193434340e-01 -2.957466563362669554e-01 -5.910193373034882125e-01 -1.041777823079696741e-02 -2.421978545775511360e-01 3.090586059042153555e-01 -5.657579827753762558e-01 -6.419987735211269975e-01 8.394883388651580569e-01 2.056359784222183962e-01 4.447238925236505352e-02 -1.869515269444416150e-01 1.711817410511751181e-01 -3.719254323461897993e-01 3.589721987267771586e-01 -2.208153578118828286e-01 -1.636455904303859288e-01 3.027371493855147699e-01 1.614967977916817454e-01 3.700992914380994703e-02 6.667996705685061976e-01 -2.822354663609779601e-01 -4.838866722064047998e-01 9.672991034370327645e-02 -2.550655571734241067e-01 2.774948523606785011e-01 8.269393392282068378e-01 6.464892796267052155e-01 -3.964152301751611707e-01 -3.879188197189162302e-01 2.260818201815749662e-01 3.148895839685261506e-03 -8.480959728758838967e-01 4.231329218670509262e-01 1.131338493382885835e+00 1.000104641382993653e-01 4.070529780654752461e-02 -4.310576443692181181e-01 -3.992714989331861419e-01 -1.985924990599559001e-02 -8.938384868851337872e-01 -1.883367840611329391e-01 1.190820013466388494e-01 6.239580497082017896e-01 2.425607051729754271e-01 5.444396535673402537e-01 1.620986715714252957e-01 9.363340051934537778e-02 7.151106994441285281e-01 5.428322254874997643e-01 1.378746719029143586e-01
4.829645937130147004e-01 1.501891747860510939e-01 7.511214933492218471e-01 -1.861832890113251926e-01 -1.305230583783542730e+00 -2.102165588709642208e+00 5.034361963608933177e-01 1.094668563987247101e+00 7.005160413642628203e-01 1.164920208354066178e+00 4.317546543345621046e+00 -1.538643328438900504e+00 1.137049974800916630e+02 -1.226611974828044893e+01 1.452367411540645747e+00 -1.319670065195392183e+01 -7.667352930022501845e-01 1.096360438561094774e-01 5.251071868763875772e-01 -6.909051683274920475e-01 2.160637576714987240e+00 1.482521703358250509e+00 -1.414803553114970303e+00 1.223942966304586211e+00 5.243979648629231161e-01 1.731286377072708049e+00 -1.800730028320477016e+00 8.934406399548037170e-01 -1.357413112132259680e+00 -2.819772301321133434e-01 -5.457280044604491120e-01 3.872766144759912654e-01 8.880325920342990731e-01 -1.700342457276320607e+00 -4.119227308955599742e-01 -9.728991675171896336e-01 -2.379247361134682603e-01 4.191362360711433088e-01 -1.067228120691595228e+00 4.358910067416066347e-01 1.027083045173882825e+00 -1.997995645674440324e+00 9.091794354776545628e-01 -5.759081935893155535e-01 -1.081146164598366655e+00 1.728282982100135978e+00 4.523540344827000070e-01 -3.747983676914572876e-02 -1.094133732989461594e+00 6.698706328235772833e-01 -3.712276673928406878e-01 -2.120518451572642959e+00 -7.002492845904818575e-01 -4.651889962073196827e-01 -3.877182840866524264e-04 -2.164724301869372092e-01 -6.078235875953240663e-01 1.907473292521058239e+00 -6.565716611065716690e-02 -1.526278479033361446e+00 -1.395465380463148941e-01 -1.545973023510239353e+00 -6.083131727334715189e-01 7.650265083018494838e-01 3.593484272713108330e-01 -4.679179870578004663e-01 3.178120625812995148e-01 1.444963261252164344e+00 -1.731262345796073798e-01 7.208931855087389318e-01 -2.174917754753986188e+00 -1.506913386293739610e+00 -1.020051648949390710e+00 -2.783553683653531424e-02 3.030034406400070046e-01 -1.349857249386927083e-01 1.330556560554409629e+00 -6.214744808934739018e-01 -1.417435825752033418e+00 7.912564845547895853e-01 -8.032447391366787093e-01 -6.454654489408265805e-01 6.498375224225323432e-01 1.455797987174363817e+00 -8.809652110434904593e-01 2.618220142081555957e-01 -1.094010133082425895e+00 3.440328585129428518e-01 3.392548253682356463e-01 -9.827373082640868951e-01 -7.846781453695138575e-01 -7.515802948130720917e-01 -6.725634941469998962e-01 -8.741185801214765849e-01 4.166129295047140135e-01 -5.145048107680116889e-01 7.602005059872620762e-01 -9.358372214527467259e-01 1.209540948015514594e+00 3.625562517989254219e-01
3.436965830162546087e-01 -2.575257540444642057e-01 -1.905782177447535641e+00 1.655029065014745893e-01 2.073696744437990347e+00 -1.661753952707530901e-01 -3.903922986005198270e-02 1.896747275953537537e-01 -8.264206788420892513e-01 -5.825550827033009194e-01 -1.855390596458688979e+00 2.722005832632449218e-01 -1.792541537267600660e+01 3.706707925625054578e+00 -3.831104433151040212e-01 3.072504334424088324e+00 9.615126189630035514e-01 5.452420259493095944e-02 9.191197883871651264e-01 3.386658329092496755e-01 3.879145110700055188e-01 -8.287527319114555979e-01 -4.694764095654628822e-01 2.041812647358435484e+00 2.166855507853745255e+00 -3.596629031182738689e-01 -7.481821740288805422e-01 2.706084767857590556e-01 1.056004823492660449e+00 3.501127018912002509e-01 8.828398595252502368e-01 -4.961662295500436359e-01 1.717490197233338289e+00 -2.287480873773579948e-02 3.401638938232803278e-01 -7.084995582288949878e-01 -3.321073035771601040e-02 2.456310928618378187e-01 1.167481177444934737e+00 -7.720034188995703595e-01 -1.400610209617749957e+00 6.976072874805088198e-01 -9.949977594268993863e-02 6.678332048473970550e-01 -5.224192133859626441e-01 -1.599987441333222959e-01 7.377829439645176846e-02 -9.680541591537642487e-01 1.566695478237881023e+00 1.070128233490486858e-01 9.011450451902081049e-01 8.027032886590383942e-01 7.650742349989455571e-01 9.790988470220837736e-02 7.241300462901468782e-01 1.073995268907519618e+00 4.199946642758707327e-01 -7.893984145610677405e-01 -8.517016385854359051e-01 9.667689877709937374e-01 -4.885965172892000052e-01 -4.675243125457987925e-01 6.997908071418501054e-03 2.631830423610365122e-01 7.360315000650157202e-01 -4.025105045780477675e-01 -1.481155425840229078e+00 -3.285989768207803752e-01 5.738097897949232529e-01 -1.878575237121417718e+00 1.640961168809653981e-01 -3.845084988819903460e-01 -5.209701417027297055e-01 3.648961556492039682e-01 3.988837287281473132e-01 2.418142092332682680e-01 5.536220200910918487e-01 1.080758119156185248e+00 5.969697912372660259e-02 -6.911213001228797004e-02 1.701486786163809661e+00 -8.787431425568758003e-01 -1.208305055940998907e+00 -2.900943102581174382e-01 2.820993489683809585e-01 -6.231415776069207935e-01 6.799588521164278143e-01 1.069028400840524196e+00 9.631913725411266336e-01 8.669353147251949165e-01 -6.022010802937012297e-01 4.074423498317441550e-01 -1.931663956422289274e-01 4.814730620263236310e-02 -1.037103480568863700e+00 4.116111420982198066e-01 -3.587916400912201653e-01 1.792226734213872574e-01 -5.073312291277324304e-01 -5.005132273808525767e-01
9.048457193219348049e-01 -7.568999562515842383e-01 -5.220929289771413018e+00 -1.263147544798692845e-01 5.698475974816687994e-01 -3.721827215161740199e+00 5.414861653622204951e-03 -1.909830576767902466e-01 -1.436702380620303865e+00 -1.088060908772718216e+00 -4.432787275334360011e+00 4.690776919193472283e-01 -3.282554641850919097e+01 5.294753702902631254e+00 -4.333609308321901832e-01 3.752637173874693310e+00 6.104168577458528588e-01 1.980854981090115485e-01 4.981455540956414296e-01 4.399079784480028898e-01 -1.005528871583802886e+00 -1.164336173987719825e+00 1.227402211584050162e+00 -1.132847488400660518e+00 -1.720463276061618307e+00 -1.666570274453216705e+00 -4.137445172896851986e+00 4.849515362249916528e+00 5.982100111196321235e-01 7.650143822766818091e-02 9.497845335337199435e-01 -6.438108404339835111e-01 2.350099666234867879e+00 -7.294989590189605577e-01 2.773355302318077364e-01 -1.644287463285833528e+00 5.396595614094648607e-02 4.736214876555633890e-01 9.353366497707381599e-01 -7.820642280908169930e-01 -1.266198773886671125e+00 -7.831552484239170941e-02 4.300813408056071152e-01 6.727338688250787957e-01 -8.245489253173980959e-01 3.784251698153808796e-01 2.515720612451604610e-01 -1.216995965912388566e+00 1.156117197338564440e+00 1.416837973136123030e-01 7.604953699849296145e-01 3.838800342643322594e-02 2.014134758826476301e-01 -1.035799542383755711e-01 6.472960877923845668e-01 1.082551965040790876e+00 1.064877564445609881e-01 -6.847451745028824976e-02 -8.784060239521414015e-01 1.030386531606008793e+00 -4.641913563450438263e-01 -1.116294770256562874e+00 -3.765748028157657190e-01 5.152290546423131667e-01 1.131302713254826342e+00 -8.503522721010796648e-01 -1.746758046069255332e+00 -1.038946272106312657e-01 6.342494361170664119e-01 -2.317359018324876452e+00 -5.814548234679812744e-01 -1.047601613806984577e+00 -1.344834491688614131e+00 3.416476273281172649e-01 8.431014486153922682e-01 4.205900925764345377e-01 1.379160984116234001e+00 1.032707378042817092e+00 -6.988519707922894453e-01 -2.315074013645626594e-01 1.707187349205563587e+00 -8.775162170985324472e-01 -1.323636288137363337e+00 3.883846071028145830e-01 -2.683188630552348353e-01 -1.067960707875356574e+00 3.420248295503278135e-01 1.406845308783752246e+00 1.319661735756492593e+00 3.749563457672467348e-01 -1.448353776057726749e+00 -6.460648781340051772e-02 -3.517757587461233237e-01 -2.794278800937278207e-01 -6.445172686335606249e-01 5.670359800249707982e-01 -3.226797204796671426e-01 2.997980402104532052e-02 -1.689939342901178032e-01 -2.567172029601200167e-01
3.089478564605316890e-01 -1.813021886376874892e-01 -8.639880790553106094e-01 9.380333345680161861e-01 8.553323705808541177e+00 1.727691169163246165e+00 -2.035875298433541536e-01 -3.725732042923783904e-01 -4.093565124571394431e-01 3.911727312158576053e-01 6.086088049641015241e-01 -1.099307643324331840e+00 8.215272330738177686e+01 -7.092838413271128850e+00 9.130031777829505923e-02 5.253552036164659267e-01 5.245868351486557835e-01 -2.955132380490087751e+00 -4.602434759000127329e+00 -3.780032635762411442e+00 9.697011881423552637e+00 4.026872470212077282e+00 -3.488381712278448843e-01 2.629206699292827576e+00 6.093985848560633301e+00 -4.794930882195308497e-01 -2.217999538460998288e+00 8.993022126243365166e-01 1.674221671501915143e+00 -2.366585469304802181e-01 1.010733059820690949e+00 -3.547402362204044590e-01 -1.473124899638622143e+00 7.577575822452659038e-01 -1.104007894827581993e+00 -1.356342232892045474e-01 -4.253094033344098079e-01 1.011546965756681127e+00 2.330065403269900859e+00 -5.893299228585022753e-01 -1.626867825650802013e+00 5.225802893578426200e-01 1.956452770253142709e-02 8.004292029637165573e-01 -4.170710286106060760e-01 -1.526783926712843797e+00 2.068282886481389582e-01 -3.982987427987211282e-01 1.567827423294073874e+00 -6.659887164283306848e-01 3.010555288237891647e-01 1.930678709843798302e+00 1.455544728010020439e+00 1.325178413606760808e+00 -6.543381412134426922e-01 9.160173559248909747e-01 1.238832736612419216e+00 -1.803339916314216529e+00 1.724830794903556286e-01 -9.101460372759562212e-01 -1.274040525382542643e-01 -2.496254930768730951e-01 1.903163679456687740e+00 -1.129875607724868170e+00 -2.599513502559814837e-01 4.785330241357684256e-01 -7.069193371956347116e-01 7.270536158406517568e-01 6.614813903649808813e-01 -2.379866073469798782e-01 5.412447308913420629e-01 3.650859944520011280e-01 -3.318553605598361655e-01 1.866714813365228265e+00 8.495056838800854604e-02 -1.730436094021918780e+00 -2.914608197568014258e+00 4.004890873026114018e-01 -2.035502734265832725e-01 1.079763477878825872e+00 2.885333242717635360e-01 2.153372965434420250e-01 1.031840774459330756e+00 -1.410524788479704750e+00 -8.191410200796326313e-01 3.189722699076320001e-01 5.968163946385992569e-01 8.113521844593322985e-02 -7.986741209131555941e-01 2.626647234880199910e+00 6.350881613483727595e-01 1.010194635727886148e+00 -1.287644980045631549e+00 3.452780394137135445e-01 1.063250658360336276e+00 -4.872889355732525907e-01 1.822782467422681352e+00 8.201107110131189426e-02 -1.410180369255787713e+00 -1.131576114956716728e+00
3.000414090726265526e-01 -2.541692148237840176e-01 -1.184916987556755785e+00 8.844869213686346043e-01 8.182071761793947573e+00 2.099524563776808073e+00 -1.992818552538246912e-01 5.046872816202974121e-03 -9.997669309479436661e-01 -1.028322790381789087e+00 -3.856256940497136299e+00 7.567237007386418135e-01 -5.355661952782432422e+01 6.626803301961189163e+00 -6.817902533151470879e-01 5.683870218747965275e+00 8.067145141089415716e-02 3.458186599953586571e-01 8.837386612395163876e-01 8.426686436233339350e-01 -7.698290719917076919e-01 -8.350595729337124684e-01 8.982776270733281443e-01 -1.938829646275404439e+00 -4.968057632979043348e+00 6.067653765375141672e-01 -1.722455074932291996e-01 -2.395132775318945528e-01 8.832783854494934417e-01 2.546192739160411556e+00 8.519489011253596894e-03 -4.557311162315577091e-01 1.839376999097749987e+00 -1.393387004574140609e-01 1.452814828784615875e+00 6.057625610094233976e-02 4.433532223612402512e-01 -5.397808801123072930e-01 -6.302688541456479276e-01 -3.898901105655402238e-02 -6.679991841483123860e-01 1.063962567111808588e-01 2.539081284679696737e-01 1.077049025018445683e+00 4.284966711396800965e-01 6.469236513556407830e-01 1.445554186012919518e-01 -7.638368196872773463e-01 -3.397888979329752313e-01 -4.379403173291414597e-01 7.524077818563902342e-01 -3.641898973975281062e-01 -7.119704831358747432e-01 -1.181923768339853575e+00 9.653197995273010701e-01 -2.123259572770679060e-01 -9.596758116403105721e-01 5.582820689440864959e-01 -9.025280550568756111e-01 2.633492301037258176e+00 -2.292724105610529084e-01 -9.488821480164181255e-01 -1.201378581887657671e+00 8.045309886986194980e-01 1.090308243992698545e+00 -4.844530038004635775e-01 -1.018431319100505661e+00 -9.444352538348806947e-01 -5.236176642543685089e-01 -2.924321161708655747e+00 5.642592666378277722e-01 -7.037577855667750404e-01 -1.299172697351506311e+00 -6.668580120668683442e-01 9.268463934646348212e-01 2.559180797376567895e+00 1.350403917001412601e+00 6.556184474553850006e-01 -3.198156785884399556e-01 -1.961911484206831924e+00 1.211273651955581121e+00 -3.274187868974857696e-01 -1.472954793683814989e+00 9.381406252543471602e-01 3.284239362480744218e-01 -1.518627780956031792e+00 4.760891527611242346e-01 1.184370802447483939e+00 1.712459719941804570e+00 -2.000439071606450181e+00 -6.822044198762278189e-01 -2.853354600235943547e-02 6.360523938531943422e-01 -4.735210606925773780e-01 -1.060653725939341818e+00 7.201070830234559406e-01 -1.432749689007137839e+00 1.424455364763477450e+00 7.682293492082503672e-02 -3.629090358265676941e-01
3.121332542680085309e-01 -3.649286932573431175e-02 -6.406824550189087475e-01 4.266053091776922379e-02 1.090640281357242225e+00 -6.917729097042973896e-01 3.459925634921267035e-01 -3.018634893595872892e-01 -4.148396111931915708e-01 -3.653661803396934804e-04 1.200609260277090584e+00 8.342836102222058736e-01 -6.412653589991009540e+01 6.067518503683497322e+00 -1.457089539803889222e+00 1.392519897693247799e+01 2.138647148453555857e+00 7.953937816714192754e-01 1.710880162374063707e+00 1.945237888616800692e+00 -5.891905532051842087e+00 -2.125007580118396078e+00 1.458568207832923180e+00 -1.979219175490073646e+00 1.003216212724405976e-01 -5.726451566403181204e-01 -2.658638734197059650e-01 2.964949011186537309e-01 6.311888909461784714e-01 2.618496360433922865e-01 7.773509291084806927e-01 2.214453510597934827e+00 -9.298553484539555214e+00 1.770596934822363799e+00 -7.073445308902651663e-01 1.068693994539138892e+01 -1.227793309586513892e+00 7.546532575970003043e-01 -5.532799517401961742e-01 -5.402574023160925387e-01 -1.371069078341997427e+00 5.470876614496082979e+00 1.710884798045420929e+00 4.065571444140950952e+00 3.379841154922443192e+00 -5.155737267172202820e+00 7.224620995133225199e-01 7.695338884724201911e+00 -1.975271027303666438e+00 -6.933020295725157212e+00 3.166996510649493501e-01 7.405360672219114981e+00 5.319912540170959048e+00 -9.309589487436314981e-01 -4.579090191433597745e+00 2.477421555292997901e-01 5.914876749652826504e+00 -8.314540511401837364e+00 2.305567218073096836e+00 6.020591990511875435e-01 -8.207744803459325889e-01 -2.706996935530177062e-01 5.858428710839061360e+00 -2.495097982628093902e+00 9.872734480725814388e-01 3.965510149236370907e+00 5.050950929641913945e+00 2.343476001276967313e+00 -6.271943241565051119e-01 4.480327684054690174e+00 7.267168488541114080e+00 3.897967518519641850e+00 1.472607732320790619e-01 -1.030855353644310357e+00 2.035632408227559420e+00 2.708767302376883901e+00 -1.125791172132275442e+01 3.490201639822313684e+00 1.680003363629793078e+00 8.248087254572760152e-01 -3.470578385659077281e+00 3.468980450700237306e+00 1.087808193094301323e+01 -2.074431812421272170e+00 2.621607467150938175e-01 4.793773813976813791e+00 8.350951509441263410e-01 -3.172933616496488973e+00 -4.344645066108308029e+00 2.287047782605732049e+00 6.184866266909192056e+00 8.693838391315681591e+00 -1.531262199981715290e-02 2.285912059955518494e+00 4.627183495966280091e+00 -3.691394502791363497e+00 7.182212095938642626e+00 4.630485051795780294e+00 -5.110263960772473801e+00 -4.444868473355914062e+00
3.870303967400888778e-01 4.436810054180358454e-01 2.106752123338687888e+00 2.592072685059466641e-01 1.940472456231360443e+00 1.022962239815352614e+00 -4.111777958565820956e-02 4.878281520199594934e-01 6.552169493986756965e-01 -1.192803003175687548e-01 -1.761858090953337674e-01 -2.248489634906738477e-01 1.781208067610079837e+01 -2.260268414850629126e-01 -3.973873195843447004e-01 3.536133162630192395e+00 1.447390276090740446e+00 1.451475295871815341e+00 2.774572030219200069e+00 1.648966552467868496e+00 -4.070279631915683538e+00 -1.615169003421998317e+00 -2.625993919185314329e-01 -4.682634972261000561e-01 -1.146659920165804536e+00 6.554319084570369158e-01 1.286016827049489608e+00 -5.395927901420480843e-01 3.158058079563790255e-01 -7.660765187852723868e-01 -6.227718565165639708e-01 2.305670356001652710e+00 -2.964957873782543274e+00 6.600538300331431074e-01 8.412740209157328897e-01 5.146423482622084933e+00 -2.143132524363914049e-01 -4.493279979528336243e-01 -1.107498760579855190e+00 -3.496875641406265722e-01 -8.101650877457307054e-01 2.672900783184541496e+00 2.936409027996447763e-01 1.391177361068359986e+00 1.520371294980710442e+00 -2.201763100487602820e+00 -3.381552691004790501e-01 3.058964797930414647e+00 -1.577956387703322250e+00 -3.824638876049771152e+00 9.451787496662261701e-01 2.636769532417851725e+00 8.618624594731094657e-01 -1.727031521047767582e+00 -1.204558451735296520e+00 -2.591338338704426425e-01 1.189756812736626257e+00 -3.372144193940872281e+00 3.000665850234945919e-01 1.827609903783019352e+00 -3.967976741658930662e-01 -4.265487667776895475e-01 1.716541278419723815e+00 -1.313900331407613198e+00 5.627617408570423363e-01 1.297706333323087380e+00 1.704510289974648041e+00 -6.027600124303266194e-01 -1.843142822603334841e+00 2.551944843840685540e-01 4.065464483282614339e+00 2.062342110236352166e+00 -7.430201159849687542e-01 -1.800907907838811939e+00 3.960672847627755844e-01 2.309451942789579881e+00 -3.463675561164852645e+00 1.700617146796990831e+00 8.417990876603907990e-01 -1.782837765618888071e+00 -1.519817095618636760e+00 1.716108327856170623e+00 3.397257611573007985e+00 -8.059940524274123996e-01 5.841220166837451933e-01 7.236270834220051018e-01 -1.318773976110244883e-01 -1.472981907415820801e+00 -1.184377989745317716e+00 -8.620466979826746368e-01 2.163025569534837711e+00 2.406648996361903770e+00 8.601519501486747377e-01 4.582950695382180806e-01 9.893968712928699061e-01 -1.266311598186029563e+00 1.543685022202509360e+00 2.074382297640454009e+00 -3.219499049065525309e+00 -1.206701455484994856e+00
8.830482469219266273e-01 -1.043637314950449202e+00 -6.378337166029922400e+00 -1.798989332259639529e-01 7.320365948468099404e-02 -3.293459756835023899e+00 1.086074690719689151e-01 4.486050091831383924e-02 -1.412435892788209912e+00 -8.581385112867471188e-01 -3.200708305471413606e+00 1.230886447840423559e-01 -6.458002702061895306e+00 2.948676872424970341e+00 -1.118577104202840733e+00 9.640625592580848391e+00 1.087937672729054395e+00 -2.875623308962752533e-01 5.743739453213675406e-01 7.962400536699989484e-01 -1.026378758735922769e+00 -9.294991347146355221e-01 4.911997601717189577e-01 4.393217868997750797e-01 2.037961153072579190e+00 -3.142318168351566632e-01 -5.551694584556943202e-01 5.073355121732194828e-01 4.593020455739898478e-01 -6.257097446274995090e-02 -8.076624661839000296e-01 1.873418627430197159e+00 -5.096847578245558008e-01 1.036746715322130336e-01 1.558908957966459452e+00 9.735940087996038939e-01 1.202501252992300568e-01 -3.777300208725963282e-01 -1.014692494982547322e+00 -8.263785010793914809e-01 -1.261266592916150620e+00 3.592605351532276448e-01 -2.926743055194214183e-01 2.024544311499139049e-01 -5.236155196363706521e-01 -6.054316259206260487e-01 -7.884218300028162929e-01 -7.251525443753843447e-01 -6.781978612343366741e-01 -9.498882825426090415e-01 1.517042794570011788e+00 9.766339140374999395e-02 -8.128543813788814409e-01 -1.696058707686822098e+00 6.456356878315203662e-01 4.884311880592875355e-01 -2.025521318726138276e+00 -9.037306506149958008e-01 -1.441899864818482646e+00 1.856432866882777200e+00 -5.721176703111510026e-02 -9.118004640625515522e-01 -9.370029131727728444e-01 -8.264234762167721460e-01 1.642523759811868045e-01 -4.140123862718299019e-01 -1.253974309064656456e+00 -1.943023308155246154e+00 -1.921161178336819431e+00 -2.268707627812470928e+00 1.595296298069790453e+00 3.179638997841581771e-01 -9.306215158462642911e-01 -9.274125441244019941e-01 -2.613232784277048082e-01 4.096965857274456058e-01 1.327474005086048514e+00 -2.340960608627317974e-01 1.671067403053917433e-01 -2.541068077909635736e+00 4.116467880228580900e-01 1.483495585701574970e-01 -1.335171521177533238e+00 -6.352470971533842325e-01 2.461119700748339856e-01 -1.563469398130559629e+00 -2.143786320964523318e-01 -5.550088605766881900e-01 1.012372036639475503e+00 -1.754784331443745016e+00 -1.801751746941626653e-01 -1.478971824055002049e+00 6.210880172361445961e-01 -8.883040317761932148e-01 -1.120761576077691890e+00 8.189348718915261394e-01 -1.554918984556314498e+00 -1.889105291842075873e-01 -1.382013369825837890e+00 3.501162643829301979e-01
6.681148297411195758e-01 -8.307128548664258760e-01 -5.552258071300745002e+00 3.201332651645550920e-01 4.992688524442823628e+00 -2.860066527762472166e+00 -2.454872030820394180e-01 -2.185402180012073536e+00 -3.280296178803863594e+00 -2.309328296157728833e-01 -8.161144989038223718e-01 1.641955843102780310e-01 -1.242251899333281351e+01 6.279123435095665950e-01 1.025645194411163974e+00 -8.748323396687270659e+00 -3.403087878965354030e-01 8.379111087971580218e-02 -1.409505743298288483e+00 -2.179493852687714117e+00 5.380249615562906484e+00 2.356775255000350455e+00 -9.714313615724290418e-02 -1.933612481302304786e-03 -1.990180508855118990e+00 7.023966452103100888e-01 -1.312490262274480290e+00 3.476003735423051078e-01 1.100900489589875075e+00 7.655770239509914754e-01 4.214858541076869081e-01 -8.475108438192827665e-01 2.068664663369841339e+00 7.142680912384092862e-01 7.587947762685597120e+00 1.189734742557026159e+01 8.825411074537273803e-01 6.082390488177086496e+00 2.102419930410132309e+00 -9.446753354686224569e+00 -8.986874199185777456e+00 5.029107111321404311e+00 7.014569580785814384e-01 4.920566368323237683e+00 -4.069968259317744419e-01 -5.847892460565573103e+00 -1.608807335650525916e+00 -4.173511677169654988e+00 -2.930767667657030451e+00 -8.137480403057649525e+00 8.763519695677477017e+00 5.172651921847569945e+00 -2.951225478831148052e+00 -4.651393031359953412e+00 3.125151464255982336e+00 5.242723916344723456e+00 -7.806790770441350169e+00 -5.587622821291098774e+00 -1.299372153214463532e+00 4.054597318663182293e+00 -3.860106198006708206e-02 -3.778345340005048403e+00 8.685994692163462316e-01 -7.314332160673144401e+00 2.317618828091928318e+00 1.703282055820001695e+00 -9.072275831100412802e+00 -8.033383508660802974e+00 -5.055621421825756023e+00 -1.173047054862650462e+01 1.022987505995127400e+01 9.451098882307149562e-01 -7.270415297473823202e+00 2.293267398598205276e+00 2.689186297372178736e+00 6.567990443556557256e-01 1.134533940267949292e+00 -6.219389604659101289e-01 -1.911303730547634583e+00 -7.488934690683640483e+00 4.114951878391457818e+00 4.227506666625908238e+00 -2.515468765900220838e+00 -7.982705210552932584e+00 -3.279822342911027366e+00 -7.397744495584190005e+00 -6.104409696473098279e+00 5.938532629763259019e-01 6.210436151551947503e+00 -3.614772720602953182e+00 6.903051365633794401e-01 -2.287351397130045427e+00 3.037014177307294283e+00 -2.999161672057013561e+00 1.032233625551140621e+00 7.006347086909273436e+00 -1.997066179948467468e+00 2.220541566045469040e+00 -1.030330107959677477e+01 2.657021860432233762e-01
9.552273982920536088e-01 -3.579784376659507217e-01 -3.450413042920479345e+00 -1.000140683266108166e+00 -7.573191238886531451e+00 -5.355906749343376738e+00 7.463755839862007413e-01 1.414447976163753617e+00 7.393006035378614227e-01 1.048956835575863833e-01 8.480140229783103001e-01 -6.603290368252368037e-02 4.386695798135390234e+00 2.374880151492905211e-01 -4.840802964742078052e-01 3.908017588009739196e+00 1.450638124415859487e+00 2.253518634745072191e+00 4.158990345655237064e+00 3.313779035777518089e+00 -8.559052096734323101e+00 -3.963422182059747723e+00 1.241058317019988699e+00 -1.716003878432309726e+00 -1.223273773588698710e+00 -6.825848144285369123e-01 -9.486284323712872446e-01 1.486629022542202749e+00 -3.338971365805627478e-01 -6.815011481820439920e-01 -1.032883379188340722e+00 1.768447658172204839e+00 -4.670238773762121376e+00 7.546211182001889561e-01 1.027584788125504911e+00 -1.094050559724285421e+02 -4.983905838877398509e+01 -1.697907960770612306e+02 -1.668230241439419501e+02 1.005710486861938620e+02 2.608874217918693006e+01 -4.184236844452558302e+01 -3.663394683805888974e+01 -2.218210553872794932e+01 1.031443382396318853e+01 -1.415068203559968651e+01 -6.829896546362193988e+01 5.207707450748505096e+01 -1.569575110985624988e+01 2.339030822155926259e+01 -1.011694352776188310e+01 -3.794428482488167731e+01 1.085671370347280451e+01 -8.612960858334429304e+01 -4.200478281878400111e+01 -7.958237550492955847e+01 1.092811606522953838e+01 -8.465748613693354230e+01 -1.423687695701074745e+02 8.410345777439444248e+01 -3.810420078734049554e+01 -4.539990010589079361e+00 -9.963043425685171428e+01 4.004014476218664242e+01 -5.697987066353767460e+01 -6.797574677092040929e+01 1.011092203949152974e+02 -2.956580382628416004e+01 -8.950788029319629402e+01 5.093908104240153989e+01 1.266097268718328195e+01 1.757768638633822889e+01 9.689401447001900181e+01 -1.995687608689943318e+02 -8.536181707818732889e+01 1.144962647573604997e+01 2.484101401434521250e+01 -1.637365102473082246e+01 7.286752776805421661e+01 -1.115728863961824970e+02 -6.825926936261754463e+01 -6.484205057651851689e+01 1.388076589372812819e+01 1.173514325195165782e+02 1.161618784787766714e+02 2.184736759276469442e+01 1.397906146630980402e+02 -1.155724459915412154e+02 -8.415027181721151806e+01 -9.001353618029294523e+01 1.015064747329367734e+01 -6.185440267627407707e+01 -3.042893659049706656e+01 -4.870139654483637059e+01 -7.057715807492533600e+01 -8.610585981136307510e+01 -6.337202540357217373e+01 -6.146966618335850541e+01 8.062752699292163072e+01 -3.486304307349299592e+01
9.266208399621606029e-01 -1.040052865023537443e+00 -6.371721484243177969e+00 -3.479892483088340427e-01 -6.343008952687494428e-01 -6.228996984528718528e+00 5.223134324987491750e-01 2.102498275000764805e-01 -9.935157960498081087e-01 7.082533348769466386e-01 2.178881386726527314e+00 -2.134639549292529193e+00 1.595629263565758720e+02 -1.453489926114274056e+01 7.664788566018583271e-01 -7.187180259835988849e+00 -1.220696362880788755e-01 5.115138763478579431e-01 8.447918228294141185e-01 8.446970520338594746e-01 -2.144950726648854555e+00 -1.171954585711754593e+00 -4.800980547685680389e-01 2.420405118322563887e-01 7.166913690146927696e-01 2.948717869816448456e-01 1.290042795090380778e+00 -7.486209420831471117e-01 -1.458604601973439996e-01 -1.809231413422867529e+00 -1.475633741787817144e+00 2.983040156977012192e+00 -2.718197674103794537e+00 -9.845572884404079073e-01 1.009773195649490773e+01 1.120763796313573948e+03 4.500404748765904905e-01 1.536100775308924193e+00 1.504873726828802827e+00 -9.170627157407482688e-01 -2.460601445969321788e-01 3.831186400891338772e-01 3.322192569304663889e-01 2.061482663230146950e-01 -9.291217305030335938e-02 1.202803872056429635e-01 6.138963528646912415e-01 -4.745085791232854788e-01 1.381131251673350380e-01 -2.190472368469225939e-01 1.008651268199697859e-01 3.483305488115648330e-01 -1.002856273137842230e-01 7.698412617675425285e-01 3.811805708499790835e-01 7.234909170286464297e-01 -1.083071912332929099e-01 7.564288239553722537e-01 1.281281277153681231e+00 -7.508371260677542125e-01 3.437731781905355999e-01 3.602636580701262803e-02 8.981547337133781728e-01 -3.687871341414049042e-01 5.163073577385145496e-01 6.131375261185352255e-01 -9.225100464529867317e-01 2.584601172942495584e-01 8.013306185495100431e-01 -4.723416263515935465e-01 -1.030279181407600386e-01 -1.578748072379825840e-01 -8.814865419683640679e-01 1.802121506158542497e+00 7.731115061281528256e-01 -1.012753164099489955e-01 -2.212959778891500640e-01 1.462776365481888441e-01 -6.585319021664022276e-01 9.960106025034304311e-01 6.203513741335712206e-01 5.886262127518007148e-01 -1.278267742474082924e-01 -1.066257336042710113e+00 -1.050708398677791200e+00 -2.046596349617308686e-01 -1.264629031585836172e+00 1.043068856727306093e+00 7.663135781073060482e-01 8.062925872275938932e-01 -9.044417808194328556e-02 5.561943523661263544e-01 2.782106921732636629e-01 4.351507415178452742e-01 6.380819165903631740e-01 7.847797765410287063e-01 5.678548456104007824e-01 5.573586180631977527e-01 -7.367701811335017892e-01 3.147557736468061251e-01
6.385631192404801482e-01 8.968857121016882150e-02 -2.238578463076992264e-01 -4.345869330021489008e-01 -3.488782938583868010e+00 -1.875219882263968740e+00 1.920032998407770752e-01 2.244697406763978553e-01 4.360822754090466491e-01 7.842903121853067594e-02 8.645755007497180067e-01 4.499759389036231405e-01 -3.399025282387726321e+01 2.725751846105386011e+00 2.036080736186578477e-01 -1.492833857157600086e+00 -7.415842595150453631e-01 -1.826913472479251288e-01 -8.656511484207052298e-01 -3.302057079443988519e-01 1.852442757154153519e-01 -8.685527519570646060e-01 7.160544791557887923e-02 8.113252451257559894e-01 2.055006915757005004e-01 -7.554091320624503059e-01 -1.036877989407718470e+00 2.857829970666629360e-01 -1.398744062454879700e+00 2.578366212884910524e-01 1.092819160332634043e+00 -1.557431279896951404e+00 5.061886159275785779e+00 -2.380497796246776154e+00 9.073380605794898912e+00 1.012749758203485953e+03 -2.409817351608906755e+00 -2.160965366671020460e-01 -3.555733026357382198e-01 9.947920369151238562e-01 1.393356862496527127e+00 4.161050148844021024e-01 4.970758707206243687e-01 -2.880176412454340529e-01 -1.969318825722478350e-01 9.737165146338131461e-01 6.228772508803469554e-01 8.264163931607146907e-01 -9.253946432461331029e-02 1.030129786568414918e+00 -1.091816710874612184e+00 -8.893650468297291389e-02 6.296272396065095700e-01 1.709080953240475487e-01 -2.527624747530328730e-01 1.286275693442295864e-01 5.043190836017751311e-01 1.463594914440163208e+00 1.001016263805498907e+00 1.107567994204757156e+00 5.814066170479907925e-01 -4.931401140797582461e-02 -2.320074899083080303e-02 8.979302697689602875e-01 7.648036406317721969e-01 4.552716976878130178e-02 9.717087360870078072e-01 1.050644212191282012e+00 7.208116906516875977e-01 1.043028454057258525e+00 -1.032533253785801852e+00 -8.072749934698142393e-02 2.389257728571770600e-01 4.524590771704107284e-01 7.046948646688978579e-01 1.432974663005201377e+00 1.537577833319328513e-01 8.153906861339828283e-02 1.126456497956059705e-01 5.101741759158903156e-01 -2.357729727191816005e-01 2.918152666634344916e-01 3.970427172923790549e-02 3.937817022635731190e-01 2.183783908039386712e-01 1.199101618722262064e+00 9.793304250100480779e-01 7.517564200720042722e-01 3.204362499754045412e-01 -1.573587820280499261e-01 3.163890440458459463e-01 1.261999051595252608e+00 2.226892267062895447e-01 8.500969266875610941e-01 -3.148151845527623616e-01 1.874891204053839577e-01 -2.157481892298394877e-01 1.108634579238106932e+00 8.058596331550306191e-01 3.633008222120411856e-01
2.120408480048905364e-01 3.202011839841450436e-01 1.957672909588138221e+00 1.343716878066788523e-01 9.497570305695778314e-01 3.632866250879381864e-01 -3.411149706530726133e-01 -7.589316205778020574e-01 -3.335700554643119542e-01 1.319831445464742514e-01 7.264468627703715153e-01 -1.152707514597670624e-01 9.034864849520953811e+00 -9.643875028801014437e-01 6.851341701785772509e-01 -5.460027538395822333e+00 -2.730515727023018480e-01 -9.439522633985377720e-01 -1.361238982086347971e+00 -1.224488141832858812e+00 2.538000966930735292e+00 2.429570970725566381e-01 -1.075650329674599170e+00 3.444974926992360853e+00 4.997812226935748114e+00 -3.731078220472286988e-01 -4.704753786326528742e-01 -4.894257757834535871e-01 -1.686927040864560468e+00 -6.190690223059500674e-01 6.644853115515634290e-01 -1.091010762782468113e+00 2.425214284021383726e+00 -2.765172839140582761e-01 -2.952286580203496769e+00 -3.234310863631500297e+02 -2.230263195312910618e+00 -6.008144246249331744e-01 4.568865752300637073e-01 -3.428472330677327928e-01 1.179322996995503692e+00 -1.037016463121505527e+00 -1.005989719226976664e+00 -5.966735684400539252e-01 -3.420324205347716195e-01 9.888063997471155941e-01 -3.948170654929323842e-01 -1.756896926714012208e-01 -3.371972350258841677e-01 -2.347637921999443100e-02 2.275006983703980468e-01 -9.840753359665799227e-01 -1.583147932862885243e+00 7.346299691780348029e-01 3.802319755951046321e-01 -3.149434622328251554e-01 5.238487207658985012e-01 5.493858179883670534e-01 1.611616107892617777e-01 -2.919003346701681600e+00 5.254341871859373736e-01 -9.437041462841636030e-02 8.333728175169680119e-01 2.196088678763004898e-01 -6.446601753646246102e-01 1.532872456252652782e+00 2.063806440336995729e-01 -5.385677739028265076e-01 3.579710898687620269e-01 -4.483542654913227898e-02 -1.973583353499982207e-01 3.064151237072654799e-01 -6.874400145805016626e-02 6.730803621507537582e-02 -1.659987898579970145e-01 -1.123546073757006658e+00 -6.044784867333388156e-01 -4.776266036788184843e-03 -9.671945881637782072e-02 1.551278456720048160e+00 -5.510495866797424647e-01 1.502470141697062785e-02 -1.676768284869219749e-01 -5.983189996080229278e-01 -4.234708054613195993e-01 -7.694273469819894462e-01 -2.268884313892059801e+00 -2.466665868551413121e-01 -4.540010327596895601e-01 5.476598846375017038e-01 -4.048343826901327214e-01 -7.122423097792478508e-01 -7.390977068025254004e-01 -2.966024053395844851e-01 -3.083810971149493207e-01 -3.740730382809231425e-01 1.110497159689199709e+00 -1.207950315645178962e+00 -4.537704720182662577e-01 -4.170674560691691596e-02
1.121196057037321392e-01 7.111293201832977751e-01 4.070593988325318158e+00 -1.250885056509705162e-01 -1.515959804149844103e+00 -9.600310004535628217e-02 -1.614030143787993365e-01 -6.066937010134957342e-01 4.934541921123293817e-01 9.546220535658342943e-01 3.929959401682308062e+00 -6.476296287701566179e-02 1.944911553145353356e+00 -3.894970005103215449e+00 1.963151182388563232e+00 -1.728882936424911776e+01 -1.198217372321540797e+00 1.732095457829355922e+00 2.319703504387323978e+00 1.527749752222245849e+00 -4.085154980881704034e+00 -6.203276161794435417e-01 -8.771537510204165944e-01 -6.295323229642447727e-01 -9.566097381643432485e-01 1.453848649089141132e+00 3.874590918140096818e+00 -2.600904011831179474e+00 4.762965953166024002e-01 1.128494794615345631e-01 -7.955697855736486579e-01 1.342485293230104570e+00 -2.846610722609477229e+00 6.403222426451495863e-01 -5.896762598174565273e-01 -6.763419258174566551e+01 9.545075637521137635e-01 -3.085241619340690633e-01 3.867338901069181656e-01 -1.101927393577333492e+00 -3.031793243517217018e+00 7.406908872406534616e-01 1.107395405688348156e+00 1.483967436769431991e+00 1.410260991007953768e+00 1.963999992681766671e-01 2.187743014300857769e-01 -8.834635251864204619e-01 -3.499500806730888036e-01 -7.793286729166255533e-01 1.303945145387619964e-01 1.990793144060011954e+00 2.115377315434067429e-01 -1.030383605192076502e+00 1.798681520721935878e-01 9.800346577673600956e-01 -6.074793067613647457e-01 6.674864021650902535e-01 -9.488304579420919760e-01 2.570716447449762576e+00 -1.568891276679159841e+00 -1.433108539184245522e+00 -1.055405658326565715e-01 -6.076125141343677871e-01 1.167904287330318480e+00 -1.042466904583620346e+00 -2.612926789641177194e+00 -8.177284103160421813e-02 4.496564256645715352e-01 -3.063927577503187116e+00 -1.957189984579122133e-01 -1.379668215592388059e+00 -2.540209417539283088e+00 7.332510626579268331e-01 7.926133944284194932e-01 1.500584151013292233e+00 9.930786762011840629e-01 1.616638730920582967e+00 -1.249808872064203991e+00 -8.110465123196012316e-01 1.678172237988250881e+00 -9.664442590156815394e-01 -1.209504619546367676e+00 1.345689157486465559e+00 -4.797516163630214936e-01 -1.839648473395100625e+00 6.578859421052553336e-02 1.748904718074840270e+00 1.731752563512013232e+00 -7.591443277715159699e-01 -3.821957631429240276e-02 2.030907948861282897e+00 1.201966797466859305e+00 -4.746321236694853174e-01 5.092113844261655364e-01 1.974660817207456454e+00 -9.667463876658614064e-01 2.739369524304430925e+00 -2.135255574565061154e-01 -1.381038876548976058e+00
4.108152572910095390e-01 9.934016958269786812e-02 6.880350190381011588e-01 6.886230278357600154e-01 6.335652125534425139e+00 1.319961308489099316e+00 -9.116377461764306744e-01 -2.718841441623495392e+00 -2.989351705816011950e+00 -1.317380568281757203e+00 -5.447856895167528357e+00 -7.022437437909090363e-05 3.056079800441466432e+00 2.760928432147037537e+00 -2.369551112909527024e+00 2.104599506416550270e+01 2.199246207685878751e+00 -4.120478617776557329e-02 1.094235718223678377e-01 4.362149129012352078e-02 1.448124065100009350e-01 -4.532821955178316653e-01 1.642033543122239703e+00 -2.943755443016084605e+00 -4.908905101751934730e+00 8.590718035935878127e-01 3.709927652203323101e-01 4.706083926292977671e-01 1.602542021358261959e+00 9.026444345896756927e-01 -1.229022392191200019e+00 2.233945458958258357e+00 -4.418268380797280237e+00 1.419267186130887648e+00 -4.535560346086518813e+00 -5.065624057555797890e+02 1.255641099438847164e+00 -1.500008440782803820e+00 -8.274818129171089831e-01 1.028494337870401454e+00 9.467026851946190646e+00 -6.706273545209595000e+01 -1.435171360128918039e+01 -2.100730124271357724e+01 3.508773978648408587e+01 5.123730516995938444e+01 -1.660211829093105607e+01 6.788098857740858527e+00 -3.981695663965349752e+01 2.905107257819027211e+01 -2.161286083541319414e+01 -4.748097071373332589e+00 -5.704865545842343266e+01 -1.239240909810524149e+00 4.024218950666980099e+00 1.926901117756781190e+01 -4.135114079919603824e+01 3.557567176589842006e+01 -2.836332574177433941e+01 -4.718837068564366177e+01 2.405552931522999671e+01 -4.115551572073072606e+01 5.762645732429064793e+01 7.591255031835924427e+00 -8.404997952434747788e+00 2.994052668101594605e+01 -4.275036814683664943e+01 -3.853147709193168424e+01 5.510498859208806444e+00 -2.031456177614034431e+01 -4.813715531048799789e+01 -1.438387741642288198e+01 -4.712359128495275939e+01 1.692736779416468451e+01 -1.647304898532765094e+01 -9.551554981025006441e+00 3.415578245587515482e+01 4.047828033440136863e+01 -6.660563458223458966e+00 3.687229079575673296e+01 -2.604468423829545642e+01 -2.087480751526217659e+01 -7.940515206716816010e+01 4.862005213809579374e+01 -8.556747118082920878e+00 -7.205411268493007526e+01 -5.781410557933816108e+01 6.353105603008956770e+00 4.421610321623689543e+01 -6.015129058450649602e+00 -2.574751264434887332e+01 2.056306574893358885e+01 4.160678551773153089e+01 -1.823739050789608029e+01 -3.543726091413575574e+01 5.934798643776115767e+01 -3.039547608981696669e+01 -1.963511748230262555e+01 3.290590171746650583e+01 4.468276426928725620e+00
2.318102164717636970e-01 1.703644055545128766e-01 6.437089900407669818e-01 3.652430254661329645e-01 3.340524057626190757e+00 1.098315565506394531e+00 -8.033869299942608677e-02 -6.941422538572050716e-01 -3.861851307851198456e-01 -3.135991954262110082e-01 1.611456326586868659e-02 9.051210459251536333e-01 -6.774159805959584446e+01 7.447231208325352014e+00 -1.570902331711045541e+00 1.472014285899585317e+01 2.365169378258028754e+00 1.329160742161579201e+00 2.198164749089266401e+00 1.608226541306179147e+00 -5.531936471690994672e+00 -2.690441960878343863e+00 1.502172292489577288e+00 -1.419119262913746127e+00 -8.085419827551288963e-01 9.612610640230168091e-02 1.088500961400624689e-01 -4.057044414964128820e-01 1.103683269349762242e+00 -1.981221275040597751e-01 -6.771150378085850630e-01 9.157262626798690075e-02 -2.010261773458231094e+00 1.113749546909858390e+00 -4.613188566442445904e+00 -5.116459655318427622e+02 -1.188054449479865049e+00 -6.401663527319213287e+00 -2.215434567828519441e+00 -1.424888587418874586e+00 1.809332194016855411e+01 -5.804949781905779815e+00 -1.311906620830654902e+00 -1.764794538614351316e+00 3.090556847304514854e+00 4.746089344080600902e+00 -1.498731119677795043e+00 7.188399972553762840e-01 -3.585192969991159551e+00 2.361962051510307248e+00 -1.869188830252296540e+00 -4.907879658735772033e-01 -5.157981435981588980e+00 -1.369824278399691397e-01 3.305316824535349252e-01 1.443415393855939977e+00 -3.154948015386523696e+00 3.261277769327361131e+00 -2.524807547583068246e+00 -4.284582816540150496e+00 2.012086320446456078e+00 -3.680627507126995823e+00 4.979008280936760400e+00 8.310972536232785757e-01 -7.196215418479531278e-01 2.815307841705146252e+00 -3.561844975845311456e+00 -3.292190908816419181e+00 5.988975625390965396e-01 -1.936030871905868977e+00 -4.143519305409219200e+00 -1.177833136057934826e+00 -4.185859769132558306e+00 1.233059103664678080e+00 -1.295043523902797089e+00 -6.290151775720237426e-01 2.800123715431733995e+00 3.768024160024282754e+00 -6.012797952876297591e-01 3.409952092491888909e+00 -2.222925153829063749e+00 -1.886741931423732366e+00 -6.707254040991355026e+00 4.279498564976222497e+00 -7.736005867781594603e-01 -6.386838468446238259e+00 -5.353338130878841916e+00 5.640468457364770094e-01 3.690332915168296424e+00 -6.299040170320203691e-01 -2.283449736879488601e+00 1.888911825379412823e+00 3.462158208025139849e+00 -1.650516661422744003e+00 -3.070077835118329546e+00 4.893247103118233632e+00 -2.342759756288768536e+00 -1.569303060174326747e+00 2.678181798016549209e+00 1.831319134980513019e-01
4.955829272790694962e-01 -3.849749635648455071e-01 -2.923269248826990907e+00 -8.192289640917005400e-03 7.936682213441673683e-01 -1.051090906673115333e+00 3.117430105999953183e-01 3.241180666476095595e-01 -8.601727264006324702e-01 -2.786396420975097987e-01 -7.476265380245473713e-01 5.836461504694270275e-01 -4.390973564642383309e+01 3.753026960866156614e+00 -6.304423212065816129e-01 5.635857110417214599e+00 5.957311478175280062e-01 -1.424680580919717166e-01 -1.021068192188811397e+00 -1.381930407399365901e+00 3.627413161165875533e+00 1.365399131827043089e+00 2.134695946721345550e-01 4.853489316349697269e-01 3.525474558130257119e-01 3.383726747473738694e-01 -8.931744227937340463e-01 -1.679470722236342528e-01 4.788892625449513440e-01 1.788355411693946184e+00 2.048971012628125199e-01 1.721711090752529039e-01 9.771700751437961685e-02 -6.625956032523832029e-01 3.093035832602128554e+00 3.426167715712674067e+02 8.395072407852810503e-02 3.482769269209351037e+00 5.268168904501524530e-01 -1.049632932608083102e+00 6.076548540320842129e+00 -3.147149262881843157e+01 1.483565190299826475e-01 3.475467837816210159e-01 -5.216898515259650315e-01 -6.205419943325335419e-01 2.393743747078385109e-01 -5.320289672256568736e-02 5.969396159196209695e-01 -4.940420550385762333e-01 3.241474170068613936e-01 -2.064745808748761485e-02 7.439712366856854331e-01 2.401497982006156953e-02 -4.057086456054347090e-02 -4.260256354562667602e-01 8.382151907387920264e-01 -4.659791179016751772e-01 4.182770334697262227e-01 5.862549817886648640e-01 -4.133029363492397024e-01 5.799215276729628998e-01 -9.166073370596470316e-01 -4.721103522609573604e-03 1.191272421848279806e-01 -3.347058708219967094e-01 7.577788648415092476e-01 6.181531760802226882e-01 5.847805594504132745e-03 2.341496122964801807e-01 7.210784091171856813e-01 2.595936763129401137e-01 6.746874037617722752e-01 -3.840384636109500649e-01 3.034986669203222354e-01 2.756607290705245794e-01 -6.443891875324450069e-01 -5.351706871551341616e-01 1.007011780501758241e-01 -4.524879509947514755e-01 3.733359218667276491e-01 2.864708153697512194e-01 1.307462410480792370e+00 -6.851257354207184180e-01 1.329304923644843428e-01 1.054925811662111190e+00 7.345101055656558797e-01 -8.358840053245138180e-02 -7.839033299389049914e-01 6.787207568294001403e-02 3.770504494391900829e-01 -2.663666600525353423e-01 -7.546514966819402037e-01 2.502897959719744270e-01 5.243757818760774736e-01 -1.064384880573587822e+00 6.213484182915783860e-01 3.389462004330909828e-01 -5.639503106762847606e-01 -1.788596851404805899e-01
9.268034416934022302e-01 -3.099560779768362195e-01 -2.958581111180275336e+00 -1.034127154668827764e+00 -8.276501008683750271e+00 -4.413219891830464370e+00 6.511484902953650344e-01 8.905069481917727847e-01 7.186722279106407818e-01 6.245491393282769366e-01 2.388535181107427796e+00 -2.950510716175536174e-01 2.027723259924749399e+01 -3.203028152951262086e+00 1.161651849945030790e+00 -1.079584481135122509e+01 -1.498508922797243681e+00 -1.213544105304318332e-01 -1.548206966848064692e-02 7.948193508241885308e-02 1.387556859521872910e-01 4.959858611744380474e-01 -1.726079495095469429e+00 2.525765154765704956e+00 3.420896306494974670e+00 -4.017052035588988268e-01 -5.331344659055070601e-02 -3.090627422063749741e-01 -1.585600157381727993e+00 -4.476525829312871796e-01 1.162294645341325428e+00 -1.117424712817049137e+00 4.618307755128977732e+00 -1.333675253344449141e+00 2.516768813051312392e+00 2.809373340770676464e+02 -1.053372314676964239e+00 5.717326849244529718e+00 2.304964356086720123e+00 1.671918263878862998e+00 -1.737704108537530345e+01 1.497342352965041101e+01 2.889222383038799524e+00 -3.520741961326663283e-01 1.628015668353903767e-01 -8.691458409437437249e-02 6.411945976203504705e-01 -1.787344747093086439e-01 -5.978386907776984671e-01 1.222770145058932778e+00 -4.488614590611358923e-01 3.079444418412151108e-01 8.822589358235460866e-01 1.777137936569742893e-01 -6.541882680543263939e-01 4.563442524387681942e-01 -7.958549497861451272e-01 8.113925322594566225e-01 1.016036009135572904e+00 1.007150213308642739e+00 1.051961509637811432e+00 1.713215949862240128e-01 1.925884541297009089e-01 1.954619263066017798e-01 5.551268691309816372e-01 -9.570840150419522852e-01 -7.850938066286626826e-01 1.447382435400513145e+00 7.742826588097122265e-02 9.878057276438458878e-01 -1.030817439052357454e+00 -2.125531359035849055e-01 3.257849439500830058e-01 1.657267660609638149e+00 6.784968873898751252e-01 -1.700104646121015917e-02 1.149878395770111750e+00 -7.251423294084857751e-02 -6.413123472139000691e-01 3.168403259049046850e-01 6.245216659775175705e-01 3.625194256795030712e-01 -4.270957021276884369e-01 -1.225579582733807710e-01 -4.209818461992839156e-01 5.531419871324571025e-01 7.864493486331777250e-01 9.837268499941391742e-01 1.538861703760790345e+00 -4.358790809976451075e-01 -4.371236424661216757e-01 7.941229362266692959e-01 1.364913998100367065e+00 2.747513594214132659e-01 3.444054733834764903e-01 1.023179372357784223e+00 -6.642251158527980870e-01 5.449093300066299994e-01 1.403311745421437884e+00 1.102510944141675608e+00
8.596396212748452781e-01 -8.454417561291996952e-01 -5.246874358018205342e+00 2.935151296380369423e-01 4.689370727859003551e+00 -3.992184236881013870e+00 -7.197005026795665339e-01 -2.052240895197269044e+00 -2.904316917908876583e+00 -6.803156633227464001e-01 -3.932395811944505937e+00 -1.720454974060979136e+00 1.325794761303167206e+02 -8.656372465225430801e+00 -2.863844486340084705e-01 3.305760891664240919e+00 -1.597493938835969907e-02 -3.503815959541664249e+00 -5.466857427892657384e+00 -3.127722388021042299e+00 9.092943112195357003e+00 2.932798159472231880e+00 -1.622637678399729833e-01 2.598539725736451089e+00 4.884910682179277153e+00 -1.150501421088394594e+00 -1.600833006541285242e+00 1.331805540365206042e+00 -1.869260073278733891e+00 -1.201182960293150082e+00 5.961533330270615272e-01 -1.726335218239247293e+00 -1.568072439817507213e+00 2.020862439965535329e-01 -2.274015688679758007e-01 -2.288495163065472937e+01 -1.639889316486558890e+00 -6.169161339367951413e+00 -1.657056880492221440e+00 -6.714105878308085362e-01 8.048798785990998184e+00 -2.938491599901497331e+00 -2.999687506021022187e+00 -3.102627474689478859e-01 1.127598348533789263e+00 6.948740812028600944e-01 -1.872609675238235405e-01 1.924855453317767084e+00 1.659820636504308666e+00 1.101092595228717830e+00 -1.065636509084234129e+00 1.049627980254586701e+00 5.580196262712373567e-01 3.058818497384847013e-01 7.541100136895646511e-01 6.947019493220139008e-01 2.361869980958134274e+00 -1.603621592620841474e+00 -9.268915649181945771e-01 -1.402095087982518029e+00 -1.348260055407358715e+00 1.013474203594254414e-01 1.242141738691959207e-01 6.130577132757549785e-01 3.860511741060294044e-01 4.734701752173909872e-01 1.771460023229225467e+00 -6.884716269900160723e-01 2.541316601218497784e+00 6.873031007641163814e-01 -9.997811035885834086e-02 -1.182132378472531720e+00 4.249793310517410022e-02 -2.178240172202946301e+00 -1.073646421170494358e+00 -8.391274610911016174e-02 -1.062822113641470056e-01 1.190335442863819759e+00 2.304250374556764847e+00 1.378433750419926884e+00 4.234316400184274798e-01 1.755094384842526556e-01 -4.390096903721888433e-01 2.095569542011748165e+00 8.940797397668822644e-01 -1.997230793687948536e-01 9.596063034199634467e-01 -1.014637661032896210e+00 -1.611351106900166030e+00 2.859039368447393148e+00 6.397974034418363320e-01 3.681799067652676283e-01 -6.184873755234031600e-01 1.705768921304309238e-01 4.189983235510862380e-01 7.337589636218042610e-01 -4.031024998351712130e-02 -1.732242161510629153e+00 1.096164628457062085e+00 -1.267983033470182708e+00
8.856395506208102342e-01 -9.991213764099363681e-01 -6.579834263547591711e+00 -3.262036321171245534e-01 -4.607083613174779435e-01 -5.765843594745830636e+00 1.072505620540227245e-01 -1.282657271279750599e+00 -2.502226339558778712e+00 -6.326472379708580895e-02 -1.024309614708741378e+00 -3.889997244158421852e-01 2.801493116536164862e+01 -4.267035890302588896e+00 1.674155021901472029e+00 -1.430820820867775822e+01 -1.075324480010210415e+00 -2.562033946291968345e-01 -2.260971447052496863e+00 -1.809776963812566475e+00 4.121259245823307715e+00 1.782900849188460146e+00 -7.812064851732503090e-02 2.234797680088008442e-01 1.092398014771048587e+00 -2.446397628945012892e-01 -6.877353576576270555e-01 6.103024427740249003e-01 6.631253745270243583e-02 8.673090371060565573e-03 -7.414626937140799123e-01 1.781393734249115735e+00 -1.342658166079390814e+00 -1.260850323997509070e+00 9.401458149389636532e+00 1.043445620370742517e+03 -5.498870605064084538e-01 1.034582995384326853e+00 -5.266180027950001508e-01 -7.046884855267387948e-01 3.832306151617704604e+00 -2.360473193671176517e+01 -1.617617136422000890e+00 2.480229558502277110e-01 3.938007252466467767e-01 -1.550183144892052001e+00 -1.470924796679434765e+00 5.073593947226231471e-01 2.013635737264205527e+00 -2.075646089581260512e+00 -1.262819050713024804e+00 2.898533415310989431e-02 -9.675097366591108861e-01 6.991453081137269931e-01 2.082697665846350077e+00 -1.956085391199864132e+00 1.081367692567944738e+00 -3.411050956641891840e+00 -1.273775511297634777e+00 -2.016769098441380414e+00 -1.276725731591748403e+00 2.083230773321357088e+00 -1.055244561250205271e+00 -1.748842130859122657e+00 -3.046813962614657978e+00 1.312221369858803888e+00 4.211194630265306493e+00 -3.259904168926339274e+00 -6.557007038406037491e-02 2.796491320452679119e+00 3.447747556361444587e+00 1.025032550811360244e+00 2.288982400730829703e+00 -3.823513472966370230e+00 -1.664055341120093123e+00 -1.575862127356418618e+00 -5.408005940272124779e-01 -2.134437769542921970e+00 4.229974825091558088e+00 -1.013326211827264789e+00 -1.232766247931365688e+00 -7.818614122518029452e-01 1.367718289381469887e-01 2.835499309469774465e-01 1.523526079595316052e+00 1.010601599397821460e+00 2.689186769259305776e-01 -1.765788636121801813e+00 -4.528463948084929136e+00 2.279451191524609843e+00 7.537806236508186597e-01 -4.147001616975992455e+00 -1.807998487984126657e+00 -8.630803201333249186e-01 1.623715614518644212e+00 -1.011920761101119393e+00 -8.099061057045585654e-01 -3.169090753972555241e+00 -1.573502023945277051e+00 1.058620623153950113e+00
3.776333560538948086e-01 1.778421216967258078e-01 1.053806960140301507e+00 3.659413821709472936e-01 3.815928068121121175e+00 -5.028866162963030462e-01 -2.263702551815258701e-01 -9.235293844447868272e-01 -8.639787131786167418e-01 -3.726319559108073332e-01 -1.444045649459103409e+00 4.236156706411350337e-01 -3.164119600295565249e+01 3.151795770628835314e+00 -3.513937983273281995e-01 3.340477836243362031e+00 2.887140650716607526e-01 9.519593233226693041e-01 1.722761219898266694e+00 1.494003716702527296e+00 -4.368384178388376782e+00 -1.421696579390478998e+00 6.644782027347708731e-01 -1.106844533232700378e+00 -1.207113378155373784e+00 3.364346606327967004e-01 1.143966283876109991e-01 -8.967017995674886333e-01 4.848258972123399291e-01 8.524343044558849725e-01 6.995000029373906747e-01 -2.101203824974913204e+00 1.359312421744567789e+00 4.955364693766947659e-01 -3.406065637161413306e+00 -3.788030794569552882e+02 9.817321637396950740e-01 -1.303496084992969983e-01 1.549504826729975582e+00 7.526388691833465483e-01 -3.198290690940484460e+00 3.138601518904790666e+01 1.097351807594737494e-01 -2.214707791223933686e+00 1.206212388947943470e+00 -1.201100149835645947e+00 -4.843674172088252017e-01 -1.796251077173287580e+00 -9.403650272442330982e-01 -2.239293075502661878e+00 4.427844437793883592e-01 -1.244843132400423213e+00 -2.009926501190352433e+00 -9.063777266945974853e-01 6.878557938495215573e-01 -1.898610673649671510e+00 -4.312815243001013599e-01 9.571181392928770348e-01 -8.434400415821327046e-01 7.109822501045851562e-01 -8.288810397462857971e-01 -6.155814582445432448e-01 -1.908572205280467449e+00 -5.536762049248276085e-01 -1.127718160640503564e+00 5.786386916364356647e-01 3.019982210236615283e-01 -1.742482584436544635e-01 -1.271908538254628684e+00 -1.709878245108193751e+00 1.295110045813857136e+00 8.884430418240119032e-01 -1.048813966500628414e+00 -4.895937920711829761e-01 1.300289227437165351e+00 1.646828177809120941e+00 -4.684658516377060988e-01 -1.112303454533243086e+00 -6.744990049863455184e-01 -1.464784833836342282e+00 -4.908682922464372989e-01 -1.666992922844814817e+00 8.172259285966397835e-01 -5.873782938044123103e-01 -3.460947388614760145e-01 -4.802933595168776826e-01 -1.227215711166301571e+00 1.587065571179496093e+00 -6.819223276704529102e-01 -2.563881202886476807e+00 3.101158132496348308e-01 -7.577649008673799091e-01 -9.900776224850232898e-01 -1.249108664567667448e+00 -2.689063390568064427e-01 -1.987658474588102520e+00 5.888337143461404022e-01 1.985926190414245340e+00 -2.152957986792052747e+00 -1.926013695849084773e-01
9.450989842812986819e-01 -9.186195472666837114e-01 -5.802493595734126153e+00 -3.905937901830147663e-02 1.249430829779405006e+00 -3.347616023728364087e+00 -7.268431514241013858e-02 -3.507616884851582073e-01 -1.292908439275955335e+00 -9.791362365459782557e-01 -4.660074600249137333e+00 -6.399897903535143318e-01 5.084069213678485966e+01 -9.423668722992707414e-01 -1.141443185149791706e+00 9.728588169855129308e+00 2.210679551617212635e+00 1.673135212772400626e+00 3.460307309005114629e+00 2.237759859728229550e+00 -5.661134747039659132e+00 -2.269129144132627562e+00 5.116852841201876556e-01 7.129879084386669952e-02 2.139726649455861107e+00 -5.199793870176885324e-01 -8.571607832831547036e-01 1.319737125032745872e+00 5.932413846936137602e-01 -5.613161625312502734e-01 -1.298792920618851987e+00 2.083868671640304981e+00 -6.916799145716367114e+00 2.616878115401572114e+00 -1.055685303702847300e+01 -1.176759753060758612e+03 1.195267532667820376e+00 -2.908402754303341275e+00 -1.224009037018724877e+00 -4.453836247425929651e-01 6.187645192594169785e+00 3.396257893406129824e+00 2.083509726348092839e-01 -5.107475070548741503e-01 -1.124877593624105554e+00 -1.540815029780598699e+00 -5.920537372463110515e-01 1.551233923986117702e+00 -1.305039232695563101e+00 2.941331341780757391e+00 8.724936963163295589e-01 1.381143877649539942e+00 2.151536289115179912e+00 6.497992870957448597e-01 -2.427397887279791000e+00 2.738021851666474937e+00 -5.431486582869884255e-02 9.341170468977040287e-01 2.110990696461534366e+00 1.138445756019582200e+00 1.979768665112013215e+00 -6.462820032883840327e-01 2.779985602601308337e+00 2.243484951565451357e+00 3.580902084297622245e+00 -1.453759377990483381e+00 -3.466497442099690129e+00 2.016955416754421915e+00 8.085437559649735206e-01 -1.728611594806156726e-01 -3.464266851064215391e+00 -1.154612927518751553e+00 2.142629569930079858e-01 2.422499618454926562e+00 5.984340297752996918e-01 -1.661660968377070002e-01 5.830840605095327644e-01 3.338843181500108059e+00 -2.442655633091341372e+00 2.020494354265250259e+00 8.860684384190185003e-01 2.813936258132077928e+00 -8.494980832283341998e-01 6.801820058503948996e-01 1.058502768837088076e-01 -5.161922700845799072e-01 7.688334473787042933e-01 -3.670301180487869908e-01 4.439421263849487431e+00 4.552989131072828211e-01 -2.100740911965280233e+00 3.726997796067227142e+00 3.060978084874525162e+00 1.970138581003006761e+00 -1.439904949646489962e+00 2.566518004154906496e+00 3.313380380726075325e-01 9.442649796414422925e-01 3.265571529467723888e+00 3.746325706880007100e-01
7.523286117067135015e-01 -4.682092755264171124e-01 -3.668995956046634532e+00 -1.886031633619678072e-01 -4.700785315455455748e-01 -2.155041760044287713e+00 1.973581114848320106e-01 -2.873438386819940904e-01 -1.520306810719163737e+00 -8.883295897897990345e-01 -3.119707324893952638e+00 1.504746098603380045e+00 -1.120785850097169316e+02 9.814657349040899703e+00 3.387162527429564696e-01 -2.813231973208059511e+00 -8.203922291384205812e-01 -3.734969759908515208e-01 -2.118686687094192056e+00 -1.224285542070717936e+00 2.613129945517728370e+00 5.951202794837227028e-01 4.468923989911613992e-01 1.260710549342498599e-01 -7.726974016181046290e-01 -1.675847790023343498e+00 -3.151611173759993445e+00 1.919678840465652847e+00 -4.186717984042138685e-01 1.164192565613623387e+00 4.417863729737581679e-01 -4.934395962624943399e-01 2.118942275414001042e+00 -2.604883453437444985e+00 1.431846779096545674e+01 1.591761982495649590e+03 -1.854001369770747587e+00 1.668635729506244170e+00 -3.257247445248134810e-02 -1.650184783570744163e+00 1.216287364793273085e+01 -3.896668048260282546e+01 -1.651162923074366073e+00 1.396432308548689605e-01 -2.074712320988345127e+00 -2.080987233329134156e+00 -2.522828606388110018e+00 1.836306834596511006e+00 -1.431373797795457481e+00 -1.793789643573491910e+00 7.329987049942965349e-01 1.130045749529650784e-01 3.157399562053922470e-02 1.811846505797884421e-01 7.431147396919399739e-01 -6.456113024137075662e-01 1.535729204032849182e+00 -2.438979213070385565e+00 2.106971010640476205e+00 -2.045794959079262273e-02 3.946118356916945014e-01 3.351470212800246595e-01 -1.050786798352588480e+00 1.175676592324299996e+00 1.950003568725807046e+00 -1.081747324466087790e+00 -4.038127085793986049e-01 5.875721106127019810e-01 -5.399689825337523619e-01 3.765636888017955819e+00 -1.176367670142955957e+00 1.101059742666740338e+00 2.651575559111158498e+00 -2.719538233626324963e+00 1.652069776229576625e+00 1.777339543275874290e-01 -1.318452064630498910e+00 1.210030783797002574e+00 -9.738167901747644128e-01 1.376388933690759098e+00 -1.919734824628112291e+00 2.297531525570140509e+00 1.241170652681754527e+00 1.442360753311480170e+00 2.699396155562296062e+00 1.316534243356607403e+00 -5.969515190490821688e-01 -6.608389340357415653e-01 1.136603254652159167e+00 -7.743882498444091267e-01 -4.395404933558403116e+00 -4.238182378022664620e-01 1.577742567888585246e+00 9.666563347147861807e-01 -2.114739391460840778e+00 -1.319180280706842012e+00 1.726296910881504720e+00 7.258189067228598690e-01 5.375051080088154576e-01 4.287501511222592043e+00
5.689394393974306352e-01 -5.096342023253089826e-01 -2.763251389093738020e+00 8.979817622023023027e-01 9.272795319626819577e+00 -1.005367023480967292e+00 -4.518041223541539031e-01 -1.540881333679795517e+00 -1.651030866202921388e+00 2.675231952469153685e-01 2.778460635763857489e-02 -2.051651689646344590e+00 1.545422325892941444e+02 -1.272232893726283898e+01 1.562885814167452869e-01 -1.376187432233133556e-01 7.259467399595047332e-02 -2.765503391997111482e+00 -5.430225570226731691e+00 -4.382955618002544185e+00 9.901091538168930839e+00 3.333119531389520773e+00 1.064033830810919845e-01 1.939391153196623030e+00 3.338304151763788585e+00 -2.459802122118053269e-01 -1.454576133551706896e+00 8.087446535082658539e-01 -1.707273923353084255e-01 -8.363260232502981451e-01 -5.832323972882468288e-01 3.479881075713348038e-01 -2.860024462473569340e+00 1.315238722413298866e-01 1.146407192535505271e+00 1.292582504677892814e+02 -1.652054350289878570e+00 -7.177418706375239488e+00 -2.753613524369811216e+00 -2.820267312265885007e+00 2.591236175608379355e+01 -4.287999912551002524e+01 -2.841234734062360268e+00 1.079915320656207101e+00 -1.475368334868617959e+00 -2.046986548603275224e+00 -1.283589959140143399e+00 -5.413846527067687653e+00 -1.024970779318345215e+01 1.426115719586113384e+00 -6.291467304720440579e-01 2.416775308546935397e-01 4.065190542264468521e-01 4.920930696423648359e-02 -4.716579252278917389e-01 7.799187868039245686e-01 -4.788886399630331581e-01 1.061547650886045968e+00 -1.066757105405039097e+00 -1.921725950341405253e-01 -1.884167586058460020e-01 -1.244492242210564897e-01 8.198250827126418727e-01 -4.440171341611869882e-01 -7.310218496459119919e-01 5.207338645684416178e-01 2.454572047992919226e-01 -2.812926641828030205e-01 6.511904179819855143e-01 -1.530607630117343243e+00 2.590738371938735574e-01 -8.644889774350387190e-01 -1.190907459721400663e+00 1.279141732508218610e+00 -1.246446842024234058e+00 -4.608157446018477099e-01 7.689082660688187909e-01 -4.049975931328029244e-01 7.051277753097174861e-01 -2.581359706690579681e-01 1.010662041229166475e+00 -9.483401736615896249e-01 -7.920919495209662875e-01 -4.414916834413474267e-01 -1.210753292754017219e+00 -4.933009206314541983e-01 6.291340559504625674e-01 1.141526780458913398e-01 -6.206018567769500116e-01 9.700303911473924234e-01 2.299671491445032689e+00 4.473363348674269657e-01 -6.971886553386986707e-01 -2.774430214102131531e-01 1.108760479646077712e+00 1.059671870035325147e+00 -1.002249480665677428e+00 -8.108144880073409055e-01 1.648565058163879160e-01 -2.253978879822638781e+00
7.749095857387489072e-01 -7.269024065894215125e-01 -4.901683982528247441e+00 1.466234210766103052e-01 2.941411721420602809e+00 -2.140681364458368652e+00 -2.588913299836230753e-01 -1.984611249073956252e+00 -2.662549654870025151e+00 -8.533317577973342782e-01 -3.491589745073682138e+00 6.313616474924945710e-01 -4.683334186483505590e+01 5.178128295066663611e+00 -7.230123534940048335e-01 6.409785900507856127e+00 1.455393665464036701e+00 1.157727216420221694e+00 2.367389631409546613e+00 2.481546483888406041e+00 -4.965527225952786061e+00 -1.055717451715751487e+00 1.748401464526876392e+00 -4.412568704755079452e+00 -4.660942551861766425e+00 1.074768047065345566e+00 1.739605199599178142e+00 -4.720551480776449260e-01 3.257841998231568059e+00 1.374446497650619659e+00 -1.645446978587821629e+00 3.261620120769985309e+00 -3.219516356270051727e+00 1.605354393058590734e+00 -7.352753758431648912e+00 -8.213964383383874974e+02 4.104913645303360781e+00 2.948394716828505846e+00 5.876112869200138533e-01 -5.864412591100911509e-01 3.240990144400044848e+00 -1.877781068146493126e+01 3.492548035582045962e-01 1.108923823484209148e+00 -5.358277684281440578e-01 -2.529311190952362232e+00 -1.984641731513939966e+00 -2.431525476860070700e+00 -7.627277088081235057e+00 6.287636710096789372e+00 7.320793138508163711e-02 3.555978531853291446e-03 1.400166630544626978e-01 4.868568538127755752e-02 -1.087869743974748893e+00 7.035244103081280675e-01 -5.967544173581131872e-01 1.006752873654007230e+00 -1.483398442048187993e-01 3.488526013168358753e-01 3.313259074672766369e-01 -2.205460387392996491e-01 5.287791061482405297e-01 2.449119956512090523e-01 8.282329889025739911e-02 -6.367940763078984434e-02 -8.982376082010438134e-01 4.819486658764446929e-01 5.095824048918116134e-01 -1.268329696592917166e+00 -5.825718876219202480e-01 -5.673159040304227574e-01 -8.410081392108164078e-01 1.231900863480813291e+00 -1.065451033211266135e-01 8.362901633792049760e-02 6.342732996038447091e-01 -1.599137532912847312e-02 -7.920928285520519863e-01 2.282311662625948270e-02 6.030645483553053188e-01 -3.158155580260661299e-03 -2.334491618931008039e-01 -2.645218798927384540e-01 -6.822229318369561479e-01 -4.048607605302283474e-01 7.356426632777299246e-02 5.240128732083703111e-01 7.654020430162941091e-01 -2.478086826358135430e-01 6.053601742615022374e-01 1.084970138867485945e+00 1.953211229016513228e-01 -8.412148506323423661e-03 2.587616853004863215e-01 8.550477600808139567e-01 -3.443195294187992306e-01 3.042776693058874549e-01 6.217224311620442867e-01 -1.090986575758941646e+00
6.682185186820834844e-01 -5.777304060073622516e-01 -3.622118724423257774e+00 -1.307727845528943167e-01 2.407797753639380200e-01 -3.498590413342727246e+00 5.694530742365854215e-01 1.181947105935229336e+00 3.616198256905415187e-01 4.627485772793857310e-02 -4.284885687372541607e-01 -7.312690766176218604e-01 5.476318021940552683e+01 -4.255469032198059054e+00 4.484262462591459553e-01 -4.021944836761148778e+00 2.802384258479214685e-01 7.604464358846467764e-01 1.977250401748537723e+00 1.695209433859558246e+00 -4.396811152148880630e+00 -1.978909330047251114e+00 2.346892561674628341e-01 -1.507391239246746450e-01 1.089338314161550691e+00 -9.710173270039595961e-01 -1.516261109574893906e+00 8.237733662145365621e-01 -1.123435865537179001e-01 -1.072156300201876800e+00 5.490772234721844614e-01 -2.416148142837829749e+00 8.609193627141487060e-01 -5.669116056025043093e-01 6.396333505040955991e+00 7.106644087832678451e+02 1.817801764245540186e-01 -2.564337787304632688e+00 -1.840615271842540146e+00 -7.421739805216767127e-01 5.776416620801835045e+00 -1.580104209745421073e+01 -2.481817813922633675e+00 4.859915139485248003e-01 3.510840571648446318e+00 8.910434350908179368e+00 9.967868079941750281e+00 -8.964379213000636115e-01 8.348614135258557667e+00 -1.778536968394919171e+01 9.413522698701615177e-02 5.742813106738547724e+00 4.977724636147800474e+00 1.157068003651354315e+00 4.658441639509269372e+00 8.495519509159756844e-01 4.579466438270375583e+00 -5.946853889768718204e+00 -8.461247163234544288e-01 9.031261704893603914e-01 -4.581367915026555160e-01 4.993070627795148098e-01 2.905022110237682753e+00 -4.641038834037018446e-01 3.470928804142785928e+00 1.621489153407371875e+00 4.399497706465125724e+00 -6.596814061117699524e+00 -6.857094642322053346e+00 4.425111642810733770e+00 4.512788143206998726e+00 2.365787095749785074e+00 8.318079678926233456e+00 -2.691665865086807052e+00 -4.800941585218788665e-01 -4.544851886835586718e+00 -5.753043724696325967e+00 6.254619457618176170e+00 1.078748076166895942e+01 -1.015861430164713974e+00 -9.089953708887700268e-01 1.048527945237360814e+00 -3.510697107574853870e+00 -1.390496519128384234e+00 3.446457033768898892e+00 -2.470279278898692213e-02 7.479690278590313213e+00 -8.686984644987367332e+00 -1.966051328775139773e+00 8.793742247693653979e+00 -9.079472204921479328e-01 -4.101178825150499918e+00 9.146460701067498089e-01 4.056793375412203417e+00 -4.244413853542763349e+00 -2.216304219735913961e+00 2.098716040475828049e+00 -2.853285581389762626e+00 -2.740459674815809876e+00 4.722698270328826275e+00
9.593983123072424846e-01 -9.221573152164465048e-01 -5.860675582688767093e+00 1.958459924175586231e-01 3.843770781054901331e+00 -3.475941666155412335e+00 -1.698021995913210347e-01 -1.154663669221311917e+00 -2.561012192936360954e+00 -1.357681703583959454e+00 -5.885262419230357978e+00 1.032888865439884896e-01 -4.516578727738719046e+00 3.221901631701651780e+00 -5.800494232725009747e-01 5.253076618651540741e+00 2.413773770203498925e-01 -1.591879714408704904e-01 -4.127423735636215341e-01 1.841002463701162939e-01 -5.381506253602078571e-01 -1.153279053630398954e+00 7.734848858992158238e-01 -2.063845023670942691e-01 -1.040611470750977929e+00 -1.711634327066441141e+00 -3.685241455748306638e+00 2.845742504420336605e+00 -1.542002520285665756e+00 -1.754413824841249969e-02 2.626721319759923179e-01 -9.541268861215461694e-01 -2.333493490578717022e+00 5.096345941089490683e-01 -2.262828937632849424e+00 -2.492577732234647669e+02 -2.243819410536133763e+00 -4.866841605079506472e+00 -3.081830511091920854e+00 -2.325667266666002320e+00 1.803219836049358449e+01 -5.322903825116384269e+01 -2.762860221466113764e+00 1.982530522246560789e+00 -1.445059303499835579e+00 1.176127294591704953e+00 -7.767018354754205989e-01 -2.558453005159728288e+00 -5.275690562083863000e+00 1.581606252592640649e+00 -5.679118625796112374e-01 5.233982705279793812e+00 1.097548947374090700e+00 2.749343767427359642e-01 7.915044324153566180e-01 6.874816253576657155e-02 9.296340464046115581e-01 -8.552740199916379904e-01 4.128175901258871461e-01 1.000001606959012163e-01 3.034370261535658253e-01 -4.929442180652549022e-01 9.920176936887179497e-01 3.705412002640884328e-01 8.865081045624280121e-01 1.099850701304450756e-01 2.275027530200630643e-01 -3.925545276505347236e-01 -8.517854104883363364e-01 1.039641961214855970e+00 -9.984228114447060709e-03 2.312670835832879301e-01 1.224119919720536798e+00 -2.202949349325263873e-01 -1.509443065274778117e-01 -6.157428162557101459e-01 -1.115548052887578523e+00 1.461597968808523218e+00 1.235057910993763386e+00 5.632871708152998869e-01 -2.203733330853043793e-01 5.336807566283782028e-02 -8.176059170170045798e-01 2.137729571267191209e-01 6.475201351339112676e-01 1.040840822958883499e-01 1.012458956994608972e+00 -1.154444447342122482e+00 1.536342476770949893e-02 1.482446944689847390e+00 -7.969918048774422559e-01 -1.299012483827344522e-01 2.593809526025958045e-01 7.424738927901572971e-01 -7.996268161383199846e-01 -7.940804521769483093e-02 5.957937161739377263e-01 -2.169869040996891263e-01 -8.888536613817185628e-02 7.562603503886906608e-01
3.790320456326822240e-01 -4.676735724715915254e-01 -2.244389665191128813e+00 1.252569470185550982e+00 1.182460582103654367e+01 1.898490548537099754e+00 -3.637448181801237190e-01 -8.078681826287463785e-01 -1.804446558464779304e+00 -6.470649789416348385e-01 -2.993853484671047838e+00 -1.337153125440710966e-01 1.210583125176611929e+01 4.880747514737803217e-01 -3.248399002280032422e-01 3.785208832855649241e+00 4.951123341475415218e-01 -1.767205967882236717e+00 -4.075514974319859540e+00 -3.816059173641793034e+00 9.489223034324366424e+00 2.740480410950911327e+00 3.331636622635453238e-01 1.674527919264334308e+00 1.030193150376264244e+00 -5.804934302419959558e-01 -3.917054257923417548e+00 1.238420508423212052e+00 3.529542945846613211e-01 1.575555859719364182e+00 1.271090865252676227e+00 -3.248730744998974629e+00 1.547102829445184513e+00 -1.185455560843747591e+00 6.552060091253738783e+00 7.317749890577179031e+02 -3.041265668102571151e+00 -6.409435512718635763e+00 -3.732683487172648640e+00 -1.976388440111429334e+00 1.680224939773888693e+01 -3.768895921588336506e+01 -3.929487153114660458e+00 -5.294669506802957004e-01 2.416942014602195155e+00 9.642462900244884949e+00 8.007400241534471164e+00 3.372679520428801148e+00 1.544125593481897596e+01 -1.266535679780563051e+01 2.316050199749399852e-01 -3.976266286444341436e+00 8.709165348863011635e-01 2.870836078796239921e+00 -1.359138712026300233e+01 6.162930156148732408e+00 -1.054281934940921595e+01 8.940840859134368657e+00 -3.273509930987811600e+01 1.519432848189085483e+01 -6.717607569483099006e+00 1.174391070553731886e+01 7.076138600657314370e+00 -1.106397690842401893e+01 -3.372426715376737327e+00 2.102423851547643707e+01 6.790287558104900256e+00 -3.316917268734027857e+01 -2.875057055021202501e+01 -4.124947211152037596e+01 3.964883639112534297e+01 4.339508476325272035e+00 -6.031741027152793810e-01 1.844385102277817623e+01 -2.967556499319339736e+00 -5.549660917186668430e-01 -1.940239100186919030e+00 -2.515129572553795878e+00 2.082390664524989532e+01 -3.133339987620979272e+01 -5.813957752290029646e+00 -4.757501400747105258e+00 8.802768217171170306e+00 -1.741597377577141970e+01 -1.214110429982321904e+01 -1.052129829521514992e+01 1.715406999262470222e+01 -5.883777611727326828e+00 -9.377842450903120408e+00 -2.525791118515543943e+00 4.475167857614460587e+01 2.845119039963612373e+00 2.993306321352216859e+00 -8.642990949970720260e-01 -1.023844936168568420e+00 -1.219719527715043217e+00 -1.269349864895772839e+01 7.154323504719418914e+00 -2.275404352910351591e+01 -2.282441344948433581e+01
3.575042032298756389e-01 2.576716128104790671e-01 1.308709224973218621e+00 5.643692212997097890e-01 4.648544370140395898e+00 1.705493305133022108e+00 -3.798773560346634381e-01 1.634553301294335848e-01 1.144323483139518594e+00 -2.154282428020208862e-01 -5.721486839559127846e-01 3.566376974377877263e-01 -2.607702092018289264e+01 2.833202845346702858e+00 -5.488601275781850308e-01 5.923229953662316305e+00 8.535988046741865842e-01 3.001608333919147942e-01 1.701973506412792769e-01 1.458884729676209080e+00 -4.415086426361965799e+00 -1.468537109264628659e+00 -1.661272420627407653e-01 1.275428520320205927e-01 1.507764591124451714e+00 3.240877876033485538e-01 3.749568554284373967e+00 -2.877477872950673365e+00 -5.256966723610723147e-01 -1.540643294176717859e+00 3.910762213645883056e-01 -1.150454087860013352e+00 4.415145065793654844e+00 -2.258840812488625005e+00 1.291903438040538354e+01 1.436208046588900061e+03 -1.645900440282741961e+00 2.699634806549933153e-01 2.130109834936925850e+00 3.791423132546112296e+00 -2.629550782997613823e+01 1.004342468423759698e+02 3.202646959570287777e+00 -2.279543433844441580e+00 1.629427195831505415e+00 -2.670982125410411800e+00 -1.611715872530568028e+00 4.988615859326160695e+00 1.725737685112838982e+00 8.605583454437898183e+00 -1.923541356875845709e+00 1.219254602220622985e+01 -2.321711025286977481e+00 4.852183650552024829e+00 -7.802789524983107405e+00 4.429054608146962835e+00 -7.593633237715904372e+00 6.416064289287920275e+00 -2.287915154671461337e+01 9.190603974337381743e+00 -5.506339086087727708e+00 8.780835948780971734e+00 4.027243175451563850e+00 -9.511750562439848622e+00 -3.699598098524947254e+00 1.420004185869318469e+01 6.892043802436038646e+00 -2.396051382362868765e+01 -1.935601645621212086e+01 -2.760015551739835971e+01 2.806879443049449563e+01 2.838808633068043541e+00 -1.425977070966401250e+00 1.120611559201046425e+01 -2.728400161529502377e+00 -9.181243604063841213e-01 -2.969618386992943782e-01 -2.653163474440920488e+00 1.561598196595102728e+01 -2.237087740865062457e+01 -2.597103373423094830e+00 -3.696388085574056959e+00 5.227608579007957168e+00 -1.302359926599299556e+01 -8.866347818168561545e+00 -7.404114291750822474e+00 1.126649067080057698e+01 -5.231174567535558317e+00 -7.377119521280779857e+00 -1.079624227723060992e+00 3.184962704651680099e+01 -8.668254302606744899e-01 1.174635838688197209e+00 -6.779035991726267696e-01 1.586422391076301452e-01 -1.487319995548509022e+00 -9.289994472931763170e+00 2.999067709754474009e+00 -1.661880472747617077e+01 -1.569380949580903639e+01
9.839886934165421595e-01 -9.912144841658722116e-01 -6.203400558597061298e+00 4.612873251733627944e-01 5.896171481995188479e+00 -2.169492354055243766e+00 2.061174974970014784e-02 -1.759485167149479334e-01 -2.001059313461651001e+00 -1.894534801241486655e+00 -7.528478612390088642e+00 6.323838647839734595e-01 -4.317972050142988394e+01 8.231298734244241189e+00 -3.046201785790425109e+00 2.734129265645205109e+01 2.832766728644476206e+00 2.484393470834895812e-01 1.092216480521823296e+00 2.692745381423199635e+00 -6.035329903413721553e+00 -2.905524509363926366e+00 3.081162420314308203e+00 -4.469533866294163715e+00 -4.677518537732842319e+00 -7.296212533118235921e-01 -9.376330242616577326e-01 1.877578163672098732e+00 3.679557424675152788e-01 1.563666254556159707e-01 -1.080984052490938208e+00 1.399417943805746578e+00 -3.941853314929820939e+00 8.373172338349158528e-01 -2.569218140777308701e+00 -2.842697774635498149e+02 -1.284314783917153147e+00 -5.711089139138796789e+00 -3.552940387253832988e+00 -2.140335159222941375e+00 1.789891358096341278e+01 -4.247799045479899149e+01 -1.935363953526532343e+00 3.208402040129739508e+00 -1.629790365117856243e+00 -7.513496149232450350e-01 -2.661091309317423548e+00 -3.321524627733563495e+00 -1.176407554729882143e+01 8.271657266364394800e+00 -9.604965427500588016e-01 8.711610501048298261e+00 -3.501302267673261248e+00 8.653804388923086677e+00 1.946045289512827026e+01 -8.921198170837552066e-01 1.411357113056945778e+00 -1.089284796648321008e+00 4.264456016817871564e+00 -1.347162306661792153e+00 1.170141557971968727e+00 -1.759220272335547230e+00 -6.767701527320744148e-01 2.148216126692477079e+00 9.292372765093405151e-01 -2.539305041517442074e+00 -1.884842953393383924e+00 4.679465050659358916e+00 3.473383895680886013e+00 4.767840793965025803e+00 -5.370144703511249062e+00 -4.549788967693391695e-01 4.244554237486629633e-01 -1.701076713470588198e+00 7.040115319449555820e-01 3.690492111857021085e-01 -6.108331425818541716e-02 5.643242823475024261e-01 -3.358262183722163563e+00 4.228133677104920274e+00 1.753856457827621396e-01 7.463324572459980599e-01 -7.490588486303045856e-01 2.641987460722162062e+00 1.712879411328182666e+00 1.392276880236080316e+00 -2.090710866746839702e+00 1.442052302463673996e+00 1.607187531520463120e+00 -1.809050523145297740e-01 -6.088023468950674477e+00 8.822305030006030169e-01 -5.810972601939636689e-02 4.616490671277750230e-02 -7.214182186733128499e-02 4.822488262310909990e-01 1.760083444716723067e+00 -3.767240566429448309e-03 3.235847824403190742e+00 2.802605713722589709e+00
1.914482978136402558e-01 6.402482352474061500e-01 3.448978949886615020e+00 4.768119556856648122e-01 3.841836353075438915e+00 1.434702508894203588e+00 -9.400313250490088812e-01 -1.776033238278922344e+00 -6.548660333171590908e-01 -4.964914111262934693e-01 -1.954862043668707638e+00 5.486165926627222245e-01 -4.049291425312179626e+01 3.275257497200501966e+00 -3.457429250225831918e-01 3.431425668521479899e+00 7.578381064770766118e-01 8.877949375403108023e-01 1.152506553486391416e+00 2.194215442282257733e+00 -5.005649824998020136e+00 -1.508040536968831447e+00 6.747105281116990705e-01 -2.826271708498264701e+00 -3.790652199720314641e+00 2.684453718638704078e-01 3.169424029127767994e+00 -1.152238480095426620e+00 4.197310455199766421e-01 -2.397195900371245081e-01 -1.096723997540479445e+00 2.466278082870269284e+00 -9.532289708518334459e-01 -7.192152194326527637e-01 6.486472240876774542e+00 7.176582833957795629e+02 1.236402147310661448e+00 3.572504247884760176e+00 2.409607320022232990e+00 2.989478244076780644e+00 -2.413161645939684519e+01 6.019048777648219328e+01 2.906316419171648846e+00 3.024371314041696124e-02 -2.364191058585340954e+00 -8.674342368847609563e+00 -9.666318544916197908e+00 3.741527404351897790e+00 -8.604357158530083538e+00 2.152178700942632616e+01 1.514032980385553451e-01 3.962969221773329220e+00 -1.009984191261518394e+00 2.125483926238392218e+00 2.643394082975589310e+00 8.710995777656701522e-01 4.646946688542559656e+00 -3.663140244032262416e+01 1.178159554725756308e+01 2.205279067332575949e+00 -3.979767879841069167e+00 8.243300406988518958e+00 -3.812236500507463433e+01 1.586412786614623904e+01 8.317891365974045215e+00 -1.600200080557150173e+01 -9.945083711805477122e+00 6.964298567486284952e+00 2.475625758356730799e+01 3.433891247515393985e+01 -2.770681581215959000e+01 1.694183330192760684e+00 3.175754589847826637e+01 -2.328001133493599895e+01 2.496153195857564455e+01 -9.424228617200820501e-01 -1.285141445095683466e+01 -1.515585420916571380e+01 -6.447949026672669115e-01 1.584845326318971459e+01 -1.937270143144655421e+01 2.095189839272417842e+01 8.877049410447536815e+00 1.453676425093256519e+01 2.511171143023497621e+01 1.360794118561261534e+01 1.773742801517340340e+01 3.464547900355296584e+00 1.770471065926187082e+00 5.908736355821864628e+00 -4.245624333576147791e+01 4.968039559923504100e+00 4.397409464708045945e+00 1.026053010458668346e+01 -2.486041843048704791e+01 -1.125018226745218186e+01 1.923173662428564867e+01 1.917942001936898011e+00 3.017719869859297432e+01 4.098140267673559833e+01
9.740299875181511746e-01 -9.602507476705961498e-01 -6.457423616369029062e+00 1.042532966773219716e-01 2.822385818440432015e+00 -3.624879566546244103e+00 -4.982366422725744703e-01 -1.501144007572744687e+00 -1.433643350867556121e+00 -5.428363988017503861e-02 -1.267672977497839915e+00 -1.662732936806419426e+00 1.256872043046006269e+02 -1.010748482846075191e+01 -3.208780450821979713e-02 4.434217496370202460e-01 2.116982759977389938e-03 -1.143466402587113961e+00 -2.314457703906830144e+00 -9.308435486474520015e-01 2.740902938143532808e+00 3.451183268183540820e-01 9.368011089052743490e-01 -1.962144328967392326e-01 2.126014153270787244e+00 -9.983939188760475592e-01 -9.024285868021136858e-01 1.850997996826495573e+00 -1.312472157284166663e+00 -8.875812171888848301e-01 -5.875595248271676674e-01 7.431105672647096982e-01 -4.472407419574736309e+00 6.426379412113697454e-01 3.146698580185830485e-01 3.311621556192586269e+01 -1.168150644624506018e-01 -1.622311788946165567e+00 -2.165174241393638122e-01 6.589747534641480220e-01 -6.168745406051488800e+00 7.245261667738254197e+00 -9.788444928575326109e-01 -8.921789229042481617e-01 2.124970772464347402e-01 1.355828143032813182e+00 8.778901234186509139e-01 3.506774535717339880e+00 7.486227494517786241e+00 -3.331442613556820920e+00 8.790433399738687426e-01 -5.780682357903098811e+00 9.153443488416790341e-02 7.592969194609922035e-02 -9.390830905681549767e-01 -2.433054822025864095e+00 1.471478736263226317e+01 -6.528430558730236477e+00 2.857012817761001244e+00 9.152276000567256820e-02 -3.443717489112375074e-01 8.972707925153058373e-01 -6.401014458533442308e+00 3.210201035068418030e+00 1.582128178661584395e+00 -3.191819535698114052e+00 -2.195368738820860255e+00 2.282812409579805468e+00 5.022517088430158871e+00 6.687063742466143879e+00 -5.901435121882513180e+00 2.366967765068975493e-01 5.333254047112377272e+00 -4.065744070663471099e+00 4.508888889928333477e+00 -1.398578663786263949e-02 -2.404564941762040498e+00 -2.388395843126216889e+00 -8.875035034389915367e-01 3.655228736524280375e+00 -3.334895480313975646e+00 3.721271077642338554e+00 1.349554007584607529e+00 2.941563951116307862e+00 4.448935268036688484e+00 2.450860029350363511e+00 2.654565823337765806e+00 8.213014117617851717e-01 7.354550807919189026e-01 1.053314320298351259e+00 -8.576568889528321193e+00 1.124570709259145929e+00 7.064512145427196410e-01 1.770419671697245567e+00 -4.375947077013925046e+00 -1.953017946363323487e+00 3.834660688728412037e+00 4.521191629811356361e-01 5.854079078719026441e+00 7.487146508097707986e+00
5.005707353137319737e-01 -4.561228475228423784e-01 -3.036561800244297338e+00 3.102602454662782838e-01 4.231869570698369998e+00 -2.454120286287776231e+00 -7.237223301860823410e-01 -2.081130127458386436e+00 -1.617129143592961338e+00 -2.555388198883601358e-02 -3.355081714099571455e-01 -4.273681728172249450e-01 3.265151121607873819e+01 -2.959179625490374832e+00 1.063986322623824421e+00 -8.249776604869486718e+00 -1.003542097699500424e+00 -2.151000698789708565e+00 -3.243979899207211748e+00 -1.077147947950104712e+00 4.041885046460733655e+00 2.100466421985609955e+00 -3.841565472710086748e-01 1.192389248544451608e+00 3.364420386788198769e+00 4.364650354716429481e-01 3.004231675851671390e+00 -1.679303983319257121e+00 -1.421864998032717819e+00 -1.108643228135219649e+00 8.743704332308475102e-01 -1.820416157106718114e+00 2.019574861395617482e+00 4.499499160596662772e-01 -5.667237419658365027e+00 -6.283069898993095421e+02 6.130097592684835561e-01 -2.825004127103181162e-01 1.896237129460121240e+00 8.372642207212585008e-01 -4.651011175802805653e+00 2.796395822624284477e+01 6.124655319418623733e-01 -1.447243453963078963e+00 8.849539245062352233e-01 -3.728226707576195231e+00 -8.839541865024483913e-01 -3.720150544663901382e+00 -8.540320127674219108e+00 1.399294891683324771e+00 -1.861493160440902406e-01 -2.438194420527854955e-01 1.316622230304564267e+00 -4.175562487704376657e+00 -1.525012512384553709e+01 -2.564251012224909587e+00 1.581607259298032631e+01 8.148349807130045974e+00 -5.627845671313719267e-01 4.384612414778032430e-01 -9.054962593471034202e-03 1.071033145850847357e-01 2.286946196980529644e-01 -4.118381172993004768e-01 1.751269546400417154e-01 5.731206147253585792e-01 -1.927456185447588149e-02 -6.728738644336497154e-01 -1.230200274692881957e+00 -1.062669718723942003e+00 1.008808221632641722e+00 1.988002501100793670e-02 -9.417002164019107335e-02 2.714498714782576649e-01 -5.817147770123110018e-01 1.594242340790329518e-02 3.693533921877623638e-01 1.546996034080672100e-02 4.458825087095300704e-02 -7.939080345464526456e-01 2.196613621176047859e-01 -2.841913522038577167e-01 7.778503566179825746e-02 -3.625164563744047164e-01 -1.252172676745965940e-01 6.629456710355917035e-03 -2.087125621393456643e-01 3.091316069978646275e-01 -1.742598156445208657e-01 -4.920328549536526763e-01 1.321837872827528626e+00 -2.066423511302840216e-02 4.108552150838711697e-02 -2.089566182146564421e-01 6.712751710815849648e-01 4.758207437832041031e-01 -6.151095309326746197e-01 1.177457090286089525e-01 -1.197683177846332603e+00 -9.238663705327664344e-01
6.293968689880823364e-01 -3.407239183792053483e-01 -2.386345336355000235e+00 -4.447790784250802432e-01 -2.941976826163021919e+00 -3.388981721317887441e+00 1.569065339495016864e-01 1.391060980439440820e-01 -4.093397382921085681e-01 1.473994347707398012e-01 1.849228278159389394e-01 -8.474122361644852441e-01 6.448555910302519578e+01 -5.189134742870883166e+00 9.318292036074501405e-01 -9.063789570971058751e+00 -1.094520634333741249e+00 -2.586833097483401955e-01 7.744766701199439218e-01 5.806715182742345771e-01 -1.966358163363879363e-03 2.040155031661193830e-01 -8.249858233309816935e-01 1.379499070383224391e+00 1.925120254627943783e+00 7.728935979831014214e-01 9.135773787533395529e-01 -7.533483446745508072e-01 -5.661267591047727255e-01 -1.569838397258896956e-01 6.297194238826384627e-01 -1.695667994155890757e+00 -1.086222599395725963e+00 1.718594719054305830e+00 -1.010744668074992703e+01 -1.122590899010029716e+03 8.761970087983320665e-01 -3.126658761137848686e+00 -2.574455455042418128e-01 9.044819523854474852e-02 7.883463386293229069e-01 8.414933399883102183e+00 -1.561363398515833723e+00 -1.697530598763892673e+00 1.809847514079493624e+00 2.752798870908960360e+00 4.594184445617155887e+00 -5.285126577828538341e-01 6.663596012443576910e+00 -1.179753100279448397e+01 4.954467186495102871e-01 -5.952761186261255943e+00 1.009347495103380954e-01 3.602403705079896268e-01 3.162257383575723058e+00 2.891877961753747117e-01 5.617408442636294685e-01 1.302667383320617489e+01 6.059386568236259762e+00 -1.349860267190102769e+00 7.104868478136741050e-01 -9.330613529586078148e-01 2.204650328310897578e+00 9.779437027398606153e-02 -9.576791425186784723e-01 -3.886079786705039507e-01 6.929691475262843570e-01 1.847378460608185557e+00 1.517469704514390116e+00 6.147088428309559482e-01 -7.551242027273072921e-01 -1.823522265824888133e-01 -1.995442231631981311e+00 1.040464192133017329e+00 -9.609157423561812128e-02 -1.732339768014925507e-01 -2.477729325259493132e-01 1.173766694617996764e+00 -2.303069182278994764e-01 1.259698044509629078e+00 9.874798608256722954e-01 -6.863843235496159823e-01 -7.625417061907697747e-01 -2.122415068972278995e-01 -1.479234370955415212e+00 -8.905405016770474580e-01 -7.104455560251810020e-01 -9.555598916638741169e-01 4.702072395233990454e-01 1.018987504183617165e+00 -6.829820971070232893e-01 -2.240542707723618410e-01 -2.899112076174480412e-01 -6.922491123548016323e-02 -1.299711968973417120e-01 -5.953643980156398952e-01 7.156044798182374933e-01 -2.966704342860962962e-01 8.977996952602709246e-01 -3.113390837612671769e-01
1.021692295366888326e-01 7.788207107320402889e-01 4.614239505587634405e+00 7.611974638968759255e-01 5.973925124022422928e+00 2.961257534559145199e+00 -2.820904272436153271e-01 -7.242182325388198949e-01 -4.004999778017848122e-02 6.123141311514562757e-01 2.305334011419275075e+00 -8.672015651157897187e-01 6.449421192773625933e+01 -5.987466315263677785e+00 5.823090658114067342e-01 -4.907610711428951333e+00 -7.000145201700036512e-02 -9.952094816293931556e-01 -1.479658922587719472e+00 -2.489971094256321571e+00 5.653962918039113994e+00 2.047267002987458895e+00 -1.567011775671826257e+00 2.626819592121148350e+00 1.144549530385591929e+00 -4.236282060673595140e-01 -2.510544535801822796e+00 1.339534872192923887e+00 -9.014984346743833976e-01 5.640921625466233102e-02 7.889888455259371769e-01 -9.753300591359671534e-01 3.336024536746768465e+00 -3.504585971834270897e-01 -2.862745743607778781e+00 -3.144964133520493874e+02 -1.086866530749023951e+00 -6.660319559151408608e-01 4.603346627934926660e-01 -5.488431157465882837e-01 4.637361468645142537e+00 -1.130627023137300213e+01 2.111264157281347309e-01 3.715996805108949808e-01 -2.209753331488769401e+00 -4.892654500975435639e+00 -5.785754192073908619e+00 -1.254705887670441555e+00 -7.956025854362082761e+00 1.098260412671031894e+01 1.987449311272799779e+00 -9.495647805053605950e+00 3.873686591167156301e+00 -8.820751366455734654e+00 -1.456372126343211271e+01 3.512353415820467228e-01 -2.991055785805166067e+00 -1.934780181256672726e+00 -2.755925747956173844e+00 -1.405655954089131132e+00 -6.670273807048114623e-02 5.160268209367739889e-01 -1.895166318514202919e+00 1.185352614415780270e-01 8.331129312043774604e-01 -4.449344519141826271e-01 -9.396090371585116285e-01 -6.232819069366297704e-01 -5.529676573117087157e-01 5.237344788858449007e-01 1.561975931746182045e-01 7.236548133753639700e-02 1.534351893926818589e+00 -1.111285680451766567e+00 -3.165641860582961431e-02 3.100953205809552360e-01 8.644173695194767859e-01 -9.304343479548998763e-01 -6.860892772481699264e-01 -5.438843329436517937e-01 -1.998432419200726062e-01 9.590001789239079866e-01 3.451025587144153639e-01 9.321651959532635257e-01 1.445280209007806516e+00 7.229072586387316202e-01 1.834394272335403697e-01 7.006664358196362796e-01 -9.264305060960763283e-02 -9.633835205961416293e-01 -9.628618681919549893e-02 1.676042334337531636e-01 6.695167447701648733e-01 1.328636323148478515e-01 -2.273729812787420590e-01 1.110916315253297704e+00 -1.371780367012164215e+00 1.305739176608883556e-01 5.147061501713626024e-03 9.362467217696480715e-01
2.879845533869788143e-01 -1.457347280262903388e-01 -7.358687271427231114e-01 9.308059738028463537e-01 9.052168851735887145e+00 9.119586032600757175e-01 -7.412263843788581275e-01 -2.051509484404346217e+00 -1.713694636314488484e+00 -7.167955190882714378e-01 -2.582952615558060216e+00 3.855823228149368731e-01 -2.748957482018925802e+01 4.284683097139171615e+00 -6.297819206331545239e-01 6.265709417494160327e+00 1.788348590783991554e+00 1.482708919038471240e+00 2.101254758775149334e+00 1.620487780489989316e+00 -4.915631786873074560e+00 -1.938891171744359543e+00 3.947164212169786968e-01 -7.340507159178204510e-01 -1.027455107195053730e+00 9.138297368807360432e-02 2.759721950774396415e-02 -3.681753075271005926e-01 1.953696416228438704e+00 -2.590214381442453306e-01 -9.775783733462424241e-01 2.072543913465191512e+00 1.620746937593415815e+00 -9.985333377947478439e-01 4.542951653865950234e+00 5.063291505838765261e+02 -3.790641534064791429e-01 -1.187044118294170891e+00 -1.736833650358879488e+00 -9.551064760409091470e-01 8.327872882392407305e+00 -1.688799172145172633e+01 1.420003074185809400e+00 4.104482349800833596e+00 -3.144067937117475342e+00 -6.695617462658493224e+00 -7.578867371293537936e+00 -6.345244531150684431e+00 -2.448480724130848785e+01 1.829823798435892712e+01 -2.132435166107396807e+00 1.622724410914191040e+01 -2.716583477665678092e+00 5.168970555761148944e+00 5.124722275080698886e+00 -9.006527105618569173e-01 5.712914490308669713e+00 4.196175331769253170e+00 -6.617245399144539242e+00 -7.403958863827296177e+00 -2.074065563340370399e-01 -2.784142722924773494e+00 1.281846408387206759e+00 1.245024357274075566e+00 2.503712591395105935e+00 2.463345131728749582e+00 -2.030419565577430419e+00 1.355299247915299432e+00 -5.133776240881071651e-01 -3.277632789477086028e+00 -3.416346428541337410e+00 -1.748128245103026668e-01 -2.089289540526493738e+00 2.832550831670351155e+00 2.568242009439539064e+00 5.672093514653850921e-01 -4.648617812560474682e+00 8.515373082705497421e-01 6.875855555730437940e-01 2.160688535198926452e+00 -3.662944595798771630e+00 -7.677684970668843256e-01 -1.047402555512454703e-01 -3.101536328850171387e+00 -9.998958289031907309e-01 1.594680834113619827e+00 2.783424602181946289e-02 3.581437170980710238e+00 1.344603354520152116e+00 7.256714464335238812e-01 -2.139109764457436835e+00 2.621380059181816158e+00 -2.630646610415130038e+00 7.255796263776663479e-02 1.699997164196278554e+00 -1.840448256406308047e+00 8.563489783350938467e+00 1.710141067411554028e+00 -2.902052847252599932e+00 -2.609857244914343788e+00
6.856407782226983105e-01 -4.774380387368106771e-01 -2.879228007127955458e+00 6.134902407090782051e-01 6.145945758479528287e+00 -4.388404641354892721e-01 -2.497492693614891124e-01 4.371630197475550039e-01 -2.894652133489688528e-01 -2.039153160426160349e-01 -1.674789933054584345e+00 -1.735091583041749264e+00 1.328393763202713274e+02 -9.416613174545883425e+00 -1.288308338280342635e+00 1.147541754337804143e+01 1.631002585983297948e+00 -1.153170111663682995e+00 -1.125077573307892154e+00 -1.088683919075959405e+00 3.686221243083623200e+00 1.553054897895033371e+00 -6.973598430003302706e-02 5.673218112165212546e-01 1.944952159845581452e+00 9.490445156683320338e-01 1.884726792974852350e+00 -4.909053158856431232e-01 1.713918425232992537e-01 -5.751379010345097909e-01 -5.334676921578246356e-01 1.538927549820250817e+00 -2.516678503109205600e+00 1.280954489033329979e+00 -6.240234677595554835e+00 -6.963447381608436899e+02 2.177216394097077679e+00 1.690096681186361804e+00 2.287650146972170617e+00 9.300361739751076273e-01 -4.786247772816868640e+00 3.333540874122013520e+01 1.642475568500761707e+00 -2.908391306714322333e+00 -3.793198225576104310e-01 -6.108138144234330547e+00 -4.970159563730805807e+00 1.640207015738202045e+00 -1.244747091582873111e+00 8.783879138446897272e+00 1.153593273849110812e+00 -6.176903906356882246e+00 2.318299186726354044e+00 -5.351106936265435543e+00 -8.133672898268834217e+00 1.330240857732126081e+00 -9.017062386259482309e+00 -6.142468527160874991e+00 -1.063416053133924510e+00 3.224537784303207033e+00 1.910196171541975740e+00 4.643464880128523653e+00 9.574542864201300851e-01 -5.141146467743411552e-01 -1.244438843721384913e+00 -7.843960350034443474e-01 1.321723024187962281e+00 -7.483338961328009908e-01 -3.723036701776442220e-02 1.757333630047684392e-01 1.757379834329601209e+00 2.005612658168401397e-01 5.119531061036266401e-03 -2.728535152238250050e-01 -7.379782125415356164e-01 -7.574317592059999667e-03 9.883620251181304273e-01 8.846107581539410791e-01 3.212476750424305139e-01 -1.228686163866123726e+00 1.568173584425802680e+00 4.126332397081340642e-02 -5.213177592331142973e-01 4.980411413261885967e-01 -8.218999427025031057e-01 -1.768730874274374143e+00 7.473833231924262854e-01 -2.378477807856337556e+00 1.061423079855628171e-01 4.258440553447020438e-01 6.969150250999801566e-01 -1.654951952378336477e+00 1.232455594192528592e+00 4.241742670854326547e-01 -1.431497215985970461e+00 -3.890968263053244947e-01 -2.892769755140447874e+00 -3.326838586063475267e-01 7.673764341275925993e-01 9.576470976566396898e-01
2.633074833491739764e-01 -6.681180880918297094e-02 -3.006773907102855414e-01 6.066513717905580583e-01 5.538635829062447336e+00 1.329283404883524700e+00 -4.691451187035656778e-01 -1.346199627609572236e+00 -1.017125032162730536e+00 2.324695767762470222e-01 8.238853443260384379e-01 -1.682855017774829154e-01 1.202447363629990917e+01 -2.620410466403808147e+00 6.918698697923558738e-01 -5.869087294185042047e+00 -5.350737871898527676e-01 -6.613886335138503547e-01 -9.226060781506156827e-01 -7.187631802726466290e-01 2.490867801173065388e+00 1.264579320801413331e+00 2.867507413107928116e-02 -4.000882257190663260e-01 2.948276784686113539e-01 1.574242705289386479e-01 -2.304559599321688301e-01 -1.297178583506610750e-01 1.909035734933108852e+00 1.280681198273846633e+00 -8.905040387560724247e-01 2.863668402462975937e+00 3.216984746451920341e+00 -1.974002564926956360e+00 8.715359777463575597e+00 9.676591995919768578e+02 6.363503970553986422e-01 8.193484887685109186e+00 1.642016255656582491e+00 -1.607319499590105227e-01 -3.738929007410456418e+00 -2.583961857990449928e+01 2.499132100455569550e+00 3.668816015612222703e+00 -1.439454486320877358e+00 -2.860273742214688220e+00 -2.178162440112669795e+00 -4.613164577625730622e+00 -1.289581001012800066e+01 2.861313959638620119e+00 -1.750369844375030404e+00 1.097468282509462156e+01 -2.266636175726151503e+00 5.492181363582521847e+00 9.201882738210716894e+00 -3.118026148774524220e-01 1.951546673576979751e+00 -3.117778731267315528e-01 2.271038194504924057e+00 2.603497240117506717e+00 -1.813573636941557155e+00 -3.699584566783500783e+00 4.929528367650993559e+00 9.613678732389735471e-02 -8.006879553592777254e-02 4.746240541904565569e-01 3.438963130735681051e-01 -1.053830620719680700e-01 -3.069831116020217965e-01 -1.038120523600346345e+00 -5.780553853405155929e-01 -2.945200565864064535e-02 -6.144486173030861975e-01 6.656350963880692806e-01 7.288239210670449664e-01 4.069265260760052128e-01 -1.296035814636844252e+00 9.958522335568825712e-01 5.190309587017086779e-01 -4.052513388234675329e-01 -6.372497525063692825e-01 -4.727314532294827898e-01 -3.026620324379848959e-01 -1.111777665285823780e+00 -1.087846311004853295e+00 -3.494904171399110249e-01 9.553298408832783251e-01 -2.496046632992171277e-01 8.398290263650330933e-01 5.520049514210628727e-01 -4.563518043707379124e-01 -5.479258809088742854e-01 -5.473379266230672391e-01 3.317979764307134594e-01 -3.025793969766522040e-01 -1.540497647504988743e+00 1.594211227399964237e+00 3.808355018062594133e-01 -5.210362474534042665e-01 2.170154060579214950e-01
3.061197216860378489e-01 3.700950537968887843e-01 2.300101219439391720e+00 7.161727810599908262e-01 5.817491914089096383e+00 2.066332140478215340e+00 -2.789664572808477905e-01 3.460523310574163958e-01 9.636040359496870211e-01 3.003095974310132643e-01 7.429164469259684767e-01 -1.070980025582305650e+00 8.111973840283513937e+01 -6.166520878267645500e+00 -2.205393490929529188e-01 3.029324230556541320e+00 1.223593565928390525e+00 -1.879882130314476374e+00 -1.748553394757122570e+00 -1.533663700204926261e+00 4.328919255598596472e+00 2.295056095643546179e+00 -1.677269722121716322e+00 2.765654008686514231e+00 3.811769292183200264e+00 -3.067101320454812541e-02 8.701192623860856123e-01 -7.365366529168617671e-01 -4.861863245279642864e-01 -6.601660801402928769e-01 6.692469864886440023e-01 -4.659740339605190629e-01 4.987122807692420778e+00 -9.409141341592522911e-01 -3.367648438108463704e-01 -3.429642206675894300e+01 -8.819471495823841822e-01 1.506869099509267951e+00 2.244390459224328449e+00 2.161928739207511274e+00 -1.491062949983984076e+01 5.659427653679130543e+01 4.017260897923225826e+00 -1.292394580463747111e-01 -2.334122600994860353e+00 -1.030325426956470736e+01 -1.010598695743798103e+01 -1.308433835886993579e+00 -1.668268510866056786e+01 2.175278797976768530e+01 3.982675463736831123e-01 1.469163069143180511e+00 1.258912481115389337e+00 -4.419283773637737056e+00 -1.498779658742898668e+01 -9.831242775000887946e-01 5.121094931265048444e+00 1.331308822751450460e+00 -7.156588703640216487e-01 2.300016848140189918e+00 -1.779244775276253243e+00 -5.390027877731627726e+00 1.010044668268741397e+01 7.504323653416001827e-01 9.759776060196436731e+00 1.422448297165363407e+01 -3.199449069180766880e+00 6.013099476833496659e+00 -8.062068201382727395e+00 -9.350842475353031702e+00 -3.152058009881006484e+01 -1.016454545475302257e-01 -7.027136307795516679e+00 7.163055927348091600e+00 2.784304887697668462e+01 1.289180458229167492e+01 -3.052657682794221472e+01 8.013710587829645959e+00 4.019977656676639199e+00 -8.172123507858378488e+00 -2.505359206724482490e+01 -4.389142118872324083e+00 9.571755948825487748e-01 -3.212009768023106915e+01 -1.454175050618143672e+01 1.752536459120657497e+01 1.540636404574671481e+01 1.617349640364271934e+01 2.047155155258884562e+01 4.068787322546154606e+00 -1.704190856472565230e+01 -1.504927276320570328e+01 -2.771890800096865703e+01 1.415328408669297655e+00 9.741767606153837633e+00 -3.082418222698375132e+01 5.641348483349403153e+01 3.603105383518744098e+00 -1.938886294752800765e+01 1.644847037042491777e+01
1.787997498298145027e-01 4.334735898815365029e-01 2.791872951557035076e+00 7.940322258166458980e-01 7.150519097925490009e+00 1.135565156814113852e+00 -6.038877960924311505e-01 -2.068564200830171451e+00 -1.610551580895157819e+00 2.541111229218773193e-02 -8.676601040781491969e-01 -3.054481998171167945e-01 2.192959492599016613e+01 -2.864201516634512501e+00 6.693517265083739343e-01 -4.937492147710210055e+00 1.773524236700055878e-01 -1.298633319844421985e+00 -1.745152760336390774e+00 -8.552231776657883699e-01 3.101014884534805560e+00 2.037106167369394871e+00 2.018697013761413528e-01 -6.431848543099263349e-01 4.313359097688910238e-01 -2.300990718008033564e-02 -5.417896625583168424e-01 6.935709454704397370e-03 1.356525308297204635e+00 8.359971470636103907e-01 8.812822064426467650e-01 -2.570804210320710936e+00 1.374393126824042799e+00 -5.282479894772450502e-01 6.461134973352190336e+00 7.147369747730426752e+02 2.701508838833848625e+00 1.373559576957123607e+00 1.243798468425738823e+00 1.242322473361453294e+00 -8.356186499149162117e+00 3.488235794423165714e+01 -1.064844268607639144e+00 -2.680397939693628828e+00 3.388495206895830947e+00 3.949484121455563823e+00 5.520757403645404793e+00 3.428679526534149868e+00 1.230456474178877002e+01 -8.170071972259858484e+00 1.388221103751350771e+00 -1.114225560232791779e+01 3.144798930976812734e+00 -8.055290581663834715e+00 -1.873247457157042462e+01 -2.643140601686502222e-01 1.591345724964328134e-01 -6.304969822075831232e+00 4.326385046669543932e+00 7.906867438994044761e+00 -2.271217971515089751e+00 -7.363995503792049035e+00 8.321535006492846165e+00 6.100301376265628850e-01 -6.090302887654086561e+00 1.542676166685311490e+00 -6.465366363077952594e-02 6.315687405818543043e-01 -5.514512518096866822e-01 -8.200816477683082750e-01 -3.484380158001931349e+00 -1.666671673367163542e-01 -7.685458999874422714e-01 5.038308024138068442e-01 2.867820061490373273e+00 1.494802513597915716e+00 -3.090863042789394388e+00 7.486646035110098296e-01 5.866583884517249103e-01 -9.266447408274081088e-01 -2.466824618766694233e+00 -3.747247565610468123e-01 2.096393319762301921e-01 -3.340455212119500583e+00 -1.424415149312558970e+00 2.055913484921883416e+00 1.776163089218954161e+00 1.488956031866188523e+00 2.042849437372401766e+00 5.870229492176624042e-01 -1.507170095044631397e+00 -1.665651839794703548e+00 -3.278138030614437870e+00 7.145717923901113988e-02 1.293167209593622191e+00 -3.147673364569187004e+00 5.658512546236313057e+00 2.142999793910935549e-02 -1.766018311099734506e+00 1.735199899876633367e+00
3.728962009543757006e-03 4.960718614755235678e-01 3.169923718862887707e+00 8.780131625326026423e-01 7.988977568368385462e+00 9.992054384825324043e-01 -8.479387141461327548e-01 -2.652473269916133969e+00 -1.415246563779157363e+00 9.918382741747756581e-01 3.429708966028820250e+00 -1.348569086445283727e+00 9.916804247868648758e+01 -1.144319947454562225e+01 1.553306631006378336e+00 -1.290020803665034244e+01 -1.525348241517845871e+00 -1.567975572708371956e+00 -3.475567049916931328e+00 -3.004486071223813060e+00 6.884612740013683840e+00 3.186051939299305857e+00 -8.342994171756396016e-01 7.781418510531119548e-01 -3.741283634168350858e-01 1.134585368664765337e+00 1.111443534375914588e+00 -8.943665170563724898e-01 3.297088809537385146e-03 5.633175998455253186e-01 3.057934298554065289e-01 -1.883569975757005688e-01 1.168601365987545826e+00 -4.585545165944510115e-01 1.266877177683376487e+00 1.409310870482583766e+02 5.677203040853425753e-01 7.931097903221248080e-01 2.050497609593773696e+00 8.116804888152739927e-02 1.918500733562026550e+00 1.508033885677558317e+01 1.286026389631903522e-01 -2.533355536269274566e+00 5.042663594123542037e-02 -5.452892717247539878e+00 -2.548747337400206980e+00 -2.467067541323309854e+00 -4.840281139387236919e+00 2.391014616198742893e+00 1.793720636221173947e+00 -1.070390024401960538e+01 3.977198546601814932e+00 -9.860614716932408541e+00 -2.119484713954501842e+01 -1.012080209189293312e+00 5.153508696313602755e+00 -1.050361478397132897e+00 -9.608815830999324348e-01 3.037295869464150755e+00 -1.995748948468489825e-02 -4.631025142114167936e-01 2.059065186367242450e+00 2.914836652555050645e-01 -3.634043462341932429e+00 2.839350129630118680e+00 9.013190272814123327e-01 5.497175375289871102e-01 7.141872548721347469e-01 1.454183256584703522e-02 -1.181132059632436171e+00 -1.904074827983283646e-01 -5.283444183700009011e-01 5.840827047586312215e-01 1.270639375980132879e+00 5.838108935948996825e-01 -1.063538240732758267e+00 4.790628076970644689e-02 4.696106999454921493e-01 -1.216345432604609006e-01 -6.053209995967216983e-01 -4.594658383114443301e-01 7.139860610773832716e-01 -1.223531451310794660e+00 -5.371885897846121471e-01 1.218330426927103360e+00 8.124904164235469128e-01 1.088375293262744264e-01 1.075432569024774132e+00 2.300672577457719623e-02 -1.773488784917982841e-01 -3.473556985307912348e-01 -1.542669430471530934e+00 4.495804701909025813e-01 4.471321834264695427e-01 -2.001605908056156125e+00 2.850882343102113747e+00 5.227760699376904352e-01 -4.556442978889212181e-02 4.619377105409088191e-01
6.037870242582573654e-01 1.292857631079680214e-02 -7.661304733966400882e-01 -2.044019900808754509e-01 -7.693426611359247547e-01 -2.617168527665773237e+00 -2.869699659761727473e-01 -1.671193489226697082e+00 -1.434821063116337392e+00 4.106101978432168398e-01 1.179641995497383578e+00 -6.237967252469974744e-01 4.533044491560399791e+01 -5.136846660377225149e+00 8.107052579450804153e-01 -7.210875933490314083e+00 -2.289992332505186301e-01 -6.944126171316555851e-02 -5.843758371955480868e-01 -9.205764814574616262e-01 3.199334022949186007e+00 1.348251633891027090e+00 3.476457062526572273e-01 -1.296866618107008318e+00 -2.430519605967338403e+00 -2.496652900736920921e-01 -1.335825838897864104e+00 8.113531444750597954e-01 8.690570060063538271e-01 6.837930182425929759e-01 4.441748162523422305e-01 -1.177044474304212107e+00 8.209652088329889574e-01 -7.297332943481262824e-01 7.352416834554618141e+00 8.129697729248558744e+02 2.119690031000410535e+00 3.617897624572556925e+00 2.209117440538913346e+00 2.825691591144054104e+00 -2.429497949905417187e+01 4.920733164289672601e+01 8.953737109182832166e-01 -2.889680525037644720e+00 2.400410956138736562e+00 3.885207951335508003e+00 3.570847308187622637e+00 8.703413155527996992e+00 2.010037749229530135e+01 -8.660625121079942090e+00 2.481626368239996161e+00 -1.724924426004380251e+01 3.538801459792197512e+00 -9.293700193229106787e+00 -2.682720008869760520e+01 -5.283500396291294976e+00 3.144676174542686553e+01 1.370413748211741556e+01 5.521392989685126373e+00 4.031511398318246009e+00 -3.723324856022695251e+00 -1.075035077670852424e+01 1.233863937019788182e+01 1.189964547089590319e-01 -3.875996143865124921e+00 -1.856757206694930940e+00 3.609655139017340808e+00 -2.160535409488848757e-01 2.079846245707778429e+00 -5.473829688032133545e-01 -1.492978338504110880e+00 -4.148284817139664682e-01 -1.279037166273639947e+00 3.433315167727313266e-01 1.599278572681598565e+00 1.197057483534819555e+00 -5.889507258154693357e-03 8.442399420594994819e-01 8.554186548580136051e-01 -5.912847705518302632e-01 1.220847296092684581e-01 -1.199671297642248696e-01 1.676955709009217976e-01 -5.651447426946977215e-01 -8.902906947791962011e-01 1.147594463287521932e-01 4.759426049520354973e-01 -5.352926389273047203e-01 1.266103990584428018e+00 4.163157837086300384e-01 -6.161711200805286559e-01 -4.042594886145561284e-01 -1.101576628978131023e+00 5.578770065861481386e-01 7.946353465783913272e-02 -1.082592238275254859e+00 1.345440357669779763e+00 2.356136604525430056e-02 1.673391544980243673e+00 2.116471237951633722e-01
8.199580352177513465e-01 -5.442114298647453552e-01 -3.715620536766229609e+00 2.105056704292724845e-01 2.960156930071037529e+00 -1.502940236230901005e+00 -3.848574068945253002e-01 -1.406694788386935624e+00 -1.768377511566829652e+00 -7.517438031073162552e-01 -3.499435574430098228e+00 1.865677999937525033e-01 -1.319335701338307665e+01 2.025915315421451979e+00 -1.318465705267212851e+00 1.221332608703746914e+01 1.042984094232054959e+00 -1.513884835873752666e+00 -2.623935148984074317e+00 -5.039421465374775977e-01 2.299523805594821724e+00 1.272712246680867576e+00 1.760969379022132353e+00 -1.956682076471377041e+00 1.084347098094967876e+00 -2.592038741752352715e-01 -1.232547431727704645e-01 1.094640302876185523e+00 1.693326492648831394e+00 -1.322596646212041982e-01 -1.669296017103596430e+00 2.952659496079429680e+00 -4.610960855008425341e+00 1.347057314075253309e+00 -3.353647190826795743e+00 -3.767781535089258682e+02 2.507380225135029672e+00 2.091746727597112443e-01 1.114882029070496383e-02 -6.921660051827420723e-01 6.972203941603491550e+00 -6.524198324423140072e+00 1.436332979924819231e-01 1.579979085572086883e-01 -5.458578741783804977e-01 -2.303392247172474150e+00 -9.101104387858666156e-01 -2.300785389955657845e+00 -3.153712122300743381e+00 -2.742462449640018285e+00 5.819698204987854284e-01 -4.034416917726201923e+00 1.439468644003075948e+00 -2.784313320668096114e+00 -5.672737708684156388e+00 -1.521917066672442864e+00 9.235454572960911435e+00 4.462259470945152628e+00 4.665421991057984386e+00 3.725490289959041412e+00 -2.336692512198924376e+00 -4.501519949751141780e+00 3.418895185841392070e+00 3.200563969894206218e-01 -2.125706371619394019e+00 -9.215474531774034972e-01 1.226349950892081431e+00 -2.521292059082984593e-01 4.852535659357861686e-01 4.469210260436089488e-01 -2.457456443683544212e+00 -1.807743170878297057e-01 -8.897878330816926251e-01 -5.794407420715492751e-01 1.139955379176915251e+00 1.499360026467122742e+00 7.273318618734662122e-01 1.620242175409717600e+00 1.547549234709279797e-01 -2.216011096324031815e+00 -3.235347323619580662e-01 -4.411358523133061538e-01 -6.663197080219995794e-01 4.961687609903041585e-01 -1.726767490836691010e+00 -4.270951472529215254e-01 4.787872710522582120e-01 -3.611627777873776535e-01 1.285544185541162676e+00 1.602202146192570065e-01 -8.590961854015233268e-01 -2.473617012975186658e+00 -1.291692063241057786e+00 -1.009178387757837525e+00 1.089447612134167853e+00 3.133278126510987138e-01 -1.450959857854884627e-01 -1.045849514867909003e+00 1.221195413939308860e+00 2.449640809487247939e+00
6.068405611288905099e-01 -3.196836886299385672e-01 -2.707268970077158166e+00 -7.552951893830878172e-01 -5.650661797226534944e+00 -3.696478882082952389e+00 6.659424770019302109e-01 7.118191762768846242e-01 -8.502956999162919471e-02 4.327596408785347459e-02 9.295003225826712345e-01 3.287647104387582120e-01 -2.532930647521315848e+01 2.692568990586218902e+00 -4.890315652887115005e-01 3.927893304613788938e+00 1.421000540027604675e+00 2.598191005298291945e+00 4.258578454815305392e+00 3.340864997108163870e+00 -8.759100347636136874e+00 -3.726325137668021537e+00 1.082052099478952645e+00 -1.814860440636854477e+00 -9.812873622306772514e-01 4.493799425896962685e-01 5.780002995404269761e-01 -4.277357419278413619e-01 9.270052953134937379e-01 -4.343275792511736011e-01 -1.082114064713950885e+00 9.316978306642491603e-01 -4.832527919355584345e+00 1.395351431308941237e+00 -2.086609754481905554e+00 -2.345996220457505501e+02 5.146774772512970886e-01 -4.645610411965053643e+00 -1.934272681975490960e+00 -1.262111596137557967e+00 1.441726268058824978e+01 -2.787348175256290084e+00 -1.606432141855796303e+00 -1.773104008385677055e+00 2.761546304141687003e+00 5.370529993021488480e+00 7.758540788429498569e+00 -3.988495190623079223e-01 1.114194377434351502e+01 -1.748456384306267353e+01 6.857807741442819571e-01 -8.125256317606686096e+00 9.392757629799041164e-01 -2.299750578382807387e+00 -5.336144997453164507e+00 -2.701620835459224157e-01 3.457617431541334607e+00 9.918382868082737502e+00 5.245331062305062630e+00 2.016700885543950328e+00 -1.223451241442070181e+00 -4.818907968334667835e+00 6.766983056881206160e+00 -1.075581264607320398e+00 8.251767149655831801e+00 -1.182169913348880774e+00 -2.346902311365105742e+00 1.744879885608221048e+00 3.704770525706250872e+00 -6.617381292446723462e-01 -2.276938270270729703e-01 6.532262316127049884e-01 -8.978375020884419300e-01 1.666837215197852107e+00 1.595791136802417354e+00 3.013278585944750287e-01 -1.145827350612595774e+00 -1.097030223582651232e-01 -6.519483544479096615e-01 9.682962666406380592e-01 -5.623072038722343180e-01 -2.187380773886767327e-01 4.129848670912422692e-01 -1.076675191028044543e+00 -2.569967155074662918e-02 9.060152285104129399e-01 -3.001946477856020645e-01 9.352148728518944187e-01 1.492808838362685853e+00 -6.574515412468443509e-01 -1.418328222394241722e+00 1.044798729430655104e+00 2.897326824070723950e-01 1.600814964908607640e+00 -1.237021856959236832e+00 -1.982125821797812160e+00 2.898120211792658107e+00 2.163481397308392840e+00 -1.982218389090316113e-01 -5.215651824333906728e-01
6.301233431463054702e-01 -4.355337082211332422e-01 -3.064063316232267020e+00 -3.708964133365824090e-01 -2.296993011338322788e+00 -2.720116354968451944e+00 2.093031775701881259e-01 6.173940453587378752e-01 1.082746731741035529e-01 2.707240392061701639e-01 8.310624566596318541e-01 -4.585115953967460189e-01 3.476636991949468580e+01 -3.717110596864872107e+00 9.238847109858443485e-01 -9.270408278024904192e+00 -9.358212825534911739e-01 5.679271916425192579e-01 1.822209205553240174e+00 1.464385339894851645e+00 -1.906124447145471024e+00 -5.780326046674030271e-01 -9.014410184867094333e-01 5.812019527006014874e-01 6.502482831801381646e-02 5.527176496051668941e-01 1.954982892200804345e+00 -1.527110121258509867e+00 8.282317196393329528e-02 1.764066715305566690e-01 -5.730510899571972239e-02 6.588864716614960537e-01 -2.623672180710756585e-02 1.928148031091371228e-01 -1.087235733163792961e+00 -1.231766948622400975e+02 1.623314720369099184e+00 3.347016751526927791e+00 2.387774249515343783e+00 1.470814830261661710e+00 -1.012156691494216254e+01 3.994529226601606098e+01 1.996925952716873010e+00 -2.178396600838600428e+00 -3.449679526626349135e-01 -5.016902529271962230e+00 -3.540864094291979569e+00 1.004366754436108788e+00 -8.162923622782478628e-01 4.556923218646510954e+00 1.568145904550555247e+00 -7.949727599510167941e+00 1.710047408429921756e+00 -4.155711551526660941e+00 -9.780910639153661990e+00 -3.447458967010796904e-02 1.168213556935769226e+00 8.048274106791556193e+00 8.909601357119743881e+00 8.328636840975175204e+00 -2.277804908122244676e+00 -8.407753351938760389e+00 1.339727539422885449e+01 -2.867350927040313024e-01 1.082615065185590364e+00 -2.521610656644474702e+00 1.091195431548285688e+00 1.582857636502595700e+00 -7.882611143289719458e-02 2.438960478356936079e+00 4.142540454194629795e+00 4.358827913709369395e-01 1.304811627949820751e+00 9.695635796022141761e-01 -2.824270000752896248e+00 -1.833761183877984813e+00 5.515790801076023708e-01 -3.465747051704406889e+00 -1.795518399542667565e+00 3.513812639778975733e+00 1.675341520766118197e+00 8.637995464479206742e-01 1.549640552338589439e+00 1.326066828750513515e+00 3.137648165936734124e+00 1.034937472379235279e+00 -2.047912117065833648e+00 9.606105589306186410e-01 -1.468943091304522497e+00 -1.448401815659233982e+00 1.654046279294513422e+00 3.047468802855693770e+00 2.468684511518510316e+00 3.159881000995152789e-01 -1.623078378865459859e-01 2.419881633469435633e-01 -1.065059104346874674e+00 2.046206261549779359e+00 3.928425741581750147e-02 -3.448968955008041792e+00
4.751847135790260301e-01 2.788703917290369372e-01 7.958213242903225959e-01 -7.332814277140621284e-01 -6.556011994651063546e+00 -1.456222213511611852e+00 1.055179344549190823e+00 2.077215056317316844e+00 1.472693067476514628e+00 7.537084546892244274e-01 4.036930795375169190e+00 5.269502393097972304e-01 -4.141180656213293076e+01 2.432795996721965448e+00 1.112025717335090036e+00 -1.001253463579729619e+01 -7.478184054153119709e-01 1.678582298107814674e-01 4.246778063505137757e-01 -1.045353190187585657e+00 2.649600012649079961e+00 7.267716835192969960e-01 -1.369296272664731084e+00 2.050468120233603475e+00 9.531422721956339661e-02 -3.274516009319013987e-01 -2.387992473673164362e+00 1.096866707165400356e+00 -1.052522803235196314e+00 5.317096499598271686e-01 1.010942148693259046e+00 -1.480032098136625507e+00 2.777047079059080659e+00 7.558332819943114345e-02 -5.494739176206650200e+00 -6.065925574852598174e+02 -2.269442415252505896e+00 -1.143360457130243812e+00 -9.381441224768829468e-01 -4.576040678206110268e-01 1.200440124105546458e+00 -2.482994145880401859e+01 -7.148241056461065446e-01 7.421587913837206507e-01 -6.036402741235110669e-01 1.886098139911192462e+00 1.347927990771779827e+00 -1.368165683112494868e+00 1.669376603670393200e+00 -5.762825121424656416e+00 1.801569848722623712e+00 -1.136554376902487462e+01 2.854405167032191049e+00 -6.205837435394238710e+00 -1.052644298211065177e+01 -1.384237089346189942e+00 1.048061851882297191e+01 1.970295748346406128e+01 2.679364666172519893e+00 -4.096597934538600327e+00 -1.872516014394264738e+00 -4.539358754048586242e+00 3.199986842090371209e+00 -3.141469201788054111e-01 5.057856915164382627e-01 8.411081602805190460e-01 4.757946431450940095e-01 -6.972133247839971126e-01 6.117948794496019804e-01 -1.794834450755263822e+00 3.356528191384201332e+00 3.942747563737772354e-01 2.326074052531855452e-01 4.341576807614219158e-01 -4.870152259901714409e-01 3.662874335167262685e-01 -5.533686561059508735e-01 -1.342356083041760906e+00 -7.877966117434802573e-01 1.004492641179089096e+00 3.351087513106834614e-01 2.142792563547894769e-01 1.628706058903953702e-01 -5.948960181380630319e-01 1.334398521586031283e-01 6.612028387806605512e-01 -1.055396831523047474e-01 6.424807033023209879e-01 -3.435525367517087147e-01 -7.035840198363605413e-01 5.581766048357319487e-01 -1.117508011073091584e-01 1.413472698772915703e-01 -3.108632056900432761e-01 4.169924520586550942e-01 -1.073252141299382290e+00 1.350533311086747346e-01 1.001658083558485179e+00 -7.345181668167259925e-01 -6.433925941222181644e-01
9.351063675887674176e-01 -5.919272782492527307e-01 -4.159377208954137650e+00 -8.078723326320834675e-01 -6.115423850339855250e+00 -4.145536437272943964e+00 7.728080271747201913e-01 1.573135036292968802e+00 3.327850642897255407e-01 7.179779300137134612e-05 1.995064737587003978e-01 -1.203326599392899876e-01 9.236231631597430436e+00 -7.459138934382153474e-01 -5.541782061312084950e-01 4.789935983582717327e+00 2.630011689956279763e-02 -5.275082995242574846e-01 -6.091513075434418223e-01 2.802441562206598458e-01 -6.799373735004586861e-01 -5.824366866837630274e-01 5.614609833084630575e-01 -2.228505900939190543e-01 1.521110894929950330e+00 -9.550789176873721864e-01 -1.448536599085967547e+00 6.803699048281189876e-01 4.462213142131744581e-01 3.443969712899909719e-01 -6.500608580749246412e-01 1.899815779122797199e+00 2.775038996075309683e+00 -3.123522214519725893e+00 1.775195346899586823e+01 1.972818732946119098e+03 -1.385753227228697648e+00 4.975353528096842837e+00 1.807166407584510193e+00 1.042236224995915395e+00 -9.305886601503413402e+00 1.962973225078613737e+01 1.583516941131921207e+00 -6.385873375653849937e-02 2.808484737992800184e-01 -5.317263031110565086e-01 -3.012545702426088212e-01 3.392603150618486385e+00 4.546833284423646759e+00 2.267156378317676246e-01 -2.329469568531838397e-01 2.006552380578628281e+00 -2.897041495764457464e-01 -2.866784262339301392e-01 -7.470978887959790704e+00 -1.671789084451446250e+00 9.468034253836266956e+00 -7.042601857340448079e-01 4.865987202622974905e+00 7.684183142129938915e+00 -2.580948229232196134e+00 -7.245948884794351841e+00 9.987983459664910413e+00 -5.603961761078524173e-02 -1.358816374877470423e+00 4.522081969352041986e-01 -1.535894195015769181e+00 7.763756912058369375e-01 2.845259254448898378e+00 -2.810310906527476726e-01 1.551826610709838850e-01 -1.461770158637858863e+00 -3.718490387781274165e-01 9.426178249119084862e-01 7.580826595898558784e-01 4.798243255246564115e-02 -1.372346973343127940e+00 1.487821171349795468e-01 -4.952898838679377636e-01 3.281089318616449702e-01 -6.425215087118155699e-01 1.136312218541623981e-01 -1.749120158386874291e-02 -8.213611225688324247e-01 -3.878997375563866812e-01 5.838509116029960699e-01 2.238799031550188223e-01 4.076515600235739445e-01 8.671938138699583076e-01 1.111096174623169008e-01 -1.305027708873861991e+00 -3.083417092753347744e-01 4.379450623843849644e-01 1.890581947829460319e+00 -1.428621061714541618e+00 -1.877019359965010903e+00 2.224980458020941576e+00 1.139027549062902933e+00 -1.254949665411677628e+00 1.210439715227868307e+00
7.072592734973737194e-03 5.929374450106815742e-01 3.794946166147917577e+00 9.574681598187742004e-01 8.068958309749918456e+00 3.041095008732275229e+00 -6.913560010612320728e-01 -1.685451543836134380e+00 -1.393490599912729611e+00 -3.885802656076758899e-01 -1.608783502025833423e+00 1.902775356319812428e-01 -1.370666905362105403e+01 1.831936474727844599e+00 -3.911772585572345085e-01 4.779969808095628103e+00 1.589658617670790974e+00 -1.091241605883716659e+00 -2.087630924793282716e+00 -2.247456183196593571e+00 5.372898032468103935e+00 1.764731980164880643e+00 3.918186892457925508e-01 3.817877412153496408e-01 4.705782337711607033e-01 -3.133812197004592903e-01 -2.196798650335972880e+00 1.168683312277429165e+00 1.130073368767188446e+00 7.950546586333153698e-01 1.994735296321764051e-01 -4.341119912060569241e-01 1.980942302256216481e+00 -4.778169617556097259e-01 1.031172142611146203e+00 1.161109986576879010e+02 -7.043323997062405084e-01 -1.196371225775376024e+00 -7.483037416029245659e-01 -1.694056743027979595e-01 1.620837645994891663e+00 -2.454580937777796290e+00 1.745969165253689059e-01 1.390815253550297670e-01 1.383421752046995579e+00 3.421244362946478823e+00 2.940817218119036625e+00 9.604322106891249877e-02 3.217139917336885979e+00 -3.067697593192096672e+00 6.669747916942654342e-01 -5.044945487092955538e+00 9.138628820294256716e-01 -1.373182685896207733e+00 3.700313764677470640e+00 3.655477718216148642e+00 -2.141626820476258430e+01 -2.328469233796946813e+00 3.550127809221929720e+00 6.565102036864792767e-01 2.407588555553109577e-01 -1.206049097900884881e+00 2.389492560737458415e-01 -2.509999433160227111e-01 3.439362921029649023e+00 -1.788149492674772079e+00 -1.016340725075767448e+00 -3.026605810415022635e+00 3.633684945513997455e+00 4.143847333707922687e+00 -2.281142125858925951e+01 4.853610195964242813e+00 4.743726929135392290e+00 -1.912789381806271116e+00 -1.736653162146478691e+00 5.364356513362661616e+00 -2.171075466392334841e-01 -3.127736482815199004e+00 -1.982666007159925581e+00 -7.817172559081030370e-01 1.553712528299702411e+00 1.367620399173786472e-01 -1.494381800798577853e+00 -1.945054459356948762e+00 -3.250558512344871254e+00 4.487773206165072137e-01 1.805226854341012821e+00 -8.001842159939029364e-02 -1.521546344909894932e+00 -2.156296597191762920e+00 3.552236279321666412e+00 -7.055737104341180732e+00 -3.285506655528591224e+00 -6.141659407010362948e+00 5.762170312988764032e+00 -2.309104021343637569e+00 -4.299816818278876518e+00 -2.831093496888386074e-01 -1.159154199354197168e+00 1.038070426333481455e+00
3.940930001593961896e-01 -4.908376405811676335e-01 -2.591405208238944269e+00 1.148504616792064503e+00 1.094125731045538075e+01 1.594038221784558118e+00 -1.108058939783917785e+00 -2.908137657810760501e+00 -3.286035260483826104e+00 -1.150574070060545129e+00 -5.258707374982931171e+00 -1.476490012982494271e-01 1.379506248618246289e+01 1.016275755616476761e+00 -1.425943683060116207e+00 1.344697640754485768e+01 2.304158608633377181e+00 -8.946248665772067454e-01 -1.165134744045655424e+00 -3.983898612091377744e-01 1.752643876053118444e+00 7.506011434081280020e-01 1.542032038744013622e+00 -1.352827812662325435e+00 1.305541635272998491e+00 -1.006483827211562820e-02 -6.184995031750072370e-01 7.256839855421839403e-01 2.251925943029092991e+00 4.989276824921958786e-01 -1.421166489555620416e+00 2.429991096232432479e+00 -2.954301230216279883e+00 6.825304917076018274e-01 -5.201960676042458598e-01 -6.034053844940540756e+01 1.642789986332271468e+00 -1.112103177706879054e-01 -5.700067666200996364e-01 -3.016543009682233212e-01 3.401876343172282269e+00 3.231618360087682440e-01 1.270255107792386262e-01 -1.512714251438284085e-01 1.313269523658366023e+00 2.921920796380406138e+00 3.554486083449003964e+00 9.235723296583265851e-01 6.913619865026048750e+00 -8.506166899335457998e+00 -1.336651658926418795e-01 -1.064739471112705838e+00 1.690947284205922552e-01 -2.862433358899215685e-01 -2.042378180698731782e+00 -3.029294737072498744e-01 2.102250075077900515e+00 1.076712216439201342e+00 6.883888810862471175e+00 6.931467602297800568e+00 -2.451168895156754512e+00 -6.168083577320007116e+00 7.136019462613503173e+00 3.494358099129408757e-01 -2.869677622593310495e+00 -8.084133505925810148e-01 9.218761699273886334e-01 -9.226507960006135045e-01 -6.010895244481812005e-01 4.214138655357569374e-01 -8.038546870559780677e-01 8.529761463739166105e-01 4.729556778135690087e-01 -3.416230902322059393e-02 7.525227010659325533e-01 1.638942216935695750e+00 -2.254986374021490381e+00 -1.194197267606241342e+00 -1.706417301346179471e-01 -4.615364361264787108e-01 -5.934457298925480684e-01 -2.550217830255842588e-01 -5.644223452166561295e-01 -3.647277352019830943e+00 -2.992391313771429751e+00 1.430332641462558563e+00 2.981897274690100463e+00 1.200114001083096849e+00 -2.926886173796211521e-01 1.134515000717427613e+00 1.530688211111146169e+00 -2.567037526894563104e+00 -1.761512078509189116e+00 -1.028640660918766159e+00 1.176288351824640976e+00 -3.433896500761742132e+00 1.727495593030953014e+00 6.227549419764235594e-01 -2.337533026641101852e+00 1.429882926342032512e+00
3.322622541654152162e-02 -7.877187042264408023e-03 2.326517226221665180e-01 4.070445627459469140e-01 4.259606025465010326e+00 -2.209258573058489050e-01 -5.304152814903133617e-01 -1.474067172270642878e+00 -1.789184979469233827e+00 -2.571544997027286339e-02 1.094901292035854734e-02 -6.961778194147506538e-01 5.377994293493977551e+01 -4.262403696827050226e+00 1.373982339655954288e+00 -1.266216011285421317e+01 -7.284467275239890904e-01 1.473414660751816374e+00 1.675253525657917741e+00 -2.916025042748731089e-01 9.919261833981973808e-01 -1.005975270988518355e-01 -8.742336218941191284e-01 3.370711283453361462e-01 -3.479438381179932094e+00 1.909903285505731629e+00 2.064111626665424026e+00 -1.677358982373317264e+00 2.324754914274439477e-01 -4.441045654280728616e-02 -3.867245324685073538e-01 1.080291686359920345e+00 -1.688764003993133755e+00 1.198049315423896477e+00 -7.786066996425841324e+00 -8.644266073337580565e+02 -4.604561679102860960e-01 -2.665287297539620237e+00 -7.701170165148131241e-01 7.359727009973541234e-01 -6.018032361987721401e+00 1.215184230696431378e+01 5.959705831452736247e-01 1.231435650157785000e-01 -4.899968011864042072e-01 -7.047133577194530929e-01 -2.027661221691488880e+00 3.388744126451050942e-01 -3.297052499794479452e+00 7.831156751782548220e+00 -6.260705201235193806e-01 5.648346051074819130e+00 -1.804384276570700552e+00 3.685996507648793497e+00 5.804340656867383430e+00 -1.223116087505934590e+00 6.105499465370004764e+00 -6.426017301447592978e+00 -9.830284422084957896e+00 -7.337165298470782027e+00 2.718575410709263451e+00 8.576818136224993339e+00 -9.734411622467874281e+00 1.022528034504373018e-01 5.914450731656114568e-01 3.931464543187772609e-01 5.162303523657134630e-01 -2.604635062238109811e-01 -7.741003397494994331e-02 1.094914260821060248e+00 -3.687542240801334525e+00 -1.774586376843437785e-01 6.517428655005963467e-01 1.031234601871791945e+00 1.334550652364048240e+00 -9.994190251838622530e+00 3.798683425984730189e+00 6.020455067623424306e+00 5.913656122305716245e+00 -5.807685624096751154e-01 -1.566133635855239348e+00 -1.506888688669619336e+00 1.565698614595519622e+00 8.363314562803077834e+00 4.397148685221038633e+00 -8.716655451894561590e-01 -6.413150792825062396e+00 -1.034081274236626768e+00 8.821940471209824830e-01 1.076840272564800749e+00 -5.077834086299983340e+00 1.191847208971400285e+01 5.155473540779281549e+00 1.205289756063406870e+01 -9.458320216009886039e+00 1.127069962431538208e+01 5.616319171386955134e+00 -1.621797043799668714e+00 1.168198757042015146e+00 2.375351332173291752e+00
5.745613631781392172e-01 -6.405746478054235027e-01 -3.970669128241305579e+00 -9.319954513778394567e-02 5.592536628300103230e-01 -3.295559491817286357e+00 -2.873383079316288446e-01 -7.730311366884109470e-01 -1.071391344621881014e+00 -2.604034922134200736e-01 -1.623590977209926622e+00 -5.831364787784066861e-01 4.564985680821969538e+01 -3.233238621913776978e+00 1.182630379203113868e+00 -1.013902692273643247e+01 -1.125081136530746040e+00 -1.571343417609373905e+00 -1.517832993993417645e+00 -1.727924185523020961e-01 2.035470266682549045e+00 3.494732147964836333e-01 -1.063832587168705990e-01 1.159186191643919228e+00 2.695727785183143155e+00 -9.360953926002641978e-01 3.040185110706934424e-01 3.972494883611556449e-01 -1.790747059457637125e+00 -7.551324400497270162e-01 2.837063939332322704e-01 -4.865552560488032308e-01 -7.613025697547600723e-01 -1.048683372967289529e-01 3.754982916641688151e-01 4.212259017221968094e+01 1.824340831735185020e-01 4.220985748039909335e-01 1.386174646111492770e+00 3.879306424853491420e-01 -2.731736309208371516e+00 1.002737507426469143e+01 -1.211397423380636384e+00 -8.097467243609005605e-01 -3.567837681461974997e-01 -3.205055357935198579e+00 -1.847432577178428570e+00 -1.428258572060555398e+00 -5.866075433990641130e+00 4.124627730631278411e+00 3.190631143988362783e-01 -1.317472565355353620e+00 1.355597595990590820e-01 -3.888995589912779272e-01 -1.100281896782469904e+00 2.068925282586582259e-01 -2.678035881445227417e+00 -9.398480104829580739e+00 -8.883917177166935630e-01 2.373923352694634836e+00 2.013145481817202320e+00 3.193999316344428685e+00 -5.189733890799559823e+00 3.142286002062345540e-01 -2.507298806919764367e+00 8.511944105399336102e-01 -4.124329897121525867e-03 5.673998727225039174e-01 -2.276966656877463357e+00 -1.495497180991284258e+00 6.980941012941654478e+00 -9.097773712231623788e-01 -1.235225652735274515e-01 1.551181619261968958e+00 -8.801871561238239217e-03 -6.106047723844525876e+00 -5.141950725042785386e-01 -5.891214893032327149e-01 2.831377823023780924e-02 -2.232671851523531370e-01 1.417572904000835299e-01 1.678108249607770108e-01 -4.049455580743161476e-01 -1.293143699708694916e+00 -1.246814097051909265e+00 3.238990802564558069e-01 7.151783317498758841e-01 1.687339211387095250e-01 -4.631096853618157927e-01 6.668503617021613594e-02 1.000723406553440276e+00 -1.446828003349807545e+00 -8.526418788343180788e-01 -1.109186703103715033e+00 1.215522509989020339e+00 -8.170369817597428197e-01 -1.781606984553114337e-01 -2.192469323117405416e-02 -9.418884492200687575e-01 3.071721492092644445e-01
9.672131774250820602e-01 -3.632765716856700688e-01 -2.901993266704391949e+00 -6.308706360007834135e-01 -4.066837238814307476e+00 -5.236012598786041750e+00 -1.286304622728051683e-02 -8.502219948565147289e-01 -1.680720335147109834e+00 -8.010398052705999250e-01 -3.670569797852182070e+00 5.299512289380126084e-01 -3.900505568317454674e+01 3.427623168903506823e+00 8.425871495980404857e-01 -7.490726130919339809e+00 -7.249663720382401033e-01 1.001289982350785479e+00 1.118853338536891284e+00 1.316171837736467509e+00 -3.118089311123944718e+00 -4.362170851497972901e-01 2.342171175741007971e-01 -1.480019123602265729e+00 -1.664126484240864734e+00 3.946714155571617866e-02 6.270779620472957117e-01 5.278278213949100239e-01 8.337638666156579337e-01 4.337569928777359474e-01 -4.791431384947348882e-01 1.246119793560786393e+00 -6.654929770866128136e-01 -4.760048472817990373e-02 6.387079748834625370e-01 7.007034516208925368e+01 -1.468250892646904004e-01 2.850833634894073265e-01 -3.991574132274001707e-01 -3.064867225641811910e-01 4.047750541820937187e+00 3.269367768463049551e+00 6.946803283563786069e-01 -3.304634005421417386e-01 -8.259894053661698266e-01 -1.377369768013973594e+00 -1.773788540716994877e+00 8.718412600893561404e-01 -9.041151619139276008e-02 3.473875036482835910e+00 -1.315841223697365336e+00 8.256727881849133865e+00 -2.380365793479152448e+00 6.305764296091344256e+00 1.869692111470169849e+01 4.807016596293660626e+00 -2.872363867764779144e+01 -1.181326768015580164e+01 5.979314086066993550e-01 1.392358579563946597e+00 1.264443473628563464e+00 1.370173811596806956e+00 1.761680379788339579e-01 -9.097947505791941225e-01 1.020152633825419741e+01 -2.749336571515961669e+00 -1.403239083321708547e+00 4.562765788661721222e-01 7.328585780588263709e-01 2.384284730721105028e+00 -5.167962804123389375e+00 1.501653087270916398e+00 6.847792231535039242e-01 -5.844016432809169270e-01 2.433996539602204301e+00 2.541792772818902435e+01 4.198978165791134032e+00 6.255492480719163639e-01 -4.451092873857878551e+00 1.316128753517739725e+00 1.446943907184279066e-01 -4.379082087041309412e-01 1.583638867749969092e+00 2.899213462090973970e+00 5.510473000308566682e+00 -2.195764682333083417e+00 -1.652240886624999072e-01 -1.397120966404051812e+00 3.496871433283415875e+00 -1.167436815768214675e+00 -3.965465230103921712e+00 9.878360746143460824e-01 2.640263439615047503e+00 -5.509646003250953106e-01 -3.112855403883894034e+00 -2.841365891591959514e+00 -2.279848876668336466e+00 1.657526064979580660e+00 5.852941546861500477e+00 -3.467357154409609787e+00
9.115610163698983914e-02 7.832317228826417566e-01 4.401627529906311231e+00 4.746824892992819178e-01 4.024255712589269507e+00 1.405485897222301439e+00 -1.195971793247536219e+00 -3.867489110619422465e+00 -2.412488158703400831e+00 -6.083265112920025475e-01 -1.921881380446923915e+00 8.263752679689445602e-01 -6.218797119647287985e+01 6.001349027892097787e+00 -1.368927783666257669e+00 1.331805413148851081e+01 2.314070801413806944e+00 1.102858998784373767e+00 1.832449552662001935e+00 2.609413956759583098e+00 -6.802502892518503153e+00 -2.289266375779783758e+00 1.713324068487597440e+00 -4.285885729387595156e+00 -4.502620265126399346e+00 1.400546911614310996e-01 1.718335982375484461e+00 -8.946932831924286900e-01 2.146118249921951104e+00 2.592528998128540429e-01 -1.571137382477645561e+00 3.701754197207063779e+00 1.786475191063202850e+00 -1.924078395987488088e+00 1.188311414335603011e+01 1.316997965127109183e+03 1.254103439808427645e+00 8.757504042275781941e+00 3.181139894625183207e+00 3.121656475957322208e+00 -2.876248347229273250e+01 4.777718675996197106e+01 4.750463139230550524e+00 2.350570215232314020e+00 -1.430542651671983911e+00 -5.985147440199989788e+00 -6.314866667497714303e+00 9.145870097080740502e-01 -1.143115845401117880e+01 1.594942202915797047e+01 -1.230805882088808811e+00 1.028768187154569702e+01 -1.082632796570834000e+00 1.729461264108061336e+00 -2.231458562560952874e+00 -6.967002987568616801e-01 2.304137708377977045e+00 -7.576658393658293633e+00 -3.808319627379423977e-01 3.932851720411888241e+00 -1.766218276264564846e+00 -5.907515075266659643e+00 6.771189259644938119e+00 6.200797716087080858e-02 -4.436876950400636233e+00 3.064710561501298169e+00 -1.559523604144518849e+00 -8.241349723518442971e-02 1.155394850883034730e+00 -3.926685496016583121e-01 -7.153194457201018430e+00 2.844105367181860355e+00 1.281545903573330758e+00 1.606319087117764610e-01 1.254919202805017120e-01 1.490109494650947441e-01 -1.367729388175730865e+00 -1.864646902969461895e+00 2.566044177317617248e+00 -2.118264931582169996e+00 -6.820011335417464071e-01 -1.447840890306403838e-01 -1.071789028524208653e+00 -1.350337590858152748e-01 -3.959510400351165860e+00 3.217670799135620152e-01 7.347704108585181304e-01 -6.098200265133444375e-01 -1.655712287855379383e+00 6.011630936209872988e-01 1.968559211922247032e+00 -1.331194384647763851e+00 -1.184386212532928973e+00 1.078854226879702338e+00 4.853691951811645033e-01 1.953503974604509974e+00 4.882718878806541762e-01 -1.172206944715900256e+00 -3.120555294785709144e+00 3.620697168614709582e+00
7.520970850109693906e-01 -8.845891447196616575e-01 -5.933348865197805466e+00 -3.707571340841021579e-01 -9.327633091523509501e-01 -4.864578458950141737e+00 -2.139705626551919870e-01 -2.443940057186408055e+00 -3.714603222019653206e+00 -1.266627569092139804e+00 -4.299070314399553006e+00 1.433462702758786955e+00 -1.065610317250562247e+02 1.013984663239092576e+01 -5.539318096547285464e-01 4.540346316672533078e+00 6.349804415684950909e-01 2.450578395696640488e+00 3.349695447783466840e+00 2.706403703785183357e+00 -7.064677456529460997e+00 -2.079771146463302856e+00 1.154872292459851124e+00 -3.527666578239346151e+00 -4.971058346046903331e+00 1.163293089967510685e+00 2.000446914689119282e+00 -9.477775762710737295e-01 2.710805630717894488e+00 1.522729771917308961e+00 -1.823631828908366392e+00 4.489257297807966118e+00 -1.776211716214483261e+00 -1.463388999774786203e-01 1.112820763088266274e+00 1.201498644615409148e+02 2.596075028877702362e+00 6.400569656642338678e+00 3.565556249967858360e-01 -2.004356243603147458e+00 1.154377870153730257e+01 -6.209328119360759501e+01 1.099217084088209839e+00 3.262972378505252458e+00 -2.003778128480986798e+00 -2.789891628953093061e+00 -2.639591648610983832e+00 -5.515532361582897281e+00 -1.223245139485948130e+01 2.310533819714416293e+00 -1.148343431388043623e-01 8.092504347548246102e-01 2.326795422562195625e-01 -1.130507290197002135e+00 -6.833658360465849846e+00 -2.700049818225939813e+00 1.502238771860120359e+01 -2.137025659099588637e+00 -2.073340317935432164e+00 2.577498798003951652e+00 -4.404114252640400906e-02 8.935638936174463698e-01 -8.472080593601607479e-01 1.078066472154514788e+00 -1.048949644247085722e+01 2.810774047802255815e+00 -1.413605036028745543e-01 -1.000185863709348144e+00 2.154585337237206133e+00 2.986293954258359751e+00 -1.765103817536624220e+01 3.046478248204499639e+00 2.859316006293726176e+00 2.585944819045556953e-01 -1.179478051571931640e-01 -4.410246601035106018e+00 -4.570597389239183350e+00 -1.190218329299856492e+00 -1.340645986775254705e+01 -5.180105395660460355e-01 1.120750577979726624e-02 8.755943648389292316e-03 -3.771699304470022551e-01 -5.188372419199104302e-01 -1.373283717490561884e+00 2.802304077135178151e-01 -1.007306710733201355e-01 1.459787901689598710e-01 -6.240482234471501632e-01 2.559921672055193165e-01 8.299155837575744599e-01 -4.848677956090703400e-01 -5.285609756450200258e-01 3.391994011515837015e-01 5.391825939250944888e-01 7.986532727295136969e-01 5.736722468576317402e-01 -4.795775694472225181e-01 -1.270479056700088316e+00 1.031593804867456665e+00
2.141220989358153526e-01 -6.404624145478104991e-02 -1.018591632876426623e-01 8.852093092468718005e-01 8.649734022762048724e+00 5.376100159740756501e-01 -1.004215958822762156e+00 -3.104114607856994557e+00 -3.220967042205801878e+00 -7.887487092681685352e-01 -4.074013945227642708e+00 7.380204175410864931e-02 -4.041343537674723763e+00 1.065834547383253339e+00 1.035768119539189236e+00 -7.947140121980952543e+00 -3.562341065827266950e-01 -2.387780053487140286e+00 -4.658700559996990620e+00 -3.112046573180159204e+00 8.225738505249058363e+00 2.991480072947193314e+00 -5.189401330809242374e-01 2.428273455311719786e+00 3.929000815834284843e+00 -1.692685611506027143e+00 -3.782534111661377096e+00 1.889433823960063430e+00 4.745400044873444578e-01 2.722281689364809409e-01 2.906469811464610364e-01 2.161367550953243732e-01 4.821855477948700397e+00 -2.662866519249488029e+00 1.184431727667365131e+01 1.317466909886157282e+03 -1.104030573631391787e+00 4.513567416958074396e+00 1.325980665127811875e+00 7.641717578135365230e-01 -8.325355263279650586e+00 6.362918282502087131e+00 1.599704028221034413e+00 9.078959487690398955e-01 -3.750210567511471638e-01 -9.550471059454779255e-01 -1.216806956921812954e+00 1.259169807322717549e+00 -1.641345526442904657e+00 4.137207948259355561e+00 -8.793684811281197167e-01 5.340159766346114445e+00 -7.195166232028948894e-01 8.829042972129246269e-01 -1.346591392735634551e+00 2.377354924731255315e-01 -2.620867510738426276e+00 -7.910324693736226820e+00 -3.545904525180677336e+00 -3.797243013990045934e-01 6.230748076822012482e-01 9.888144710949998695e-01 -8.978871715181337976e-01 -3.676562189779027934e-01 1.903660435106699023e+00 1.815334383564401799e+00 -3.188634284360587934e+00 8.719749482628721404e-01 3.051442761980947882e+00 -3.107635351294042447e-01 -4.227836417240796507e+00 -1.225140056762048069e+00 5.276528027549048927e-01 1.415327660593729941e+00 -6.884873518338159304e-01 -8.661924393393622523e+00 -1.678483775563997193e+00 -9.212583771132519805e-01 -1.880685599879466041e+00 1.625324736619100374e+00 4.059405958431331340e-01 3.524893136152156270e-01 -1.119460212721228726e-01 2.676463612309697981e-01 -6.202367710067916429e-01 -9.158445076464426515e-01 -3.140137337979202581e+00 -1.875849346809620455e+00 7.333434450148818007e-01 -3.807331864256390808e-01 -2.304183463364807061e+00 -1.181986164249119176e+00 9.493298916685141142e-01 2.775122502433283511e+00 -2.304872234462751468e+00 -8.091536320250334313e-01 2.822340674512902492e+00 6.553440307529043718e-01 -2.573037081426420514e+00 1.753679794907098577e+00
6.682816574234179408e-01 -1.906372719666723503e-01 -1.264309714008097441e+00 2.451364440570594772e-01 3.141320941556204893e+00 -1.886312073418154878e+00 -1.759077018287709127e-01 -1.332874778336803789e+00 -1.151279790213887155e+00 -1.506706419689800569e-01 -1.061784942554426348e+00 -8.982565617779516565e-01 6.771135453092851719e+01 -4.281899687079596895e+00 -4.627880138283946287e-01 4.284186449357608062e+00 7.292766038839917364e-01 6.467426137816030263e-01 1.202600120606276635e+00 4.246396561019490923e-01 -1.945339785344727179e+00 -6.056591096502833560e-01 1.082897365560282488e-01 -1.037528278408355042e+00 -3.129920842163740780e+00 5.203070880623494876e-01 -2.279373458812675723e-01 -1.423676475782019168e-01 6.482917770066076724e-01 5.875595718332470296e-01 8.298762703897979431e-01 -2.476159240385118032e+00 8.650216869022798738e-01 6.376355681719452217e-01 -4.554515106891120269e+00 -5.037788058123380210e+02 -6.282519222616479437e-01 -5.110739282774765968e+00 -3.049205562501980715e+00 -1.989790809333378707e+00 1.704334754558055920e+01 -3.678395142033752307e+01 -1.840017070367193863e+00 1.740051976777916121e+00 1.134364992633921876e+00 4.555734404915924074e+00 4.725094789742618318e+00 -5.076507801529938746e+00 -3.349960307498148548e+00 -8.736735154571579898e+00 1.808374194233802745e-01 -3.512213286874689810e+00 7.705239831544744566e-01 -2.086144930820919452e+00 -4.371633184085793822e+00 1.072439213051141316e+00 -5.333904827761918988e+00 5.961308887472461571e+00 6.220279860535196548e+00 6.301453195472910274e+00 -1.703665810798358438e+00 -6.987633436108278140e+00 1.150671552963013156e+01 -7.147662253509718955e-01 4.298288613815515191e+00 -1.166255318529746621e+00 -1.119884149712552679e+00 8.398720395967758101e-01 2.359169816077846260e+00 2.876929179770292944e+00 -1.238590517857968543e+01 4.175699979272691209e+00 1.533793113924557083e+00 -5.441422026595363892e-01 5.486314576258212172e-01 6.760483535808540445e+00 -7.740130206834721083e-01 -1.532896973096711690e+00 -2.868784661998569074e+00 -6.650367356488107173e-02 5.819625039666745936e-01 2.284023770470112957e+00 -2.336724860524928005e-01 1.704088362579272875e+00 6.102966383630584524e+00 3.443333348403710303e+00 -1.965437535119638479e+00 2.577906963586575895e+00 2.000371843413336403e+00 3.895276359317267012e+00 -1.450056194259454534e+00 3.565677324048271313e+00 2.494310311648097578e+00 4.532807564045690185e+00 -3.531105710990400492e+00 2.655265706445708140e+00 1.756104572493083937e+00 7.835400483457585219e-01 -9.510203523633387057e-01 -4.445315774293927547e+00
4.292491690395831005e-01 1.700549089200640296e-01 8.955471204114189288e-01 -1.940049800624286114e-01 -1.263829647603031958e+00 -2.053277050112490620e+00 -4.400518692322378245e-01 -1.267634604055823511e+00 -5.486238198922178677e-01 3.897457147627014784e-02 -5.837574166559214017e-01 -1.082920931496280659e+00 8.183747548055394816e+01 -6.103688458689387808e+00 1.358544438334241544e-01 -1.400285598674856358e+00 -9.100858587183624504e-02 3.121798897604566303e-02 8.862284768150103798e-01 1.040286718688261836e+00 -2.355870520284731207e+00 -1.086730564288613365e+00 -2.857950020886907971e-01 9.354743789445321145e-01 3.252018660119226912e+00 -2.374286079870537858e-01 6.820448059159966991e-01 -2.439480364597192974e-01 -6.727987639596478830e-01 -8.743855460811557068e-01 5.417729307531129468e-01 -1.647849520939040691e+00 -1.398663144438376582e+00 1.196275101350687375e+00 -4.024729785291659923e+00 -4.505300047173581106e+02 2.655945857599132598e+00 1.477863842308605236e+00 2.465513008025255637e+00 1.957946912708019793e+00 -1.361840717196761474e+01 5.159240243598603826e+01 9.633565819957835563e-01 -4.258290781423711202e+00 3.349447042162224442e+00 2.079812269052730755e+00 4.404155952237609917e+00 3.271351375364299319e+00 1.356107044293659669e+01 -1.066281782637603825e+01 1.651662331210225432e+00 -1.303138584908618469e+01 4.147071404257451022e+00 -1.111333727314722530e+01 -3.051978955795573611e+01 -3.440396001378996260e+00 2.100604139208511612e+01 9.659230484070665312e+00 5.074193752617243369e+00 5.383458235004629167e+00 -2.530539891875785763e+00 -7.488273753832138446e+00 1.015148795498476986e+01 5.399708469320004811e-01 -6.331409470488183366e+00 -2.589619342711839245e+00 3.166081511609711185e+00 2.845264921022700566e+00 -2.675095103180330280e+00 -1.222749899328761991e+00 1.452117734082151657e+01 -1.789446797526986987e+00 -1.249376188621120765e+00 3.272844001901284994e-01 5.626756018508261015e-01 -8.743226966118319288e-01 8.645612678592292655e-01 1.431155306335340160e+00 -1.381660142717959339e+00 1.629052374315886009e+00 -3.770005874398860701e-01 2.184721631234686434e+00 1.439521251812198699e+00 -2.383351738920894025e+00 3.327309909273123978e+00 2.245131346938289862e+00 3.418445707102358178e+00 2.998937943006966034e+00 -8.258099875598143846e-01 2.171039170223409087e+00 4.949201544086125892e+00 4.081322765179797862e+00 -1.429806182891209643e+00 -4.093429138904544295e+00 4.163706790319857909e+00 1.573119088859309178e+00 -4.521201287402917934e+00 -2.070107191903263644e+00 2.397816105190524016e+00 -6.701096992737110014e+00
9.803890989279226975e-01 -1.225701486307265942e+00 -7.475211286724989357e+00 5.178354000086660136e-01 7.006964671440168324e+00 -3.773008494635856636e+00 -2.804648633285341530e-01 -8.094298003330515634e-01 -2.386068891257361102e+00 -1.056125307341631681e+00 -5.470217641967022537e+00 -1.372745025960681486e+00 1.064661962844040914e+02 -6.084059417078040433e+00 -8.079656650018759434e-01 7.099778257885525967e+00 9.585115995838550118e-01 -6.684020776312549206e-01 -9.356725356426673912e-01 -8.726735572092980675e-02 1.638661019037011668e+00 -1.353106002028959809e-01 1.275228882924840157e+00 -1.374130163504245106e+00 -1.403133393348955815e+00 -1.094591580294657085e-02 -3.634149635660414157e-01 9.434821078681884243e-01 -3.898205147543672977e-01 -2.264867642661215763e-01 2.024517860222159182e-01 -1.256884790805518959e+00 -3.484187036882405941e+00 1.226538434351998053e+00 -3.692445021818815398e+00 -4.112375975556834646e+02 1.515147463999119815e+00 -3.718772125077923096e+00 -1.914287465103505337e+00 -1.998132979816855670e+00 1.585423965299226978e+01 -4.482175282538744909e+01 -4.016254907637815563e+00 -3.988033367008692043e-02 1.716380276321205267e+00 3.771757401497129791e+00 4.342448257180606674e+00 -3.730243648277294266e+00 -1.185066192187174128e+00 -7.501553546733625844e+00 1.059941563984191149e+00 -8.453295569024811940e+00 2.527210857191401594e+00 -6.045918591562267963e+00 -1.312843865887922057e+01 -1.910920424083621949e+00 1.069264147868867276e+01 1.251854619739276364e+00 1.480194401089321987e+00 4.834039130324209843e+00 -1.335041028107118999e+00 -4.407250370927032534e+00 6.694882534506052529e+00 -1.518352562277327733e+00 1.360894742942160640e+01 -2.011938624011158527e+00 -4.627104508609112266e-01 6.195018097716551431e-01 -2.191746314459950273e+00 -5.464659730436139284e+00 2.608643196344607063e+01 -3.511505429541251111e+00 -5.500982320394867564e+00 -3.736164297044346050e+00 -9.880276251221435935e-01 5.248014891009525229e+00 3.628718958681304230e+00 1.893307057297280771e+00 1.294241287655659356e+01 -2.732231897819607180e+00 1.057781109145649268e+00 -3.903302600771085817e+00 6.858197635367647038e+00 -1.679241012964602264e+00 1.083878412141872638e-02 2.316653737203184793e-01 1.627807441113158227e+00 5.858079058458841581e-01 -1.734099571604443557e-01 5.907556767481276783e-01 2.304116403667780588e+00 1.218000668876078274e+00 -8.223835644367879505e-01 -2.439902322489291286e+00 2.420544568801255014e+00 -1.414970754676221909e-01 -1.568121958599698829e+00 -8.074646411343827657e-01 1.216003504048559725e+00 -2.137646597005040228e+00
3.526808204737292840e-01 3.457724234817642905e-01 2.250893779349192769e+00 7.899115061438336527e-01 6.566205389085564725e+00 1.895686674696720253e+00 -4.411919041565002253e-01 -3.860146284235165259e-01 2.019614605745393976e-01 4.326304424156980355e-01 7.749571378298700797e-01 -1.874620389111211427e+00 1.410467502000979607e+02 -1.149240310477030391e+01 -4.472186415409176163e-01 4.798971412001529657e+00 1.722205993020865966e+00 -1.931471957517919780e+00 -1.952831941138433391e+00 -1.790720682300312561e+00 5.376492517917212943e+00 2.494318963697195635e+00 -1.084141844002414867e+00 1.607654753646240664e+00 2.938992276797776082e+00 4.675701370099917265e-01 1.301223001973738080e+00 -4.796439026903426273e-01 6.921206488190057016e-01 -9.390095898935205687e-01 -6.687625988789996923e-01 1.250939576941799469e+00 -1.176591519003610253e+00 3.909278679587429028e-01 -1.723584547703854719e-01 -2.052833601300551081e+01 9.694562803587541966e-01 -7.929263900753231731e-01 -7.283828085881066672e-01 6.552973967856422499e-01 -5.375576904091849073e+00 1.058997847166994077e+01 1.558177841954899279e+00 8.133028713649845809e-01 1.480008514195917391e-01 -2.625154994154588195e-01 -9.304533265808163645e-01 -4.345322380499105908e-02 -3.407256811917722672e+00 3.425743711205939235e+00 4.762069248042263836e-01 -2.527674216002994356e+00 1.520084853435211381e+00 -4.164396433162064426e+00 -1.205309785803390277e+01 -1.318441101427175521e+00 7.931106865659401706e+00 7.514871860357042799e+00 3.402977576565215045e+00 2.155846388773962730e+00 -4.581404731511957706e+00 -1.118378461061587181e+01 1.296979047085426373e+01 2.536819521080796447e-01 -4.477409564854947455e+00 -9.010429389716053672e-01 1.581377956908795346e+00 9.019204270484855179e-01 6.812132944636308807e-01 -1.471247979249284299e+00 9.643363517398658047e+00 -2.631138960514460834e+00 -7.761717439160386034e-01 -2.268693077830366001e+00 9.630334221306164899e-01 1.010030295748410545e+01 -3.271282090669254128e+00 3.286109482421321282e+00 -2.734794041819389321e+01 -1.911707874277101205e+00 3.834700560685115445e+00 -7.293755332171719452e+00 1.073510271647559478e+01 -8.087361863864199307e+00 5.415383350793466777e-01 4.758272183082026263e-01 -9.325535443664502155e-01 -4.726759502800717549e-02 9.847503383279175848e-01 -1.410881429463521630e-01 -1.411273848544444043e+00 6.927347950199697069e-01 1.025208066816158947e+00 1.090316567521647739e+00 -1.409851746235766035e+00 -1.991673930893354538e-01 1.316336000096397951e+00 1.383417779117673829e+00 -2.125641919163146765e-01 9.512796809394399866e-02
4.794302182374174937e-01 -2.587487303915214643e-02 -8.000362625003462069e-01 -5.616862879254804763e-01 -4.671553128343840733e+00 -2.244323424882758822e+00 3.988583526214997121e-01 1.288744062652511513e+00 1.671831186671153269e+00 8.479782697179762962e-01 3.838986462558851454e+00 -1.881681190388601044e-01 1.263354659047191575e+01 -2.879360446212706037e+00 1.424983674662685607e+00 -1.309752624632624673e+01 -1.073771584398266032e+00 1.342627335617366580e+00 2.928752162005480830e+00 2.142221821796411518e+00 -4.465552814121491743e+00 -8.017992222606965536e-01 -1.566274487961697215e+00 5.669491162802307027e-01 5.522711381169749245e-01 1.600776928034337576e+00 4.850255221679659279e+00 -3.097985355307190769e+00 2.235618576899945920e-01 -2.864222871848501883e-01 -2.923257183278243909e-01 1.921319754446971118e+00 1.953175909199810878e+00 -7.916254158588297285e-01 2.684639317294263972e+00 2.958764941626715199e+02 1.797133416902294556e+00 7.913632910640050255e+00 3.885822160135347758e+00 2.735455122356302393e+00 -2.446225767609178092e+01 4.453602553401479014e+01 3.621379842738288168e+00 -5.828091232952155032e-01 -4.552822069792283877e-01 -4.921614997278837222e+00 -3.058136101857201083e+00 -1.199688679831559135e+00 -6.154149123887184381e+00 3.723596910385605252e+00 -8.385530125303573001e-01 5.217584386125259321e+00 -5.026442690143582137e-01 1.021034472689348771e+00 1.118699340623704463e-01 1.913967220471710640e-01 -5.309636878477111965e-01 3.243423380902216824e+00 1.614609659357492344e+00 5.404049335025427059e-01 -4.332869185047339977e-01 -1.132530702203774720e+00 -3.516400100672323337e-01 -8.529570272901385031e-02 9.863653037266499890e-01 -2.211251719964842932e-01 6.046054433673541117e-01 -1.975765992754360267e-01 -8.230249634288357985e-01 -3.679944886901286294e-01 1.245158393980202227e+00 3.728159931323091203e-01 5.513417908469087081e-01 7.561054403396914037e-01 1.050167118906704999e+00 4.223972338380517222e+00 -7.593352953345173795e-01 -2.760229213403376791e-01 -7.617271259289530860e+00 -1.272681732557997991e+00 1.660507848184247459e+00 -2.482035906360797295e+00 2.949486904053037151e+00 -4.984160685643808542e+00 -9.733046571320560503e-01 1.095200173565690216e+00 9.163817034998423816e-01 1.895601156152102895e+00 -1.236807296616237339e+00 1.793377263262789345e+00 1.527183547876049596e+00 1.119865421328244848e+00 -4.162227655380779101e-01 9.921767588849346176e-01 -2.888679201445060185e-01 1.659290391746168547e+00 -3.688381614625556026e-01 -1.591736622108000265e+00 5.526517335266434294e-01 -7.267067785196693608e-01
6.390079009739424443e-01 -4.803840141708898281e-01 -2.891969087149937057e+00 6.819220384615279906e-01 7.675515668179146545e+00 -1.674477048956862113e+00 -5.457709840321409711e-01 -2.271624900118363044e+00 -3.110403832193063156e+00 -1.025922799408391040e+00 -4.400709824793666236e+00 -2.078894647676232665e-02 3.066044308105326799e+00 1.606812057839329455e+00 -9.740682585438420471e-01 9.256960232581203485e+00 1.934125164693673016e+00 7.893450362912436402e-01 6.033097300612572100e-01 4.441898890663442678e-02 -8.913128344611853660e-01 -8.319296078896084579e-01 1.807308242281914445e+00 -1.985108868147385852e+00 -2.020231965278462827e+00 1.482489480214126409e-01 -1.674459823716817120e+00 1.334305973725886219e+00 1.723457189247398436e+00 3.382628419834614597e-01 -1.321135805579548350e+00 1.541019627580212603e+00 -5.451927639792663705e+00 1.584294207835927004e+00 -4.390828562679860880e+00 -4.891890668639331352e+02 6.202889540751662656e-01 -6.056444199712270660e+00 -3.585832193669268975e+00 -3.346882135352401644e+00 2.898942439438775054e+01 -5.911151509201042842e+01 -2.849992075387144830e+00 1.575746950095444410e+00 -3.934420028960881055e-01 1.386040455134486038e+00 1.016334651576063397e+00 -4.658485415097749716e+00 -6.510253188217848930e+00 -1.632440392937527074e+00 -4.391198120768641244e-01 2.085852886054451627e+00 -4.771444163959096540e-01 2.144961244593173610e+00 1.037329592589397542e+01 1.659792593938947736e+00 -9.718427254335139764e+00 -3.183069424215021481e+00 -2.443953976790778082e+00 -3.407698859061301988e+00 3.689356751445351801e-01 2.343988540406196641e+00 -2.470466701487505023e+00 -4.722701950371951396e-01 7.364761568904057754e+00 -2.929381897109030852e+00 1.220363228082355533e+00 -5.971365215705188856e-01 -1.939543625516400915e+00 2.462828908631827796e-01 5.441428870470849333e+00 7.802790455683161763e-02 -2.025815738805168742e+00 -3.041080313138519120e+00 4.698570057372538633e-01 1.660161632646995500e+01 2.453485636060593222e+00 1.832512556019888494e+00 2.880288859813194824e-01 -1.377505128146096602e+00 3.719968624224488929e-01 -3.279030898564078367e+00 3.863238316436612863e+00 -1.701482624338113148e+00 6.068170733977341413e+00 5.314700559633181998e-01 1.162537969518657377e+01 1.412903639514157739e+01 -1.784311342134718004e+01 1.602184667631924953e+01 1.408608992998154186e+01 1.756727473668990014e-01 -7.010061633511691426e+00 7.526119826759738451e+00 -3.033527104217327519e+00 1.334103627538281778e+01 -1.416336261395436669e+00 -2.136625764911721248e+01 8.763053119973234217e+00 4.688132234155994560e+00
1.201379035989025290e-02 9.212290197208846676e-01 5.924459548100593054e+00 4.928222131932700201e-01 3.497675651998128021e+00 2.023736546236119871e+00 -6.648124437384594909e-02 -1.189727189944981278e-01 6.132372136653623240e-01 1.058642563960276561e+00 3.306746183590411725e+00 -1.020038859617386384e+00 7.451311936663564950e+01 -8.609553140658048775e+00 1.583500366612986543e+00 -1.375205795202074377e+01 -1.334247854172843528e+00 -9.688701620357025313e-01 -1.407768779711268570e+00 -2.249369363535958843e+00 6.063871559428165803e+00 3.474649112069017942e+00 -1.744485601340635572e+00 1.606926378286805956e+00 3.851703670400572488e-01 1.347813453967616981e+00 5.491492617698880974e-01 -1.953729820139727735e+00 1.124162361762709450e+00 1.038881138917783220e+00 1.653981701878932675e+00 -4.256148695526533743e+00 2.757027279730714042e+00 8.023143396128067373e-01 -4.312288042037960345e+00 -4.803599111343414165e+02 1.790380284713920744e+00 -1.494110688453074598e+00 1.375521491888022307e+00 1.631149413505970536e+00 -8.005135873388880441e+00 6.047535623738497890e+01 -5.467023296259065912e-02 -4.552956916770630968e+00 3.746019543118408457e+00 2.641443708386773004e+00 5.586509855713888584e+00 2.355369714092437228e+00 1.275780309236661303e+01 -1.009707210020740220e+01 1.892004578240159551e+00 -1.415508846368573970e+01 4.504695609485344754e+00 -1.143226220898468881e+01 -2.603547589221971847e+01 1.933572428847526448e-01 1.041712086223750333e+00 1.466495330143509079e+01 1.020425157182695663e+01 6.615092197892440851e+00 -4.078079134414083207e+00 -1.324773684781803773e+01 1.758827868809022732e+01 -1.261024036453713304e+00 8.369350814427473750e+00 -1.760539722351980974e+00 7.352689207189677667e-02 -1.244175113643994357e-01 -1.501762963575539178e+00 -1.268729080661609609e+00 7.110456264220260003e+00 1.654008811812958779e+00 -2.812021967426646896e+00 -3.443240904458965357e+00 1.299186613572038684e+00 2.992300662469548556e+01 7.578892315533659385e+00 -1.389953724085885689e+00 2.439991271493607172e+01 5.605124678364254986e-01 -3.790119741936797126e+00 6.426801500202083517e+00 -9.807588813540226269e+00 9.806699615591567110e+00 -4.386969046195034139e+00 4.894059123637211073e+00 -5.251689615451323334e+01 1.085634779765607405e+00 -1.527359592855090931e+00 1.222985161608402649e+00 1.157664505511786013e+00 -5.046898607992737762e-02 -5.782788606818290988e-01 5.294502433176369038e-01 -2.947493659903599461e-01 1.045929488309817135e+00 -1.530538792150116789e-01 -1.756258667850323585e+00 7.799534152487779259e-01 3.975674183161962971e-01
4.038372865958433922e-01 3.218347289847666159e-01 1.906052831190665042e+00 -4.356936905554342765e-02 9.395246863727946263e-03 -2.055640956500162098e+00 -6.106212252211440372e-01 -1.672030017806453772e+00 -7.266785985523538383e-01 4.938752165797169469e-01 4.660665607084111262e-01 -1.529459459945350597e+00 1.144195858083197805e+02 -1.129486424700204239e+01 2.299150257574132716e+00 -2.013678966221903721e+01 -1.943066201494964229e+00 -5.728827268352537638e-01 -1.874309436546742980e+00 -1.511577499335402308e+00 3.352601457840933996e+00 1.297708723402938080e+00 -1.328557835506448903e+00 2.883172574959877998e+00 4.834748583982073633e+00 -2.878325345039062233e-01 1.272949364646948078e-01 -1.186390226479101750e+00 -4.600926080563819687e-01 -4.389379249661770066e-01 -5.184643486321999228e-02 -5.477229057403805168e-01 -1.735449956092312451e+00 -1.699318998357023380e-01 4.065209686018849133e+00 4.507795629649716034e+02 -5.222136806971513501e-01 -1.824885983844861892e+00 -8.169769221330387410e-01 -6.455027818434438958e-01 6.420903601865857624e+00 -6.215262191191767371e+00 -1.098530912540877980e+00 -7.786260802594213715e-01 3.969853995743702901e-01 2.140249033516944621e+00 2.587704186417615126e+00 1.836394130831746629e+00 7.802959990555760506e+00 -8.664452875286457356e+00 5.181519821614314347e-01 -5.055696871988049068e+00 5.519931197411719337e-01 -1.540684161974532174e+00 -5.711898250645901065e+00 -2.024444296364303675e+00 1.131006503444283950e+01 -1.259278376989856341e+00 -3.905572591790451575e-02 1.246233595305028530e+00 -4.821820596198659326e-01 -3.678004561419784268e-01 -3.005770652402073306e-01 1.448976460977898340e+00 -1.219153331038032562e+01 -1.247203111718953039e+00 3.328314625170002650e+00 1.294335847168808229e+00 -2.135876419909575219e+00 1.964513585093272896e+00 -1.561873020622798425e+00 2.501939168394953228e-01 8.305629291474502240e-01 3.012986730814050107e-01 1.072670693324263347e+00 4.504120066469190498e+00 -1.844383994547484473e+00 -9.693802730159789549e-01 -1.007213544085132284e+01 4.485301628841416033e-01 -9.661172203271556347e-01 6.834350982726842272e-01 -1.397449368069948461e+00 -1.184373071512019315e-01 3.343564099511262544e+00 -6.864483061332660174e-02 -1.398953601165904725e+00 -1.719194959515668142e+00 -1.903193717626323195e-02 -5.644317842376815886e-01 5.010253819015235699e-01 1.329381785933351212e-01 -3.594497457752386382e-01 -1.060929598608343571e+00 1.212108620504105394e+00 8.037877282991308103e-01 -4.153810238306455127e-01 -2.956170979441340441e-01 1.039982323779096829e+00 3.713137453726486105e-03
5.744977110926030583e-03 6.752711292420935374e-01 4.225525275488201338e+00 7.529081922650933123e-01 5.772376523619181299e+00 3.892177925199507449e+00 -3.034072789851995910e-01 -7.992439567229117081e-01 -4.204529753561370153e-01 1.713763228363389679e-01 1.058430308735713865e+00 3.131560003683697690e-03 -1.274704963233670441e-01 6.883221720528966969e-01 -2.718027638040668714e-01 3.066864349633508180e+00 1.324259899528399842e+00 -6.374472034451370561e-01 -5.133372413811277957e-01 -1.652058494515943110e+00 4.258311474107882688e+00 1.619243255228567158e+00 -1.049576547643130020e+00 1.576753351902830502e+00 2.394310948616932277e-01 -8.259903821833719517e-02 -1.593727328552680067e+00 -1.157093453697234375e-01 4.074831058656170901e-01 1.200007152919834841e+00 6.644077860125351398e-01 -7.884480298365268425e-01 3.983076700579579299e+00 -6.391758610796038909e-01 -1.208769219311904397e+00 -1.317300430142825860e+02 -1.001276479151793186e+00 1.036539753955747045e+00 8.557122053121443139e-01 3.146774043154675349e-01 -2.435436114647192340e+00 6.768192271089060519e+00 8.589812727319757757e-01 -2.586699753799822643e-01 -1.812850740974644381e+00 -3.896107220877983668e+00 -4.538313302352824152e+00 1.083689944540361161e+00 -2.699467905673281543e+00 8.637390733353122130e+00 1.161214643695856807e+00 -4.966830412154342511e+00 1.228237676994615946e+00 -2.377141556578389991e+00 -5.062142928477569859e-01 1.151807010468830050e+00 -6.558973538843892115e+00 1.516539480507873794e+00 -2.056808540965734622e+00 -4.062426927547647892e+00 -1.461304387250242365e-01 -4.486209025874252632e-01 2.561929170967956360e+00 -1.757377089500992806e+00 1.575621222157352364e+01 -4.346940937716152753e-01 -2.501463553263699957e+00 -9.015807456856071989e-01 8.520732370469918937e-01 -1.139208493168230252e+00 2.557478952104136116e+00 -1.106486527545114118e-02 -1.629685263880516821e+00 -1.656340045639117742e+00 3.354295984281850940e-01 1.506683183674071813e+01 5.974334586826591575e+00 -8.221062765845210674e-02 2.135285082031676751e+01 1.967998077360228582e+00 -2.715386463078733215e+00 4.166171413943787982e+00 -6.580555439460378686e+00 6.028515135891657550e+00 2.324448509902420135e+00 2.684392149198775446e-01 -2.355953922740122941e+00 2.043620660916706466e+00 4.453423603064437408e+00 3.636443449227923508e-01 -9.278582077381711812e-01 3.176218532183557874e-01 8.115496324092231761e-01 -1.251772238308870300e-01 5.955827522962123810e-01 -1.035862202551680600e+00 5.391275486487228097e-01 9.809903909421380241e-01 -3.103902996577722617e-01 -4.944358931896238318e-01
9.276764334009233171e-01 -7.567700294855146392e-01 -5.585895420439833003e+00 -5.709694498816317854e-01 -3.051806324276604254e+00 -5.333703068634910949e+00 -1.835414684856849776e-01 -9.434172539063637730e-01 -1.699272690406635977e+00 -4.453358024350607680e-01 -1.802835112650911231e+00 5.939698527225378832e-02 -3.568023994066308102e+00 1.572931027326940345e-01 1.063659244778840662e+00 -9.887635427474251060e+00 -4.272776440534981068e-01 1.937389817588592411e+00 2.162327925098304071e+00 1.785076446638348857e+00 -4.363198063398765925e+00 -2.600812057121733911e+00 -2.980553388577252827e-01 -1.654158810421337278e-01 -1.889340236129315453e+00 -8.106071463670705413e-01 -2.684859341385675835e-01 4.170955502411921589e-03 -9.668216498006799720e-01 -6.321649824530191086e-01 -2.558867538109896866e-01 1.469763412030338223e+00 2.115122046732611949e+00 -3.025236302198480054e+00 1.808315932037114138e+01 2.008024811049101800e+03 -8.224047236399875116e-01 5.603821100688993972e+00 1.990424187010803703e+00 1.896037845562408286e+00 -1.823515540799273182e+01 2.406364794693120146e+01 1.227554239504847988e+00 5.790511065120905743e-01 -2.300829060373707158e+00 -6.058932363928621001e+00 -7.194100034047409942e+00 2.143947044798095281e+00 -9.075896228003037081e+00 1.797713289048842711e+01 -2.191324679501049033e+00 1.712421489664460950e+01 -3.710989220797038524e+00 9.174040650683071618e+00 2.289518876045880091e+01 3.775286742973860576e+00 -2.396938768980769652e+01 -1.638141371816634617e+01 -7.330296811789088096e+00 -5.724470845617084080e+00 2.660615990279131537e+00 7.115484787421960888e+00 -8.809008942977651913e+00 -1.113607298244169375e+00 1.226326388015334956e+01 -3.319784658258848609e-01 -2.801747860777699550e+00 3.107101860550739447e-01 5.439281856668265469e-01 -2.736711428976459359e+00 1.130718667261510824e+01 -4.321940057651552536e+00 -3.246449963752422896e+00 -3.302064597819850622e+00 -5.505329163752618049e-01 9.464404780069179068e+00 1.483625418589189948e+00 2.190064822475052075e+00 -1.468204619430049984e+00 -3.286513824964109709e+00 2.347029802304223534e+00 -5.803998456632373681e+00 7.741961410321160919e+00 -4.905611320783448193e+00 3.862620061913857317e-02 3.067729449684609921e+00 -3.761022239599095940e+01 -4.037378374088023136e-01 -2.199412828740291426e-01 -2.494082094168544650e+00 6.032702419634564661e-01 5.507863372987482631e-01 -1.483316090119417008e-01 -6.422413576728164264e-01 1.512800912079218962e+00 7.774904525269077382e-01 -1.489133746802287162e+00 -4.975052552825386942e-01 7.636998289160271680e-01 -1.067357222038811448e+00
8.915347217552456183e-01 -9.994134068366340440e-01 -6.005789771916019149e+00 3.160526504483015531e-01 4.325635524368272478e+00 -2.441695030654447596e+00 3.676687380172904973e-02 3.408887256204106153e-01 -7.687271310679990588e-01 -6.741658858533929877e-01 -3.196409444204963535e+00 -8.877151550355559806e-01 6.978806114971295926e+01 -2.861855962048465152e+00 -1.510632519920948269e+00 1.404914926625513516e+01 1.280452891420843509e+00 -1.961143852422370770e+00 -2.063607883005291299e+00 -5.293101778352743425e-01 2.484648813499682252e+00 7.317476854739821679e-01 1.458192617307437544e+00 -6.488742498656030477e-01 2.005988912899681953e+00 2.844157708747147018e-02 9.262239068397334352e-01 2.548175920426877239e-01 -1.585798663532039798e-01 -7.493919880579253956e-01 1.152187907544889311e-01 -9.942505857186733076e-01 -1.316487321367969310e+00 1.203829726701100444e+00 -6.603810319096194981e+00 -7.326235411012627310e+02 3.653968820280177887e-01 -4.621540039849028503e+00 -1.450384176276736881e+00 -1.309603395593137654e+00 1.267323243035587055e+01 -1.699453476977778621e+01 -1.661653745975623542e+00 -1.860916154280831680e-01 1.822108201140620443e+00 2.792007813669600047e+00 3.949022032882455679e+00 -2.442382010174099172e+00 5.875147093541300825e-01 -8.203842440944447034e+00 1.151997169840892177e+00 -9.524175365223840117e+00 1.381250252696296865e+00 -3.197437678198713495e+00 -7.609808857556853212e+00 -2.196048153573413764e+00 1.284070819364346683e+01 4.734427518511172828e+00 2.920507866436857114e+00 3.992026435807172646e+00 -1.153786280327525393e+00 -3.766739387251365034e+00 4.772822076828977522e+00 7.253979516163850949e-01 -7.210164052874858953e+00 -3.802969996738343461e-01 2.823472697102431983e+00 -1.269124682540981208e+00 -1.908184097831787884e+00 5.786935403974464709e-01 -1.983541654418369937e+00 1.744220345160575114e+00 -4.574837556316664333e-01 -8.065566417321925474e-01 -5.864338506538828710e-01 -3.287904106136398941e-01 -9.656058876031405891e-01 4.687356981972030656e-01 -4.529095406269326496e+00 -1.635744788693046736e+00 1.657870733643695749e+00 -4.239506470307034647e+00 5.472975313206020154e+00 -1.019480083218655686e+00 2.382188845120080334e+00 -1.517050258640357363e+00 1.865565216434876916e+01 -1.103852618873672586e+00 2.259682899596904271e-02 -5.605326212247126350e+00 8.268016372404879633e+00 6.848978115833308511e-01 -4.566687514845457763e-01 -1.491093982979148969e+00 2.191788291274823219e+00 9.276465297236577978e-01 -2.171206863817577659e+00 -2.908446638190217981e-01 4.806143812713281616e-01 -1.258223166350846745e+00
4.953677399937510550e-01 2.878618019256005134e-01 7.803440023758992927e-01 -7.960760342173910376e-01 -6.616398361031724740e+00 -3.526064893391358090e+00 8.048764320602902478e-01 1.594105623555086115e+00 1.560152291252809409e+00 1.160973146305086967e+00 5.313443261669012152e+00 2.554946868027613283e-01 -2.263861230090420662e+01 -1.774267687777898228e+00 2.178031088267125881e+00 -1.939310148484088003e+01 -1.572932799967115880e+00 1.900609629964867153e+00 2.287270864632696910e+00 6.541028586527311006e-01 -2.583404028983873779e+00 -7.621216375478883087e-01 -8.785488567745797228e-01 3.357668356455626446e-01 -1.780619676925158767e+00 7.259424502865713391e-01 6.186813681953554633e-01 -1.268839009237429760e+00 1.958649598559286664e-01 9.133675740920368380e-01 7.435766362769171689e-01 -1.531335475867744655e+00 1.919341601377363649e+00 -1.313992101733636009e+00 7.674340748726622863e+00 8.530914847212175118e+02 -1.284193617378964980e+00 -1.411902983218178975e-01 -5.900619178238472040e-01 -3.885007398467295037e-01 3.532496443269434572e+00 -5.926074357558757555e+00 3.207348449054792106e-03 -8.820743802624769758e-01 5.397977552979182914e-01 2.631922704408219182e+00 2.489192861717123506e+00 2.204899606444670201e+00 8.614789445733427087e+00 -8.284697237225376654e+00 7.935237847328842076e-01 -5.879452704184489065e+00 -7.203404795703127750e-02 9.318915375726836148e-01 5.738041017707787184e+00 9.003833357652256675e-01 -5.706147432875772196e+00 -3.030632907769486906e+00 2.342827151648652073e+00 3.528356730842115319e+00 -2.780276346827005307e-01 -1.724129391949124290e+00 3.490588250464750075e+00 4.519443789812315759e-01 -4.195252927803439391e+00 -7.990629007324757671e-01 1.321691352029164879e+00 -7.181085222169943938e-01 1.227747849023820059e+00 2.686517044099799634e+00 -8.783818658202083185e+00 6.352037053078183337e-01 1.080726929386245150e+00 -2.404955871042161686e+00 1.419769093499060109e+00 1.915204727387209971e+01 -1.477293575132667902e+00 8.399957965555883144e-01 -1.764267292729610404e+01 -2.938216896502694464e+00 1.068472196481025316e+00 -2.496525298358847067e+00 3.065565871283847166e+00 -3.862410122221694220e+00 -2.346907829923494226e+00 3.260439352743976560e+00 -4.135456165681515017e+01 1.617994463882963974e+00 -5.124595510149420718e+00 6.648169433001108963e+00 -8.849550093772272419e+00 1.550972376191951829e+00 1.826566986206052290e+00 1.869647201139648773e+00 2.433533286166561727e+00 -3.140627432002147668e+00 3.282344741945751654e+00 1.573825472474107201e+00 -1.441730439785819051e+01 -1.557122776551133958e+00
1.856100417939867686e-01 6.450869256362377069e-01 3.368894994374390439e+00 -4.056930554599932348e-01 -3.677389728622235232e+00 -1.555017878345416271e+00 2.506748502831823711e-01 -2.429726273307345474e-01 1.779211468442603028e-01 1.023790896233812031e+00 4.158804353644395491e+00 1.009640486252671998e-02 -4.009549963908181525e+00 -2.428972597891576157e+00 2.141732790059060587e+00 -1.849409404961561521e+01 -1.076316467148771494e+00 6.353405761758140757e-01 5.239987860258772390e-01 -5.063312406746912631e-01 1.415074270782451737e+00 1.355586934249598752e+00 -5.726424078529254169e-01 -8.858905787218532835e-01 -3.681580672768166806e+00 5.682478335417412429e-01 4.998291138080307450e-01 -2.226291749391539065e-01 3.468486915565377471e-01 5.151550012406862500e-01 8.127830352323137109e-02 -2.562541061439120860e-01 -1.268599499242892836e+00 1.242955154417419328e+00 -7.138172937712139898e+00 -7.934800951818402837e+02 6.492387250305728941e-01 -1.026387268598606184e+00 -1.398918038383905493e+00 -3.057313112817355849e-01 -1.860122879349430658e-01 -2.307946555920928589e+01 -5.073457261352437575e-01 2.906514907656889690e+00 -3.137559195011060176e+00 -3.066224186500390303e+00 -5.721571220885267373e+00 -2.038323217551697653e+00 -1.277466016601556298e+01 1.382018571829421028e+01 -1.323899949964253420e-01 5.059642505727959261e+00 -1.584082199967398852e+00 4.953343969768720711e+00 1.673589638363792531e+01 7.536711070439475746e-01 -6.262086901192830624e+00 -1.028434454186815472e+01 -8.724923332017352706e+00 -7.519959368209608641e+00 8.917511920716121310e-01 5.682553409616752482e+00 -8.964219075538570891e+00 1.296783805995285199e-01 6.133010495006696594e-03 3.275865626103934058e+00 -1.113880972342385256e+00 -2.330305134346507767e+00 7.667366177763398349e-01 -2.303323158852426111e+00 5.161801409650895955e+00 -2.897993742558936603e+00 -2.219743271541779528e+00 -4.813122949392306005e+00 -4.790956129420435028e-01 1.135062220704096525e+01 -2.263340906438156885e+00 8.529824620181132300e-01 -1.143935124722001007e+01 -5.445812772802375079e+00 2.200891808564587215e+00 -6.162705919641213725e+00 7.218369223060482121e+00 -4.180077725500897401e+00 1.249815067029844684e+00 -1.101669830566811559e+00 7.856656078843100133e+00 3.577165227802151737e+00 -4.504290847470057813e+00 1.305463548674307184e+01 -1.252672770433204974e+01 -2.558040047858795241e+00 5.596621720717537940e+00 2.037632713743332769e+00 1.364046701358470282e+00 -2.550034080630771971e+00 2.438239871886088483e+00 4.943828561651492648e-01 -1.094703850321952920e+01 -1.471301807618110857e-01
5.787471285397486342e-01 -2.864615125114907679e-01 -2.314840996941741391e+00 -5.991771910766253706e-01 -4.483401076631813531e+00 -3.491070089529410225e+00 3.110138465913563355e-01 1.145365323466738694e+00 4.066172405643209142e-01 -4.109780773179847468e-01 -1.226288471572198668e+00 1.366114995852856784e-01 -8.602651246860535394e+00 2.376784418149302969e+00 1.978060512621943046e-01 -1.555472403079704913e+00 6.059568911082764409e-01 7.979180261201048729e-01 1.546239181400455021e+00 8.661302683069262986e-01 -2.160205862511964447e+00 -1.636664308913408306e+00 -8.896420883963047643e-01 2.096489504522561997e+00 2.591544470768129216e+00 -1.187094524883549163e+00 -6.130829057706531637e-01 1.321271798656298513e+00 -2.629792923556371953e+00 -1.497404281461917286e+00 -1.946119564445434880e-01 1.094651274089102122e+00 -2.251972530852491605e+00 2.312573479667429099e-01 -1.550853709074733189e+00 -1.713523737211168338e+02 -2.398341799933661811e+00 -7.954222909838426503e-02 -6.688443375100572297e-02 1.757133733509492091e+00 -1.656203431321110031e+01 2.017202353110042878e+01 1.384447646079850491e+00 8.324905648900178257e-01 -4.177246111453525756e+00 -5.179400395062518925e+00 -9.378768693443870319e+00 5.485402973183743036e+00 -3.065769499519436447e+00 1.909332698214256752e+01 -5.278796099747160575e-01 8.818166465176611624e+00 -2.837508586667696342e+00 8.320535956546173395e+00 2.614049549991802479e+01 2.420714988990610106e+00 -1.731679333457123349e+01 -1.972460694612847831e+01 -1.152159438250244072e+01 -7.822290687371560303e+00 4.920834007317395731e+00 1.403307343249835526e+01 -1.726702004955942726e+01 -4.779843282003548577e-01 5.939873993629655402e+00 4.080377543588111777e+00 -3.572807451588401406e+00 -9.895312944053323845e-01 2.725460853552808871e+00 -2.783034902922611575e+00 4.189752261160077040e+00 -4.365298948617793329e+00 -7.484181435420600437e-02 -6.922661186817959944e-01 -1.902778485904756955e-01 -3.183782748992556755e+00 -3.362331593027385157e+00 2.753003795724298985e+00 -1.964644261887356436e+01 -2.093265552981269817e+00 2.961609084827209415e+00 -4.829989901236469763e+00 6.617553433946084418e+00 -1.016799254191978719e+01 4.895711671846121327e-01 -5.550263427495770729e-01 -2.076790375262587141e-01 6.273304327264931146e+00 -4.133570808683571407e+00 1.311016218955892754e+01 -1.592556173274553366e+01 1.542436517282257613e+00 -7.011252405354224670e-01 -5.495695923534782423e-01 1.096653675202749811e+00 5.855506388576251497e-01 9.422932950383737793e-01 2.354039493498868429e-01 -3.912681591350522403e+00 -3.466674480313369222e-01
7.242334223417149497e-01 -7.672397124951541025e-01 -4.976458446121037937e+00 -4.038916454413121748e-02 1.670227685085180935e+00 -4.432776885739070138e+00 -1.663636078849097810e-01 -1.331557292791131886e+00 -1.362607743138461558e+00 8.141731146075870118e-02 3.556223951199921629e-02 -7.211950808598392992e-01 5.436633202837024470e+01 -4.724805358267154531e+00 1.393190119853494391e+00 -1.247691399052145123e+01 -1.287571688426660810e+00 1.120423894669881903e+00 1.846019964172068928e+00 2.293690675403932566e+00 -5.615724337526245336e+00 -2.237281328628586419e+00 7.988136146046791453e-01 -1.985496724831985027e+00 -2.377968346999610905e+00 5.124775411780544410e-01 1.846364947042709925e+00 -9.246322995321889504e-01 -1.974659044805830987e-01 -6.761580122308695762e-01 2.156401870632417284e-01 -1.805945156830764731e+00 -1.753448661608640435e+00 8.649772175570764610e-01 -2.586632806921793204e+00 -2.862088376815952415e+02 3.666450120674999980e-01 -6.519337425907011152e+00 -2.313853401118064035e+00 -1.718262822922373756e+00 1.618408179739882158e+01 -2.477037468851387558e+01 -4.021353549232489222e+00 3.680119097439599196e-01 1.454442115615551590e+00 2.540146722212361041e+00 4.221572323050478914e+00 -4.801746856445712197e+00 -4.261121166607769517e+00 -7.665662653103914259e+00 -3.043891651955316080e-01 -7.164164339856582409e-01 -1.949458875914406031e-01 -6.145548185013159914e-01 -8.415617023685880937e+00 -3.863400464552021241e+00 2.383583504364670702e+01 9.715651422848695873e+00 -1.030435951107951276e+00 -1.145236990123577048e+00 -6.642199856276387315e-02 9.628440269298241816e-01 -1.642151140174341162e+00 3.718620501082292029e-01 -2.648284596674586489e+00 -1.046693029238678907e+00 2.429480536172832661e+00 2.163181087469798758e+00 -4.338869144113817633e+00 -1.487221447866883928e+00 1.368270253468376119e+01 -1.179982891083750651e+00 -2.285260268796805772e+00 1.006021380664250842e+00 -1.001291840263905719e+00 -1.169368109305222347e+01 1.253629588202454404e+00 3.539229261962522077e-01 1.048461439971289977e+01 2.846220203369769219e+00 -4.401151298333876305e-01 -1.076417214494393981e+00 1.483398367658348871e+00 5.947756576843592491e-01 9.414664137868655303e+00 -3.669585344252950243e+00 4.368935901430872804e+01 -5.124523933812066723e+00 8.898366381022247751e+00 -1.617461571317254965e+01 1.653655903902612323e+01 -1.251773529865020329e+00 2.184094605659910870e-01 -3.484123702910940867e+00 8.548174031336108314e+00 3.793224605872204669e-01 3.877327106434343418e-01 1.540825913754652610e-01 -1.913423101510938196e+00 -4.931795072186604956e-01
6.454341289839602425e-01 -2.111943867962691179e-01 -1.465399210263401475e+00 5.365558288914636931e-01 6.054542770941130136e+00 -2.136676979281574518e+00 -4.572339797804642059e-01 -1.321914058821435756e+00 -1.449124857215460471e+00 -6.578231844373283455e-02 -1.377498018654701673e+00 -1.593516876954806039e+00 1.208404774203668097e+02 -9.433682484332090112e+00 1.251228241823603149e-01 -5.255941082457979974e-01 -2.340219924024309339e-01 -1.734154765943984433e+00 -3.571505998752058098e+00 -2.771249880728676729e+00 6.561240535267671703e+00 1.636186167640395261e+00 5.091140990697671231e-01 3.618959487006484510e-01 -8.326860448221299338e-01 -7.127935486845851099e-01 -2.594761967007383596e+00 2.138389318077303702e+00 -1.102464108534037424e+00 -2.057517162100589436e-01 9.134712972833372024e-01 -2.716456383724169754e+00 -9.453962154306509991e-01 1.006973550961422215e-01 1.195204748987923171e+00 1.348732829536282054e+02 -1.068365850375123216e+00 -7.747509805200881061e+00 -2.294168531790137688e+00 -1.821354583032918528e+00 1.929507810214968089e+01 -1.651083746768468075e+01 -4.262027244265325976e+00 -2.544665804423547506e+00 1.693313627486369377e+00 2.573434655569919460e+00 3.466847092254448537e+00 -2.974401067001780641e-01 5.990135170465164194e+00 -7.386785337641079252e+00 1.717278003920127194e+00 -1.136643011499317346e+01 2.297365883252799001e+00 -5.792822289725722662e+00 -1.344862050453940405e+01 -1.865976910274198541e+00 1.187698835031780042e+01 9.087495336411238966e+00 3.911611146263140881e+00 3.245016727330939155e+00 -1.991476013504605902e+00 -5.021970906166535187e+00 6.876932411818791557e+00 1.377655342780548242e-01 -1.652050535252873154e+00 -1.420371776499573135e+00 1.763158894369921459e+00 -3.826856784419813140e-02 -2.255369497262403211e+00 -1.136951905405887864e+00 9.451061277537066374e+00 -9.366933863834605578e-01 -2.574440153764868011e+00 -2.605927141141265668e+00 6.917808305931620882e-01 1.772677677693313569e+01 3.187639130336798132e+00 1.527122935488851585e-01 7.812835017250168157e+00 -5.681097748185538476e-01 -1.321843335906227823e+00 1.843889737782089977e+00 -9.738133153179459045e-01 7.778911416250178235e+00 -3.718309927749499089e+00 2.208580124296691594e+00 -2.114650254162657106e+01 -1.391055312720055337e+00 -7.834561290477519702e-01 -7.454806862158224190e-01 1.133939492118264170e+00 -2.854738702300028574e+00 5.004621754103284914e+00 -2.690135759312964669e+00 3.313450414414902845e+00 5.870689433666357537e+00 -6.076618402535073349e-01 2.875809425131665154e-01 1.719846558140582404e+00 -4.245549169000375489e-01
9.965216467309423454e-02 7.260027349760238558e-01 4.158438118703320363e+00 6.553693326251442963e-01 4.990588066762484232e+00 2.904182704995548647e+00 -3.164839081959129885e-01 2.192635573509110758e-01 4.197406628715563137e-01 -3.329980583318982168e-01 -1.431748172316181567e+00 2.526754136933475614e-01 -1.776182891581666823e+01 1.891536560846955872e+00 2.637988263903527919e-01 -2.178396477106784968e+00 3.511223316324613153e-01 1.062549564660849377e+00 1.104663941765043678e+00 8.530624189214336406e-01 -1.766409704731289665e+00 -1.344129529083683217e+00 -1.551765981790872440e-01 -8.530658826274777340e-01 -3.479157606229518862e+00 -5.874107078913145541e-01 -9.919791817324157268e-01 -1.234068582972884798e-01 1.088619957149676187e+00 7.625846857004996426e-01 -1.331826675406936999e+00 4.531690120066259375e+00 4.806899473858003091e+00 -4.464780530166118311e+00 2.327389115836363231e+01 2.586235790270165580e+03 -2.295575829366042875e+00 1.046516685150594839e+01 1.205400955848365374e+00 8.765205969491070004e-01 -1.498187612075937913e+01 -2.081694118614829137e+01 5.298693177074335736e+00 6.079883881857979233e+00 -4.244249322603444341e+00 -5.964793585192876613e+00 -8.813344464417760094e+00 -1.817991938476714697e+00 -1.943126652643550045e+01 1.889144486791732191e+01 -2.101285051202848031e+00 1.727305135480726861e+01 -3.426954314537709045e+00 8.908027846457786225e+00 2.059461996037056153e+01 2.060956040115188070e+00 -1.332810312448568091e+01 -7.876534917859709495e+00 -1.243117187643595356e+00 -1.181908237581737797e+00 -2.123931309793368527e+00 -6.540840070164737341e+00 5.376492348229686691e+00 -2.090031790959851143e+00 1.763515161555709199e+01 2.515560843027320193e-02 -3.194613435763971498e+00 -2.644357577772306733e+00 2.403662020231376317e+00 -2.689521868009612682e+00 1.020683876616651276e+00 -5.316692577454912305e-01 -2.602796108490524674e+00 -5.717276654578736128e+00 7.771840525614290840e-01 3.274057415108717350e+01 1.145370577109705135e+00 1.688879633123173685e+00 -1.350120872448197851e+01 -5.658555196289260181e+00 3.480583131624910287e+00 -1.053751128830985273e+01 1.348978448504336924e+01 -5.896385751603033576e+00 3.083655064485191666e+00 2.654498049355362710e+00 -3.747106453781447044e+01 4.493482793579404166e+00 -5.108148765597076313e+00 2.536174864921297178e+00 -6.249772146586390242e+00 1.068611647395259157e+00 -1.772699366224744555e+00 4.067663462930752871e-01 4.106077381554138483e+00 -6.863756167282282661e+00 -6.622488651171759777e+00 -1.928551430346358009e-01 -1.279659887720746347e+00 4.672087623687380398e-01
3.773788301849496651e-01 4.507067289108497854e-01 2.267976288358972248e+00 1.131012812683418467e-01 1.268485491121937869e+00 -9.099682177488759294e-01 -6.775796976952235262e-01 -1.944054959480046696e+00 -6.993162785502164969e-01 -1.090919661433568666e-01 -1.269404290071804997e-01 -1.877069434447927732e-01 1.415919113073184299e+01 -6.590295637586064403e-01 -5.931676497480865562e-01 6.396009901474483783e+00 4.784180767862493688e-01 -8.026637984374906942e-01 -1.900163034278676388e+00 2.525838078205059345e-01 -1.072450623129984848e+00 -1.493480908671763974e+00 9.601985720323426010e-01 -9.039385402854102081e-01 2.343340859404914323e-01 -2.483067492822392808e-01 1.972631875502306009e+00 -5.372080254681596001e-01 -1.062623724272885761e+00 -1.831996550554460645e+00 -6.735062599718906196e-01 1.913119613252030504e+00 2.107409892585686340e+00 -1.914462590979644885e+00 9.556200756081883796e+00 1.063505704269236730e+03 -1.075611402976042408e+00 2.542359726616032489e+00 1.284730285789117854e+00 5.592082574919817750e-01 -6.012319245084433383e+00 3.674823703852265755e+00 1.598729739124884475e+00 2.364778263049290175e+00 -8.804040179485440598e-01 -4.645007763748995266e+00 -3.423734328766923518e+00 -6.476999578396524626e+00 -1.977174008155291318e+01 9.901248307777978042e+00 -2.171639092008495808e+00 1.447560258527622601e+01 -1.975470320395233070e+00 3.913422379791100969e+00 3.772920349636660564e+00 -9.023403518715803484e-01 4.522643969110587747e+00 -6.476140034657658973e+00 -7.504593466082484454e+00 -4.740353194402257664e+00 5.141876358091718169e-01 3.791495019057124161e+00 -4.737591460389282361e+00 -1.074307614297803859e+00 1.131486833329425146e+01 7.028969331547368915e-01 -3.282170280549444374e+00 1.485261431874812521e-01 1.091252604306516716e+00 -3.352962012456232266e+00 1.336823394177403301e+01 -3.625715681658530531e+00 -3.392750067709019657e+00 -3.224415673940428384e+00 -2.024530207363348655e+00 -8.672739561552852194e+00 -1.877192597206692959e+00 2.401240068304047792e+00 -4.179717926130690486e+00 -4.911673364657612062e+00 2.739397251078021789e+00 -7.587729699632746794e+00 1.035413551208302785e+01 -6.717479819757828707e+00 2.914079414967897907e+00 -8.024239650246391964e-01 1.079377471653234943e+00 3.343048146976564716e+00 -5.628244158307292189e+00 8.734693999172407075e+00 -1.062631888598516205e+01 4.945949949982457738e-01 1.214321712431370992e-01 -2.255110317376401774e+00 3.088769457108917482e+00 -2.193882197515692134e+00 -3.272370262730781576e+00 3.934624285544940925e-01 1.489437532686443522e+00 2.363841795031771387e+00
3.102800328141517294e-01 7.419365024984442281e-02 1.865324117585548946e-01 2.306616769689089352e-01 2.684004130875814909e+00 -1.229705875610992205e+00 6.250077441788326471e-02 -1.967385176799507640e-03 2.954735274144118518e-01 1.081618384859432513e+00 3.550631255436153655e+00 -1.081410366375715526e+00 7.864738565817610549e+01 -9.454391893953346226e+00 1.858314942206534148e+00 -1.609083072952201476e+01 -1.379423911823758564e+00 -1.042339864872535049e+00 -1.978511298660768913e+00 -1.443302544119186237e+00 4.920979838816875507e+00 2.716359666881617230e+00 -4.866518046109403750e-01 -1.238662393481226864e-02 4.515676925523828822e-01 3.379994034076809206e-01 1.557645371900540088e-01 -7.464113925139441719e-01 1.131912974084927193e+00 -2.775897543246791388e-02 8.214135309292793785e-01 -2.268511194765626904e+00 3.316909231825661220e+00 -6.735197635825894702e-01 4.861068012751403877e+00 5.382684610520715296e+02 2.378211792347570075e+00 1.873630766722863106e+00 1.196826858679214789e+00 7.087430094125364288e-01 -4.913859933929822787e+00 1.958129910280903374e+01 4.088106481711137885e-01 -5.214994356825266575e-01 1.974560446941606706e+00 6.634713995195096192e-01 2.374028573747192894e+00 -1.407491512590522520e+00 -1.652254047340098841e+00 -2.323855881931427891e+00 -3.914414470785054778e-01 2.636574920943834943e-01 1.180959633005010057e+00 -3.240295604578622424e+00 -8.882008234962945892e+00 -6.496926168744543428e-01 4.762652264444357186e+00 7.019526490130596486e+00 1.196737922915145358e-01 -3.042529750179718384e+00 -2.188887386486252584e+00 -4.470780578177286912e+00 4.640916195817545109e+00 -1.759193730447364601e+00 1.779097885474371665e+01 -4.259522998029380503e+00 -5.015791972321083092e-01 -4.097869313965354365e-01 -8.754132983267467472e-01 -3.398596705015791031e+00 1.865537926918886669e+01 -3.425777343547346199e+00 -4.913585326947089271e+00 -3.833831881422580246e+00 -8.067709939115730311e-01 1.070406218953611877e+01 5.484056548829968847e+00 3.270314766881128765e+00 1.484130190352996159e+01 -1.874477529268228082e+00 1.252857438505523113e+00 -4.412632544962225900e+00 5.233459042627763402e+00 -2.024884915736864688e+00 2.978678967450169690e+00 1.217340605694069211e+00 -1.475482652080865087e+01 -8.739124414470100799e-02 2.672777832728814751e+00 -7.188827629140617681e+00 5.822484699741579561e+00 8.958335590859511921e-01 -2.348603250146304333e+00 -2.312681092279418316e-01 1.741507524251727723e+00 -5.229731308860355199e+00 -2.102272248014764866e+00 1.931001889350251854e+00 -1.549128580883511574e+00 2.345288480125186759e+00
1.408768468279486541e-01 7.311768963124353204e-01 4.330916459599785995e+00 3.088617827723496578e-01 1.914563294346804723e+00 1.555755378414908296e+00 -6.775603161222818471e-01 -7.670048313312066712e-01 8.113868191436144350e-01 8.827419181502234036e-01 2.936885359483905500e+00 -1.363509062767569668e+00 1.019497923247076017e+02 -9.872890244647930302e+00 9.090137026472187021e-01 -8.131154587834057423e+00 -5.570072770604839185e-03 -2.612214630439169127e-01 5.442904773380752292e-01 1.104863744910610235e-01 6.098879113975059774e-01 8.254498484647448953e-02 -1.104797190484311464e+00 1.467792428572097130e+00 2.353721623525526052e+00 1.775524978474083415e-01 1.258587522687501625e+00 -1.339671259017586102e+00 2.120762009614348687e-01 -6.728730706930104999e-01 1.330982691357596170e-01 -5.249668855484269647e-01 2.468512957963413523e-01 -1.753127600929809127e-01 3.867376414672448526e+00 4.269099750777519944e+02 2.191382073543397091e+00 1.104478800438739361e+00 2.959480235845400209e+00 2.801793173250987312e+00 -1.797197390061393207e+01 8.125668612935319857e+01 1.933994343672493788e+00 -4.286005974100495663e+00 6.499052750024726377e-01 -5.012514323267411420e+00 -3.798839910822614740e+00 6.462829066473932293e+00 7.278452722665043950e+00 7.463945346643189538e+00 2.588263308872006618e+00 -1.414394472926451130e+01 3.473544288630016741e+00 -8.989912241378114288e+00 -2.145762448879956708e+01 -1.167351025331465397e+00 6.853569503278612807e+00 6.400952424590275136e+00 4.097276437735089871e+00 2.923468806396009256e+00 -2.428999444987407941e+00 -7.927463918807843513e+00 1.075811633155929314e+01 3.930396131616530342e-01 -4.757040629995097802e+00 -2.253783097456667051e+00 1.922585413681204169e+00 3.938972696569879584e-01 1.132991769523866710e-01 5.902200491849900477e-01 4.066531717108083477e+00 -1.754690510982757079e+00 -1.293809151582323125e+00 -4.367311362077216152e+00 1.056112112534355330e+00 2.328368356704580222e+01 1.738111296186615418e+00 2.384654900955588186e+00 -7.324917277666688875e+00 -2.418714603030236443e+00 5.652603756016574277e-01 -2.542483811022684836e+00 2.927154419916061734e+00 -2.648000677874245312e+00 1.720471729950366235e+00 2.008156756791532604e+00 -2.523220462714068901e+01 8.264444751172558279e-01 2.329733458473316254e+00 1.685209822820799008e-01 -1.599077671786210519e+00 -6.551877808608964626e-01 3.856592693035542085e-01 5.237227672246923760e+00 -1.158977583756422014e+01 5.615395164707217557e-01 1.923979181554613893e+00 -8.542154215085615565e-01 -7.652870220553698921e+00 1.935683379993233899e+01
