5.268002368032477278e+01 7.006115125149586786e-01 2.341558186146004417e-01 6.703015087653826365e-01 6.198894051085956924e-01 8.540896903619492608e-01 6.893605264063711324e-01 9.959431232567073078e-01 4.989578360181516903e-01 7.868557322748247485e-01 9.693512388978403616e-01 4.290779290498775156e-01 3.408926573799245796e-01 2.349939497208064498e-02 2.948115319071767937e-01 5.850353411276111304e-01 9.187599472812674195e-01 6.454561882858590449e-01 8.648563978231763594e-01 9.639160276808030892e-01 1.080334248805330244e-01 5.400427054874462618e-01 9.540282151719858827e-01 6.800851746399538822e-01 6.181883099517454516e-01 6.136804283331438459e-01 2.178562354523634337e-01 5.350988955801174729e-01 6.889734390852554347e-01 2.535994529217853177e-01 1.932445301227595502e-01 1.082855136240048477e-01 4.648739495774920627e-01 1.799208743998248483e-02 4.257719771340363613e-01 3.410121600213208426e-01 6.592784161186477920e-01 8.787814836078430281e-01 6.617036541218862533e-01 3.018254428786968369e-01 5.764458822386934189e-01 9.406068236608728927e-01 9.509715189421864556e-01 8.239953762508348545e-01 3.403082294961936594e-01 2.608643355614920223e-01 7.743192756346046757e-01 9.578538703915914221e-01 3.773385426606813420e-01 9.958636803961270489e-01 4.587147472576895701e-01 9.796905859597432320e-01 3.866308567459608714e-02 3.681930125047717661e-01 5.588009234224282640e-01 1.180617232551809392e-01 8.087289891808757680e-02 5.174883397182161726e-01 6.259799969600354785e-02 6.530015641421283989e-01 8.618370475002843367e-01 6.464972118818235192e-01 4.920693917956199259e-01 5.167114994504728998e-03 5.346456886517265694e-01 8.900944493246261136e-01 1.474481648046810367e-01 7.390547581652915365e-01 2.154458280959434813e-01 4.342534264807955680e-01 4.226159902758895859e-01 5.293526831442684211e-01 7.810535270932330576e-01 4.890473779227627604e-01 3.310033638171097081e-01 3.429691836863660859e-01 9.722407000245792963e-01 4.689530453859491743e-02 9.343152830049850088e-02 3.319643991750447221e-01 7.795899563998849313e-01 9.191802776908257755e-01 5.154604692557798185e-01 2.935965011131486113e-01 2.725893349660234444e-01 1.406218220675223840e-01 2.411397698402689693e-01 2.716540915299486825e-01 2.937087054665488139e-01 2.121562517786079738e-01 4.105975106900144889e-01 5.628484669779743044e-01 6.361647333803140958e-01 4.776346224379846017e-02 9.767167283910372921e-01 6.284494177168128415e-01 8.036013037036269235e-01 5.496986892839658134e-01 7.913379492097261103e-02 7.039950123945101224e-01
0.000000000000000000e+00 4.667452334384331891e+01 1.582196181329693641e-01 1.827459746051594003e-01 8.243422771033966923e-01 1.584471037000701188e-01 7.394534384161625118e-01 5.972877170827320947e-01 1.530771732120797014e-02 1.836753056768428150e-01 3.604649700858439942e-01 6.521931046501349138e-01 4.716432813388151124e-01 1.742508847266545022e-02 4.640238682205033438e-01 3.853408326847245768e-01 3.727333753476030909e-02 7.472599066219262065e-01 2.445733841122980368e-01 4.737224488699238734e-01 3.343929224475910011e-01 2.749199784628214571e-01 2.651452299056528822e-02 7.225925205263772355e-01 7.251788697398445782e-01 4.986614304713699042e-01 2.644189314054767870e-01 9.165298823689174146e-01 9.538269405335396689e-01 2.208384943439929415e-01 4.023008617263607589e-01 6.804249274017567517e-01 1.834911104152304184e-01 1.195424399388873293e-01 2.478044052884018911e-01 5.824686620732376641e-01 4.037208795541087913e-01 1.858930881254346190e-01 1.962669221932592245e-01 1.782997973650541149e-02 1.835157433789173786e-02 1.217745183723594748e-01 3.169701727733949537e-01 4.532244184752011740e-01 3.563791757250397430e-01 9.923598315814432524e-01 1.007261859489154976e-01 1.255136279832023138e-01 9.315864903210785419e-01 7.636858570367758281e-01 6.284181482975926825e-01 7.893098090557770785e-01 4.288911711203226562e-01 4.964025868043299705e-01 6.650676670202515517e-02 9.887076921398567642e-01 8.289533753966390472e-01 6.981929243209870073e-01 5.170858407919673994e-01 9.955783006438044536e-02 6.285006582900516392e-01 3.091171212213300601e-01 9.303107938221576445e-01 8.965027021566707166e-01 5.268400030980719961e-01 8.468613883379022544e-02 9.194998324614143126e-01 4.770260414131219928e-01 3.584048709866015092e-01 6.267370646861534222e-01 5.335378999601987360e-01 8.219879076727825140e-01 7.994830608987133491e-01 1.485532094762914146e-01 1.119735124004190979e-01 1.596508717776698449e-01 8.147287169648921579e-02 7.422044902214012252e-01 8.609294722777881548e-01 8.113481138709697227e-01 7.240980702183287265e-01 8.450515730478084242e-01 2.244075530052109801e-01 7.396052317851455893e-01 8.386000818671078827e-01 4.603356033859949958e-01 8.290165254649699278e-02 6.873236628557424233e-01 2.417105484219851663e-01 3.460802953764496870e-01 2.557533541939545699e-02 5.009844869210127588e-02 9.413433913232810424e-01 3.100917561995609750e-01 2.906448270670417694e-02 9.933343744164380151e-01 8.661306263171224540e-01 7.926897617704470322e-01 1.791251519017543758e-01 1.371418168366491941e-01
0.000000000000000000e+00 0.000000000000000000e+00 5.052361630658346314e+01 4.471539451697987277e-01 2.930951836546601408e-01 5.622084755179546089e-01 6.127916865979039507e-01 8.394197716429342426e-01 4.869058889877390106e-01 9.128909999573371348e-01 5.386759423301651362e-01 8.963094659158642452e-01 2.169012039017105264e-01 8.984824704478303614e-01 8.204446091458830193e-01 2.281929234766121584e-01 9.241731742092017532e-01 4.627652509446655293e-01 2.358358821266970662e-01 2.099617419156762921e-01 9.975795779594467394e-01 4.485325810534884772e-01 1.276057948058180180e-01 7.372626437401407218e-01 4.750642167914188030e-01 8.598851630352105646e-01 4.836418116819242718e-01 2.356065660291519481e-01 3.198378299639455524e-01 4.199713629343732602e-01 9.330978078999874192e-01 8.168978035978524677e-02 9.965052150212602156e-01 5.642692981359898052e-01 2.806069506602323349e-01 5.174609822215379268e-03 5.459830510955308025e-01 5.279282772848036265e-01 8.215468366497019614e-01 6.103198636180930947e-01 3.576525770847880370e-01 8.423734021634975422e-01 4.122176743134744470e-01 3.426009200866405036e-01 1.481683164255588880e-01 7.071166497952398045e-01 8.851748698754937639e-01 5.715816974263470129e-01 8.210097750145153306e-01 5.407572434616664259e-02 7.216381610967425031e-01 8.423084204017341481e-01 8.001490769484376209e-01 9.690798199674518498e-01 5.491086014464118259e-01 4.912041076318988675e-01 1.298723178992938418e-02 1.313674697135167324e-01 6.813118168911043160e-01 7.504899098796827817e-01 4.742196812771226067e-01 6.332239569435399451e-01 2.073132870877313350e-01 5.556437549892586647e-01 7.210468871312939454e-01 4.428729412640571017e-02 7.360259338760628545e-01 1.125211458905816947e-01 7.303895253205769933e-01 3.325375724497581786e-01 3.051285746598890181e-01 6.966350344726615074e-01 4.383106786118863285e-01 2.533070416608266262e-01 7.219370350293632388e-01 5.136712333860105062e-01 1.515313120146531134e-01 9.175326142269280005e-01 3.464451266909890359e-02 5.128653472797334301e-01 5.599943133837296250e-01 5.634770720815550638e-01 1.193985267432440267e-01 1.044307870271887484e-01 5.033971847517503262e-01 4.649258921988079218e-01 3.489545068600018451e-01 3.591282899191790556e-01 1.498927448479858704e-01 7.456212096249228427e-01 4.519284627603598059e-01 1.737016888046433449e-01 6.077621264130058654e-01 2.330722824216225619e-01 8.013828542213676798e-01 8.240452896589247622e-01 3.160644624627133026e-01 4.512106306512713161e-01 5.480228567094237724e-02 6.207110409966890563e-01
0.000000000000000000e+00 0.000000000000000000e+00 0.000000000000000000e+00 5.243351325784744432e+01 2.242717624153048595e-01 9.098662360861793363e-01 9.373749690344047591e-01 5.233268039118874615e-01 1.530153880194136118e-01 1.300951128526902645e-01 7.936539787523834155e-01 7.855568311694999251e-02 7.580556345612996516e-01 3.900324802417251546e-01 3.094609368499489643e-01 9.283708248855705447e-01 7.545024137334749303e-01 4.735560728717897461e-01 5.057254068989851525e-01 4.988502578572602264e-01 6.372361456593391704e-01 1.025875678213691300e-01 9.411637412661548741e-01 8.118261745502444171e-01 4.071797228565011140e-01 1.860055104468639475e-01 8.134394426999118632e-01 9.109130802227700663e-01 4.632483722516349961e-02 1.678079268892874662e-02 1.594337602006704324e-01 5.527255478987027626e-01 9.736754598488576162e-01 7.150782773313837937e-02 1.764763634146525317e-02 2.001763159856615182e-01 4.684900340229170013e-01 9.665779207187773503e-01 1.942393318464064877e-01 8.824535957253070162e-01 2.248637226044667911e-02 7.442332957846923280e-01 7.586693291718485943e-01 8.729401416061107755e-01 5.057260190579877523e-01 5.495102343578869286e-01 8.974089103951992108e-01 1.847539214428040033e-03 6.015703944896492184e-01 1.375279509611544437e-01 6.388117885987529831e-01 6.087117211565474806e-01 6.441647785020341299e-01 4.537848282756126173e-01 4.180404313968413277e-01 6.714634122345287948e-02 3.951996311450147181e-01 2.135735185166755257e-01 8.431035210419211001e-01 9.289837073116600230e-01 2.889145422166228272e-01 4.787251989094331583e-01 4.078572605910557591e-01 2.394735145135079221e-02 1.466206609676242167e-01 6.484824100118066204e-01 1.523368982942414074e-01 7.298113905827982029e-01 9.120540237709452436e-01 7.529996747587468509e-01 1.344468406658246851e-01 6.020787776617669840e-01 2.385411226341606628e-01 8.946037298072478938e-01 6.840642084363138808e-01 2.704125198884400616e-01 2.675105810169962073e-01 8.647795505916777703e-01 1.823370205613847328e-01 1.776433412453932159e-01 8.109000250578984881e-01 2.068667731489052808e-01 5.540541347600529409e-01 5.772557687048799346e-01 6.417528132825762732e-01 1.716679817390531770e-01 5.539599580293542713e-01 1.826990070600678917e-01 6.611868483543182906e-01 7.199002885066675406e-01 7.245323093209989906e-01 2.502740277463023078e-01 8.749733758692609387e-01 8.762906028997253793e-01 9.261973125970663911e-01 3.374382062355403278e-01 9.247801119358527444e-01 1.013805421280908059e-01 3.629738393817295017e-01 5.175989476788189769e-01
0.000000000000000000e+00 0.000000000000000000e+00 0.000000000000000000e+00 0.000000000000000000e+00 5.168383254896757961e+01 4.028522357908231877e-01 9.829179308415387784e-01 4.109480325644332965e-01 5.794331251599734722e-01 2.847078998761888857e-01 6.272205797359720059e-01 5.250054571039028950e-01 3.426131800266343785e-02 8.439582448819028526e-01 8.725384151783976971e-01 8.137889518807747136e-01 5.186977503354456287e-01 1.797764772114330556e-01 3.533467155075527555e-01 4.426474184689959679e-01 9.199885586253869763e-01 2.646198462218460890e-01 9.564726355449361117e-01 8.180663850026718142e-01 7.695732526812832930e-01 2.630017738929504856e-02 9.932032727981346953e-01 7.246436542357257427e-01 2.417663855292774000e-01 4.619635363265067185e-01 4.108210110138333926e-01 3.306765560894085465e-01 6.416454041755484949e-01 5.414992590343686851e-01 5.600425977157167390e-01 9.532921659775677181e-01 1.648078538842837060e-01 5.199237671867881216e-01 7.771865939014301894e-01 2.238230962981358763e-01 7.962671804109348050e-01 7.549242781694438520e-01 8.754028801425557393e-01 4.806711265809572864e-01 2.201434405655401313e-02 6.411119883156143340e-01 1.547986306601282780e-01 1.357080891205190640e-02 9.237212178480865843e-01 9.983311443551448616e-02 1.564781186679999603e-01 6.866841247859782615e-02 2.950947431467142446e-01 8.403147312750912645e-01 4.052817691679509032e-02 5.334468721006456748e-01 8.695848342148418952e-01 6.737068668754410128e-01 3.525744014518685243e-01 5.775374366402035164e-01 3.931140833808200452e-01 7.768661419637601373e-01 7.517350347745878347e-02 8.226463893449487141e-01 8.550160883589262850e-01 8.239177690567068835e-01 7.381508606990443422e-01 9.032414771497643269e-01 5.814331451576242316e-01 2.614053064101672930e-01 3.196917744078839330e-01 4.256161191889269724e-03 2.379092319780517495e-01 6.587790984940372629e-01 8.059328302752056805e-01 8.950864886806637610e-01 8.061379287261137838e-01 6.962383871944177738e-01 8.607207686226774346e-01 9.363487261304975773e-02 4.278714442626604941e-02 4.826638232789153826e-01 7.192201407741697361e-01 6.548699699837793320e-01 6.554001235402295844e-01 9.767564228827269046e-01 2.609443849673331872e-01 8.703946445963335332e-01 6.713526680068374608e-01 1.327992944149014760e-02 2.546363340102208994e-01 9.739622582165992082e-01 1.038745206850576475e-01 6.725038860024107334e-01 3.776528218400628245e-01 2.076326342252114432e-01 6.110532910244302895e-01 1.367554836145884467e-01 3.688140369204085944e-01 3.256331438905586961e-01
0.000000000000000000e+00 0.000000000000000000e+00 0.000000000000000000e+00 0.000000000000000000e+00 0.000000000000000000e+00 4.951153054089261474e+01 6.407729577672711674e-01 3.126046190124817103e-01 1.573595365371068810e-01 3.855660959893086881e-01 1.600617755298126832e-02 7.379505291943462275e-01 5.738042710978974448e-01 5.716855186275889844e-01 5.174797755453712789e-01 4.393123023148451933e-01 2.175590397675213061e-01 8.528329267875459641e-01 4.281605918451885096e-01 1.584810984308203385e-02 7.729088805790622629e-01 9.237378948230610121e-01 1.852560524030353456e-02 6.472507319185749619e-01 7.154702079959821548e-01 4.844763322395219396e-02 3.779658538113797039e-01 2.518394992173513813e-01 7.411808791728511370e-01 3.782275943691979503e-01 4.578730943652749574e-01 6.905955714722417094e-02 8.586603272426283906e-02 1.762279811097568483e-01 3.757763564254280597e-01 5.205521903618642865e-02 5.198878357794367577e-01 5.384241279871376795e-01 7.230711046401764319e-01 8.747355585094874764e-01 8.967398600452280988e-01 5.122138285718552675e-02 8.444796508681177150e-01 1.765791114020448527e-02 3.137994016044138301e-01 8.962678553971406004e-01 5.238800616614160965e-01 8.141497439222129540e-01 6.401228036014087186e-01 4.262299667285867066e-01 3.670366114195316998e-01 7.875574894613789345e-01 5.930942922210894475e-01 8.695382165407929964e-01 2.017471042341777709e-01 1.821246505990513631e-01 6.830711575420481685e-01 5.249763611037790989e-01 4.466747541011056866e-01 5.855841901914408121e-01 9.210478005783925282e-01 6.857021495578958792e-01 1.626837141286246180e-01 4.816262689622610726e-03 4.600532821731839750e-01 2.325567899165195407e-01 2.935500766032002051e-01 5.670154018608885016e-01 3.248961094240842562e-01 8.859712325948347900e-01 5.719480443600732933e-01 2.454931389664270214e-01 6.015194235410971091e-01 2.301122378394027113e-02 1.564037046453951862e-01 6.386704827724609679e-01 5.938301562355522423e-01 5.833228505993361124e-03 2.721647641051548883e-01 2.535147439128315749e-01 6.662148904335405408e-01 8.141744700279360814e-01 9.696649149255058830e-01 3.065215835178596859e-01 6.462615203081404358e-01 6.588626048577640448e-01 3.926165719363107764e-01 6.184241654868249949e-01 1.485529964809089998e-01 3.821481623410844519e-01 3.006286171143847108e-01 5.195968430051661757e-01 2.326765074694865376e-01 7.929282638519331572e-01 6.552606959728447811e-02 2.009547510940690729e-01 6.325360773326981212e-01 2.850521886133697280e-01 9.258233128319730554e-01 5.753930142909960965e-01
0.000000000000000000e+00 0.000000000000000000e+00 0.000000000000000000e+00 0.000000000000000000e+00 0.000000000000000000e+00 0.000000000000000000e+00 4.956705244990487813e+01 3.257573235058667249e-01 3.097047605607044507e-01 1.040697682588963835e-01 1.862322676509212405e-01 6.045773105340403186e-02 4.246261288542564905e-01 7.285071369906047645e-01 6.973133212498867917e-02 8.274271290212075192e-01 2.249615034042686812e-01 2.640212736153487727e-01 9.485707240474877677e-01 4.802439636320968153e-01 7.980266199636339985e-01 5.413867606322527726e-01 5.252256502347181222e-01 6.918097089856833914e-01 5.788584374008839406e-01 5.981465791459089631e-01 3.566909705482071424e-01 4.007644972602514288e-01 -2.833098565854577644e-02 7.750370577767031754e-01 4.811386123090922728e-01 2.921494220048586055e-01 7.152294930873548395e-01 5.636584667833364204e-01 4.490002466795531277e-02 4.985409367568642836e-01 4.422444294183447422e-01 4.905621475736536563e-02 2.637270924870138145e-01 7.949906157343497037e-01 1.638726108164071382e-01 7.490125909368686719e-01 5.606635872358302075e-01 6.612520000212322724e-02 6.168611582416447803e-01 2.343841815432313458e-01 9.660270914826982747e-01 5.077944421465578895e-01 1.003200787847368103e-01 5.570318516660809349e-01 7.909126170370044395e-01 5.482882268838091822e-01 3.373511186134976469e-01 2.615334841938226074e-01 7.481817237934603737e-01 1.074004797001155698e-01 3.426445381882587959e-01 5.754686224385129334e-01 4.312354318292312971e-01 4.161952206297618861e-01 8.976243017618613651e-01 1.204380411888086727e-01 8.822030249024617188e-01 2.531180434329882017e-02 5.475399501313777950e-01 2.858572321206532818e-01 9.381094376038601190e-01 7.592943062847453684e-01 5.601319809710768594e-01 2.152776034888556900e-01 6.625707331729627225e-02 5.485600483500577967e-02 1.497896368519845145e-02 2.772250513674578976e-01 5.729476521276772871e-01 5.146467924237837499e-01 3.946175780674058275e-01 8.427421581467251510e-01 9.396825734942317876e-01 3.899865304795149257e-01 3.163143480579310163e-01 1.519782190950105805e-01 6.882695447323786131e-02 5.575296092025667782e-01 1.861416692849666987e-01 4.044674688934769557e-01 9.449537248957617930e-01 5.321643336574249927e-01 9.218610961785183022e-01 6.968662289023038747e-01 6.513986153650613842e-01 4.714238146748985225e-01 2.730013577340638653e-01 5.919667675372742854e-01 9.094406690332357268e-01 1.025002996372781361e-01 6.704803081970769907e-02 2.478314601556791119e-01 3.314242546290174785e-01 7.990136090163696414e-01
0.000000000000000000e+00 0.000000000000000000e+00 0.000000000000000000e+00 0.000000000000000000e+00 0.000000000000000000e+00 0.000000000000000000e+00 0.000000000000000000e+00 5.467721931836776150e+01 8.789930531223019150e-01 5.161733302212673236e-01 5.003643095599576984e-01 7.576560640427052462e-01 6.924168594275355026e-01 7.619465865182813158e-02 4.148689302040995952e-01 2.422332787219925454e-01 3.945956735976437896e-02 3.019211942110378022e-01 5.318354405735670198e-01 1.499335444473952061e-01 7.746892855636768882e-01 5.371954820095742322e-01 6.781524327915294803e-01 -2.787501108433171337e-02 3.969026208854019577e-01 6.431738211850626108e-01 7.721961936199890353e-01 4.774865457316659900e-01 5.290974330071930298e-01 1.211535756101830008e-01 5.830832728740387161e-01 2.167197630968965560e-01 8.555178843652497811e-01 8.127646851464406241e-01 -2.212457085267385479e-02 5.050154834876424692e-01 3.568833017368352456e-01 3.226395915282548321e-01 6.853343785559271040e-02 9.022220823929303357e-01 4.110593816463965489e-01 3.570392581784295194e-01 3.722950382295330263e-01 2.560689379550197819e-01 7.141168788825653646e-01 -3.500921611085423824e-02 3.071477432741162583e-01 7.020191810756195583e-01 3.298130092644830924e-01 6.102768069828585773e-01 4.955103078735699773e-01 9.831555693347056313e-02 7.203883763684918451e-01 9.432300869228325002e-01 5.930761821182016780e-01 1.033578309267722262e-01 1.243518764649337999e-01 3.525188349332606941e-01 6.304497306427476744e-01 9.220985889532574697e-01 8.170089690903925561e-01 4.443546878421332780e-01 7.024499861392344835e-01 7.523858431315322282e-01 6.348785348868636325e-01 8.021726902026438122e-02 3.986326119693552883e-01 6.079094606417805302e-01 7.926998167715364474e-01 6.959991538249324927e-01 8.772972592495855704e-01 4.475875814157498356e-01 4.529891830245508788e-01 5.775993532673290298e-01 5.989098153296825711e-01 9.218025536880950499e-01 8.205723619896172494e-01 4.067462353596686953e-01 6.795772535907886880e-01 1.558966599957434251e-02 5.253281222341893431e-01 8.378188380970301719e-01 6.118600327133808525e-01 4.402331257577808687e-02 6.306554465743773319e-01 4.710375264141433149e-01 7.058880403088643174e-01 6.795339129234009290e-01 2.804123797876603152e-01 5.134145768072021498e-01 9.483610900061856253e-01 2.537382374507092808e-01 5.327462285466617598e-01 7.212856934945734988e-01 6.410360724972249957e-02 2.877904043701656200e-01 9.408710176776438061e-01 3.815897601183479426e-01 6.901294168905486304e-01 3.024462165728896701e-01
0.000000000000000000e+00 0.000000000000000000e+00 0.000000000000000000e+00 0.000000000000000000e+00 0.000000000000000000e+00 0.000000000000000000e+00 0.000000000000000000e+00 0.000000000000000000e+00 4.798131752904834002e+01 7.941784682450974131e-01 9.532103032442826307e-03 1.048672933693660242e-01 5.014776070286617315e-01 8.739417243264586965e-02 3.694579718851236927e-01 9.304737973521189920e-01 8.759045263335460962e-01 8.267030557780674638e-01 8.368413616358147955e-01 7.774010202783790957e-01 2.227525193117375624e-01 1.328356977826052332e-01 7.091441941261557025e-01 9.012443950588360231e-01 4.151203820663005306e-01 6.005292055520510264e-01 6.761692278073657691e-01 3.987166449885158892e-01 4.433384408643932240e-01 3.808894053063556495e-02 5.187654208925539523e-01 6.346952297613626115e-01 5.435794303897528712e-01 2.934593618679253724e-01 5.435652498804440791e-01 5.893864590749882115e-01 8.533868541028313270e-01 6.040966518398525054e-01 4.080762526526588441e-01 9.550955745367775140e-01 9.179940694855410754e-01 2.581922763716881231e-01 1.434179900629292959e-01 1.132986612907431467e-01 6.192945355526459084e-01 6.424467802415299023e-01 7.362559651895043134e-01 9.613332371325741463e-03 4.247426049560490968e-01 -1.351124841611899344e-02 4.537397248049539200e-02 4.515325430364747206e-01 4.847917348797176063e-01 -2.386667397638164712e-02 8.047496862130177897e-01 7.275009148909260537e-01 -5.790216606786136033e-03 9.943079291894642291e-02 6.944174098651041682e-02 3.712191681902471951e-01 9.944137290488749836e-02 4.066687585234041724e-01 1.571612002506720396e-01 7.989136147663712662e-02 7.433373703732608639e-01 2.653921413827620701e-01 1.646578218088179946e-01 6.665430288432138139e-01 4.834374670268595797e-01 8.724575518765247395e-01 8.443947509312678124e-01 9.289123214175057930e-01 3.360825470426941908e-01 2.138448137778083957e-01 6.981978240760671195e-01 6.932517957050756685e-01 4.443550639051537798e-01 8.255042638732330573e-01 7.072648261519060009e-01 8.624069987686699967e-02 8.355104144144805955e-01 9.410711921671807145e-01 4.120368860581967718e-01 7.608780042442095382e-02 3.952619829285571040e-02 9.147540436559900012e-01 4.084045920615166914e-01 5.959584260058206073e-01 1.162986323187086973e-01 9.773360490683968838e-02 7.208712180198618702e-01 5.807312798403090337e-01 3.123825905304740136e-01 5.206034617369779127e-01 7.289014391934836579e-02 8.796231966315790629e-01 4.242378605857592966e-01 2.401027482248876688e-01 1.468121278930649420e-01 4.551712467529849260e-01
0.000000000000000000e+00 0.000000000000000000e+00 0.000000000000000000e+00 0.000000000000000000e+00 0.000000000000000000e+00 0.000000000000000000e+00 0.000000000000000000e+00 0.000000000000000000e+00 0.000000000000000000e+00 4.194082460449889282e+01 8.569137325677550487e-01 1.574996336334934244e-01 5.368296107621395308e-01 3.092625982431454479e-01 6.634587481827478594e-01 7.107021791074681349e-01 2.711539217026918691e-01 3.377550323774655694e-01 6.048848746004228394e-01 6.693740164057100372e-01 5.719675771371847128e-01 7.256112359434221393e-01 4.904826808622106404e-01 8.325138274063825783e-01 7.521442150262950266e-01 2.008234127014547205e-02 2.694373044506385290e-02 -6.489421722726672337e-03 9.308163087493475096e-01 6.821522003501999665e-01 -2.240715832517434225e-03 2.237926481400462908e-01 8.733370096906803437e-02 7.966390045202047521e-01 2.467582608807769307e-01 3.379549724863927240e-01 4.418219233218522585e-02 2.507916578365222970e-01 6.606676209380554221e-01 8.914493828852337876e-01 5.051893388484718361e-01 3.057885352929529121e-01 1.859542858338692622e-02 3.764887174990133034e-01 5.555146168358935377e-01 5.887011250967245646e-01 9.241699123980546826e-01 6.289541324391062505e-01 6.291646500656532526e-01 2.024195361400566440e-01 6.717915381259751406e-01 -3.748814233632707243e-02 1.432006798781124413e-01 5.132549891392779173e-01 1.046713431819946277e-02 1.936750236136008940e-01 4.318989809932801127e-01 -2.772436687156899088e-02 6.398032766078098899e-02 7.377510291393002406e-02 2.151300238900216155e-01 2.447534555225831521e-01 5.948452348247770249e-01 1.880968310423440371e-01 -3.831984560049517263e-02 -2.539459572783977354e-02 3.065334686051239266e-01 9.344544873975989541e-01 4.994766933836152223e-01 3.537926620180540382e-01 9.602722224538312590e-04 3.440756681152356000e-01 3.470951003726709810e-02 1.258773463220571806e-02 5.991512028353273428e-02 7.638542591090280443e-01 4.098163174561703093e-02 -2.057984854325603519e-02 5.930986050684957656e-01 5.626362767455309610e-01 8.678649456144549301e-01 5.296798933295946421e-01 4.634494870718538495e-01 4.437061705062192996e-01 -6.708400711132600502e-03 7.625524260920812925e-02 3.587084390526278921e-01 3.843227286522216818e-02 1.672062743759435838e-02 3.439110923909158291e-02 -1.245355474681492103e-03 2.585545930510331214e-01 2.824761203977214225e-02 3.728102811720395704e-01 8.803233700301844600e-01 5.206136502488358797e-01 8.102092771921767800e-02 3.365450053313241985e-01 2.813509948826583007e-01 8.691812508632321688e-01
0.000000000000000000e+00 0.000000000000000000e+00 0.000000000000000000e+00 0.000000000000000000e+00 0.000000000000000000e+00 0.000000000000000000e+00 0.000000000000000000e+00 0.000000000000000000e+00 0.000000000000000000e+00 0.000000000000000000e+00 5.120295099509786496e+01 6.165503949712485277e-01 7.267599505519063419e-01 7.155706064295083157e-01 3.112216840773728843e-01 4.933029736092485740e-01 6.401720314995306138e-01 9.622409345071097908e-01 5.452288025839735486e-01 3.103101205625657943e-01 6.764485206968697817e-01 6.046945478300218557e-01 8.137118898189843463e-01 7.102981261494557552e-01 -4.224013378508106875e-02 7.731084325425821024e-01 -4.019964316868974291e-02 4.001284002806065887e-01 4.200867971353552388e-01 7.608819182784924973e-01 5.487730155436861823e-01 1.391315622367165772e-01 8.713639926869540808e-01 1.016821751996894035e-01 4.061956514949140451e-01 3.022208055981236985e-01 7.212114453905726918e-01 3.117818539569641167e-01 4.525459355714386844e-01 3.940365261991145562e-01 1.060198726783160156e-01 3.751278795461011062e-01 2.451232406791935270e-02 6.070321397062246049e-01 9.304789621451926562e-01 6.103219503829017123e-01 5.510599981137325187e-01 5.898404548580143958e-01 6.871011064014056480e-01 1.305300102246820526e-01 2.574897455788728307e-01 3.968244372818803267e-01 4.409635284701653446e-01 4.384415082461209368e-01 6.769609446118690643e-01 4.259441648152522686e-01 7.737511280091453614e-01 5.906540102074960691e-02 -2.707866357670056512e-02 1.253479721272432457e-01 7.139256745974873475e-01 3.844327540730196335e-01 2.768668367100320937e-01 4.828783297462984625e-01 8.808636571039508700e-01 8.450571376425111136e-01 6.903760475180245049e-01 2.105900314078306412e-01 4.988200903249342399e-01 1.158658037689697801e-02 7.808116739117821892e-01 3.996395518277174874e-01 8.240858897951029993e-01 5.426222589437997845e-01 1.698055875314391228e-01 7.043820740587529716e-01 -1.781365203766295535e-02 3.932473164764733187e-01 5.437418875279976804e-01 1.454848128583429712e-01 2.614783400812206032e-02 3.345235540748237035e-01 4.036393609246810010e-01 8.108779826175837036e-01 3.022359936192517416e-01 4.431143627418767661e-01 9.579170950022404263e-01 3.982808578610539524e-02 9.118054132216844021e-01 7.911518718002739092e-01 7.076949352838044494e-01 7.450814064462689679e-01 8.302302848318320327e-01 6.906862266241833304e-01 6.971293637768961604e-01 9.841551188811989426e-02 3.032781365651499028e-01 1.454932050713901859e-01 7.898100085336873244e-01 1.437336769679514181e-01
0.000000000000000000e+00 0.000000000000000000e+00 0.000000000000000000e+00 0.000000000000000000e+00 0.000000000000000000e+00 0.000000000000000000e+00 0.000000000000000000e+00 0.000000000000000000e+00 0.000000000000000000e+00 0.000000000000000000e+00 0.000000000000000000e+00 4.925993526239151521e+01 7.252526704482924469e-01 9.310331878767572622e-01 6.218701557736261432e-02 1.860269253090019448e-01 1.510510049212124006e-01 6.925653112952385726e-01 4.874932301041661753e-01 1.146623900163963872e-01 4.638236547603612203e-02 1.870858314612656725e-01 2.789320319806526394e-03 4.068832560802254639e-01 4.640104421743951324e-01 8.693700382198624732e-01 1.015934032216763705e-01 8.545429616280683094e-01 6.412793726989569620e-01 4.202597711668747960e-01 5.006735171004401685e-01 7.073168678586321256e-01 7.072392169845391763e-01 1.888532840630059995e-01 4.619269872887052930e-01 3.668154539723129243e-02 4.387500954143597198e-01 5.331373799051759566e-01 1.131104670934944267e-01 3.536664170120887296e-01 4.724964727572214529e-01 4.860080933734854391e-01 4.288791440965666335e-01 9.503301395225739467e-01 8.586156553072751274e-01 1.002735177629054536e-01 5.831952312904176150e-02 5.205881656200477270e-01 3.185418892480065267e-01 1.912450772747847361e-01 2.470565849536481284e-01 3.857185636780068316e-01 4.944146948346718196e-01 4.233335402739444309e-01 4.242436609033443107e-01 7.072890639739330965e-01 1.193724706125613155e-01 8.073070168153074766e-01 6.478385624809572807e-01 4.577403093620039387e-01 3.028862581613828708e-01 6.114233247151716899e-01 8.104539995242364681e-01 3.116583889521583606e-01 3.683474693406745826e-01 7.199875247561018377e-01 7.406879147637871474e-01 2.612901467001756406e-01 3.602573499671746782e-01 2.896716478069721878e-01 1.971170566193066187e-01 2.734118342173949556e-01 5.462495687781059317e-01 5.049031272750177379e-01 4.097379373002449365e-01 2.398970039993429393e-01 5.488764399042174447e-03 7.663558500602979384e-02 5.805646169375636712e-01 -5.021246414642972777e-03 2.217358348375979560e-01 8.889240434069050067e-01 5.644466961870671096e-01 5.321288533418697675e-01 1.828707472090527197e-01 9.129275222311140914e-03 5.268179641177849204e-01 2.535029587148337482e-01 2.876921382560433393e-01 9.208338210059860418e-02 7.077317654739427866e-01 2.422900195305421889e-02 2.685151903406587937e-01 4.155822455401873561e-01 9.162321681033768206e-01 8.995609411786142928e-01 2.128174827223715260e-01 2.326773043586846113e-01 1.242233432055886155e-01 6.425044189696469399e-01
0.000000000000000000e+00 0.000000000000000000e+00 0.000000000000000000e+00 0.000000000000000000e+00 0.000000000000000000e+00 0.000000000000000000e+00 0.000000000000000000e+00 0.000000000000000000e+00 0.000000000000000000e+00 0.000000000000000000e+00 0.000000000000000000e+00 0.000000000000000000e+00 5.159308859557888383e+01 7.530541966316990354e-01 4.458000946958527999e-01 8.751056837030161129e-01 9.373448647567954595e-01 -4.379644918027508077e-02 8.231117948567646669e-01 6.359708187742354468e-01 5.859327036848289705e-01 -3.246853880450428775e-03 -3.206646611262831820e-02 5.079695411560608553e-01 4.424405308032967055e-01 5.494697253193203679e-01 3.547606205907830046e-02 -1.200016143483913916e-02 6.409811839850598769e-01 4.790405093143637050e-01 5.387967465674916440e-02 4.432721739135392913e-01 6.819680760163605582e-01 4.006766230005501250e-01 8.367246480551473464e-01 3.567827611880005634e-01 1.678135729816345734e-01 7.194019984109230048e-01 8.373945133851279365e-01 5.880878537671826445e-01 4.136388545323579358e-01 1.112424854861946560e-02 2.887589099690502370e-01 3.335767195737361912e-01 4.608492162579545803e-03 7.127703100658316915e-01 9.251286307586027435e-01 3.568553544959666146e-01 8.308042796091090754e-01 2.559603542252107955e-01 8.379495600247707232e-01 4.192504830727823983e-01 1.114007316969138350e-01 5.540224936365663044e-01 2.866338045354077657e-01 2.268127935924965088e-01 7.023306067802285169e-01 8.914970775582546914e-01 -2.134660285386062034e-02 2.015291583934843977e-01 3.140405196124622378e-03 8.248581037819183726e-01 4.172393848362147550e-01 7.551505435538514721e-01 8.042791254798768996e-01 1.049455761659870701e-01 5.062971672057441364e-01 6.525752760081049431e-01 5.376988233207738999e-01 9.105266534452115534e-01 6.401502860304831843e-01 2.463176574120517770e-01 7.463874654720752400e-01 5.251870146818954366e-01 2.193147700652256504e-01 3.087322507336969224e-01 9.122811118886328119e-01 3.879217948018184869e-01 1.960080016440052253e-02 8.091060744200168076e-01 6.555074238830734812e-01 2.782715570101533809e-01 9.166091271626922721e-01 2.680565910974210819e-01 -3.953186165760564502e-02 1.448675650956540717e-02 2.443198725322127396e-01 8.351129168126678604e-01 7.369133809955912273e-01 7.274621349785902469e-01 9.240920407423403038e-01 8.499837771917732043e-01 4.354003810422309995e-01 5.922264585313250507e-01 8.582944845997080296e-01 1.694058759111408130e-01 5.873480350574433739e-01 1.925264813012657061e-01 3.712055577915243099e-01 3.265163665554325356e-01
0.000000000000000000e+00 0.000000000000000000e+00 0.000000000000000000e+00 0.000000000000000000e+00 0.000000000000000000e+00 0.000000000000000000e+00 0.000000000000000000e+00 0.000000000000000000e+00 0.000000000000000000e+00 0.000000000000000000e+00 0.000000000000000000e+00 0.000000000000000000e+00 0.000000000000000000e+00 4.939703153294359339e+01 9.309695853272250687e-01 3.429922155941045880e-01 1.670194806872399296e-02 -3.418338165403373569e-02 1.778192675036859571e-01 9.418368102026845046e-01 7.362558074090729265e-01 7.652211866332306878e-01 5.819630989323042458e-01 1.731615593176309975e-01 -4.306938951705605034e-02 6.504322541697248328e-01 3.165102045414397991e-01 1.453591734207361763e-01 7.280284665103453623e-01 3.220546409854730396e-01 9.453129385010522467e-01 3.056832237292667065e-01 1.215036545219311537e-01 4.868555352794551871e-01 7.069219967063627985e-01 8.070953156018872976e-01 1.385462505282467616e-01 6.637237812174132667e-01 7.855606754688263527e-01 6.297128107007995412e-01 5.839443604466142412e-01 1.036439187978016041e-01 6.206946290792818566e-01 9.405258979590833679e-01 5.665812526639038005e-01 1.605151250903600335e-01 6.575484133760765015e-01 2.550666505212835777e-01 7.040781039846669698e-01 8.893392354959520074e-02 5.306324144506594509e-01 2.611367453633960389e-01 4.483992703863503015e-01 6.879187885010616954e-01 6.568547185030272351e-01 3.370923112897585838e-01 3.237771094295048835e-01 3.119742503703556435e-01 6.966033282421419948e-01 4.380784551409104832e-01 7.487808978324218823e-02 2.585730202816558521e-01 2.907592919900631179e-01 3.255354672404354721e-01 8.232371377899062592e-01 7.243318632740057827e-01 5.620005916804700075e-01 6.243224957560314925e-01 1.360250416650557181e-01 5.409781321856672598e-01 1.346056018056043246e-01 1.757180883625510948e-01 6.048224872102071076e-02 6.291613324376684746e-01 8.961963588116799162e-01 9.088022013702176105e-01 1.551858000938993176e-01 2.758462888650498601e-01 5.190442525162162202e-01 7.075021124293122687e-01 8.012819433770671518e-01 1.888322585142805932e-01 9.165185088228126054e-01 9.662016815362647892e-02 6.776041945250721454e-01 7.053501363761931486e-01 9.147029825893071564e-01 7.092863881731623632e-01 5.617715451176638064e-01 6.642795043244792419e-01 3.777814261658075656e-01 5.526223335911190082e-01 6.394048822885431971e-01 3.807680140533474533e-03 4.628325914839734323e-01 -4.731263898998914336e-02 3.474317584691057892e-01 9.509488465644358457e-02 4.123323482336280210e-01 1.631931284794106429e-01
0.000000000000000000e+00 0.000000000000000000e+00 0.000000000000000000e+00 0.000000000000000000e+00 0.000000000000000000e+00 0.000000000000000000e+00 0.000000000000000000e+00 0.000000000000000000e+00 0.000000000000000000e+00 0.000000000000000000e+00 0.000000000000000000e+00 0.000000000000000000e+00 0.000000000000000000e+00 0.000000000000000000e+00 5.472247804018872586e+01 3.932944876922690458e-01 -5.698944355389362615e-02 5.663575973841292743e-01 -3.083048971725348142e-02 8.967036739749225660e-01 8.124482053973215434e-01 4.761082236592018013e-01 3.304945037749340009e-01 6.463478427130879833e-01 8.311823788920393863e-01 1.750057585295682894e-01 -5.063207703992915476e-02 -2.128456530331562790e-02 1.512459199235836604e-01 9.429109847442010417e-02 6.303363648198339053e-01 4.852958554747516806e-01 4.294330871960112539e-01 4.358603196861050161e-02 7.124929025379114211e-01 3.644124352831951685e-01 8.602588796167045526e-01 8.957810126032412779e-01 8.961069366273961556e-01 3.460428485380837582e-01 8.004153906044586542e-01 7.178980654188886756e-01 8.841889081074491008e-01 3.671803967140894187e-01 1.552016299361450025e-01 3.271039216299935215e-01 2.695154946893988379e-01 2.945311857826651281e-01 6.490251947113941933e-01 3.257676172765057721e-01 1.125217274292381608e-01 4.993870891821080571e-01 6.727224612808515580e-01 7.106448265027200950e-01 9.167163053366550463e-01 3.513775387744588752e-01 8.097003304995157302e-01 9.133192509843631735e-01 2.328715432714005273e-01 2.814241856820345333e-01 1.909804385691040718e-01 4.998476224968753101e-01 5.480960024985584988e-01 2.865908614349759187e-01 8.958121678006938371e-01 3.462265238454307337e-01 4.621805529608098428e-01 7.102659697048258058e-01 -4.130998209316387448e-02 2.067644967144212642e-01 7.893298562587617306e-01 1.420532129393541898e-01 6.014223915497812767e-01 7.245509045076706789e-01 5.261507565829953714e-01 3.916755999625399776e-01 2.955207308854914117e-01 2.397472865515218321e-01 6.159308896886280804e-01 4.348033790536366405e-01 8.828321905232883182e-01 6.092888284961003320e-01 6.348330177203592717e-01 6.297417616020349884e-01 7.559590465430642281e-01 7.301075195825077468e-01 -6.978685115943394912e-02 3.414058961885191312e-01 1.422535610851006216e-01 1.928745385523711608e-01 4.906509472605655175e-01 -3.893117236407184212e-02 -1.300194753435250650e-02 9.779093666254581874e-03 6.265084175240578368e-01 4.383348890779925622e-01 8.846170136939603967e-01 7.523665428541317923e-02 6.280679149093008062e-01 3.890912242632612594e-01
0.000000000000000000e+00 0.000000000000000000e+00 0.000000000000000000e+00 0.000000000000000000e+00 0.000000000000000000e+00 0.000000000000000000e+00 0.000000000000000000e+00 0.000000000000000000e+00 0.000000000000000000e+00 0.000000000000000000e+00 0.000000000000000000e+00 0.000000000000000000e+00 0.000000000000000000e+00 0.000000000000000000e+00 0.000000000000000000e+00 5.297941975105199930e+01 5.190315061595751622e-01 8.970498548565382091e-01 6.034134487914917244e-01 -3.286637393742192215e-02 9.105720901149721991e-01 7.684706182554574827e-01 5.522709785286253892e-01 5.211846036573509755e-01 -4.454402804964854856e-03 5.810871531506088816e-01 -1.039756823001829200e-03 6.836305429823358315e-01 -5.054723814086296840e-02 1.448994342461655260e-01 6.729504101025688412e-01 -3.409255906772451494e-02 2.743274441717971635e-02 9.573270046461049287e-02 7.755629400623937908e-01 4.424290888294338253e-01 6.769818853607110221e-01 6.237958811882107768e-02 6.889634476460356760e-01 7.593629361792868515e-01 7.042044136812112276e-01 1.379302290509550333e-01 8.423526545574657742e-01 3.425829901442715292e-02 8.408243142305289464e-01 6.859830125449782878e-01 5.097539817742438029e-01 2.728191971454484444e-01 8.397823949320841752e-01 3.613214674723260744e-01 3.057640618292394863e-01 1.354691917502727216e-01 8.357754649531886626e-01 4.840367558943744486e-01 8.228308081583356470e-01 -4.472908350950735579e-02 2.173439932506121275e-01 7.162048969747176752e-01 8.318997559269795117e-01 4.021502360343128246e-01 4.676065737473865391e-02 1.132330343468323647e-01 5.840350957740320093e-01 6.273743490689503988e-01 4.614891758459700455e-01 8.220876129843942559e-01 -2.749218535050124146e-02 1.429818754011075443e-01 6.233829926614670169e-01 7.435862422544428085e-01 2.428190974996111973e-01 8.825642808034337428e-01 9.121598735894625998e-01 6.860663534426588717e-01 2.475135438860239789e-01 8.576560564977891987e-01 8.294673446751554824e-01 6.252280413367788947e-01 -4.116462352657658530e-02 7.391183337725891755e-01 4.612798296289848388e-01 8.185779782263000737e-01 3.955833782252331232e-02 5.140259253276776574e-01 1.971891848289869242e-01 2.344151302963233263e-01 8.793970263934580700e-01 1.236533567884726403e-01 6.845759010273310130e-01 5.426177024436075191e-01 9.154942269167835045e-01 2.274740302183020924e-01 2.100757461383482017e-01 6.416344002382723399e-02 9.032467183566623703e-01 7.221182113488091581e-01 5.173944338356802897e-01 5.585885948388491506e-01 4.869989779540485619e-01 1.639737657446497243e-01
0.000000000000000000e+00 0.000000000000000000e+00 0.000000000000000000e+00 0.000000000000000000e+00 0.000000000000000000e+00 0.000000000000000000e+00 0.000000000000000000e+00 0.000000000000000000e+00 0.000000000000000000e+00 0.000000000000000000e+00 0.000000000000000000e+00 0.000000000000000000e+00 0.000000000000000000e+00 0.000000000000000000e+00 0.000000000000000000e+00 0.000000000000000000e+00 4.916532284179668011e+01 5.955633007986861349e-01 7.200171462165296798e-01 2.829092582024297364e-01 1.023979426832668793e-01 -3.418535286856188432e-02 1.032012395190875509e-01 -4.305668662768423471e-02 1.957446926613549687e-01 6.660841705828514092e-01 3.072922548939723830e-01 3.968781903979545778e-01 -4.776061528216096752e-02 6.989982162153759448e-01 2.679111082239140074e-01 6.534718982540931309e-01 8.050785021136911412e-01 2.017638595726894690e-01 2.019983347459786693e-01 1.553170129578759773e-01 8.649485750693173269e-01 7.529397248670198772e-01 9.834976437253423187e-02 3.388950261482405468e-02 4.256971757800875333e-01 3.042615475270616376e-01 2.193140066325758308e-01 5.179489478372332339e-02 7.409847037377493839e-01 4.326226856058924541e-01 -5.901515796800092806e-02 5.637309352363591847e-02 1.790977827892932805e-01 7.599922141474637627e-01 9.179058069546913723e-01 7.827220315254715954e-01 6.731201631877038460e-01 3.573288074388943358e-01 9.352035744346944846e-01 7.403126718110751847e-01 8.850892138946697685e-01 4.616890109941253206e-02 3.211135512036806250e-01 6.617501350727537091e-01 6.500758375324919291e-03 7.265003739207580580e-01 2.732445914196374726e-01 6.262256895367999121e-01 3.586959076761416787e-01 4.712331588620940481e-01 8.660721712500184244e-02 9.007834238439320629e-01 4.949983098246770186e-01 1.552273674187638064e-01 9.455041051449930567e-02 6.257692245766455219e-02 5.702620317585237464e-01 8.363390297493449033e-02 8.874043379286041811e-01 3.243679095252535727e-01 2.250843009430946173e-01 7.112212467220638823e-01 3.625041237626316359e-01 5.201536941943097903e-01 4.258645998785536013e-02 3.803011088513212901e-01 7.621474660140278856e-03 6.595600321401281496e-01 -3.673429978790119371e-02 8.272780775982226942e-01 1.930231776462080495e-01 5.636827904542743850e-01 8.110285218384979400e-01 8.474780149839836740e-01 6.455627557464156396e-01 8.207471865912864262e-01 8.019805504838589671e-01 8.284730989103038512e-01 8.518733308460071374e-01 8.986637685909999451e-01 2.930147976039864099e-01 1.343695334398399555e-01 2.235176520194847583e-01 4.610347429924412377e-01
0.000000000000000000e+00 0.000000000000000000e+00 0.000000000000000000e+00 0.000000000000000000e+00 0.000000000000000000e+00 0.000000000000000000e+00 0.000000000000000000e+00 0.000000000000000000e+00 0.000000000000000000e+00 0.000000000000000000e+00 0.000000000000000000e+00 0.000000000000000000e+00 0.000000000000000000e+00 0.000000000000000000e+00 0.000000000000000000e+00 0.000000000000000000e+00 0.000000000000000000e+00 4.661560438856631094e+01 1.866825600415342734e-01 7.370278463215322873e-01 6.730448736575060931e-01 4.448625045669560296e-01 7.262592808070360562e-01 7.768930949774659478e-01 -1.770110208067303403e-02 3.002448482289739595e-01 -5.597822859101882209e-03 5.424361090044442779e-01 7.953142689526206954e-01 8.182044202123554821e-02 4.255922441745238483e-02 2.211491176502486666e-01 6.980402452083052101e-01 1.497477759904524697e-01 5.347005666206871011e-01 5.838532851315409999e-01 -3.601758189402341770e-02 5.222238521485733642e-01 1.435984102256821771e-01 7.651947340190172753e-01 3.836835782230390013e-01 9.035669256659704940e-02 6.296466739400456702e-02 5.425760847657419284e-01 4.730416240865712441e-01 9.133886105502707631e-01 5.931033526444160486e-01 3.278291340380390939e-01 7.825195542339558052e-02 4.620840315278726407e-01 -6.575990600758115090e-02 7.308919080675905233e-01 2.815502844546342587e-01 2.686711021441798852e-01 3.279477771502050110e-01 4.053017195844091369e-01 4.628461516387741836e-01 8.750023979340658675e-01 6.259880690529798786e-01 9.910456081198767975e-02 2.475377379406825118e-01 -8.810573903238111404e-03 3.854734379549820122e-01 7.468514806166685061e-01 1.664100687434723891e-01 2.596345884068339271e-03 8.706300600901241138e-01 5.003839245678052272e-01 5.378181019628675008e-01 5.084833231476709736e-01 2.459935689474521125e-01 2.779195074123396725e-01 8.260163098899601930e-02 1.829830757386161910e-01 4.865527285923425538e-01 6.960470151007286388e-02 4.694787752615831589e-01 7.771633157691227867e-01 2.744945078090563206e-02 9.025242712137422352e-01 -8.027337561382710818e-02 2.096821338806582613e-01 -3.446316239213990940e-02 6.992161895122772641e-01 4.113965951362548445e-03 8.617021747793927045e-01 -5.156574510118981658e-02 6.290501657508130728e-01 5.652593882646201884e-01 2.032493277337464044e-01 8.972198018438992673e-01 2.506671779361136498e-01 4.141202270043284339e-02 2.487763780438584371e-01 9.473991415602914246e-02 1.994071097355527566e-01 -8.032568835025209741e-02 3.424921214000266056e-01 9.164118740259177276e-01 6.598782333571728831e-02
0.000000000000000000e+00 0.000000000000000000e+00 0.000000000000000000e+00 0.000000000000000000e+00 0.000000000000000000e+00 0.000000000000000000e+00 0.000000000000000000e+00 0.000000000000000000e+00 0.000000000000000000e+00 0.000000000000000000e+00 0.000000000000000000e+00 0.000000000000000000e+00 0.000000000000000000e+00 0.000000000000000000e+00 0.000000000000000000e+00 0.000000000000000000e+00 0.000000000000000000e+00 0.000000000000000000e+00 4.916844982525830687e+01 4.509560996206517236e-02 4.135052028986789807e-01 8.504858991192433271e-01 5.328995574659073364e-01 2.893794263914655773e-01 7.739751906888412414e-01 6.370240197622045741e-01 7.482445322594718506e-01 1.973651494252539329e-01 6.938172058803301345e-01 1.419740300313717951e-01 2.220277673537746077e-01 3.682231748260648696e-01 -3.682596098297327702e-02 4.938887203489895072e-01 2.889448817191196950e-01 5.426179995148887603e-01 5.973044978870660771e-01 4.408352106023604722e-01 2.809776840305774903e-01 7.517070070454626718e-01 2.757687581265547139e-01 7.284371829518193620e-01 -4.096759333870396425e-02 1.538946927954530919e-01 7.644333154928886209e-01 4.102319236662264612e-01 -3.325582055086341582e-02 3.302065989701205573e-02 6.798543003554960995e-01 3.044548865576633401e-01 3.676903422627904039e-01 9.229726381852907391e-01 5.076554855793649623e-02 2.323930884229343241e-01 5.306573397744442921e-01 1.686452354522699759e-01 6.109766383664637646e-01 2.734350431506711865e-01 1.360140174944439451e-02 2.429560025529569067e-01 7.908178181879399471e-01 7.495119119312688705e-01 6.989808106667891874e-01 4.047105595826970825e-01 2.530872987650462647e-01 4.931632261606587742e-01 6.203041206649105854e-01 7.347628105823910127e-01 6.018092158452055529e-02 9.161378204621244414e-01 5.796705238218268635e-02 -1.518731495594786290e-02 6.493026271401556304e-01 4.227497528734390775e-01 8.606919803687356207e-01 7.954410820049983011e-01 3.074827633788291270e-01 7.934894609309428581e-01 8.859348913375317824e-01 3.753705187413148431e-02 2.437779394234770858e-03 -5.239864075882932903e-02 2.517269462844420325e-01 8.752710576791231656e-01 8.812747009113084395e-01 2.476239642656932749e-03 5.984097452465974021e-01 8.691255072453299979e-01 1.779688953181454425e-01 3.215301626301695359e-01 4.803862252876506256e-01 -1.303430308884295785e-02 8.149724279681210826e-01 3.520302511617903196e-01 3.027627650636894874e-01 6.769022686348221685e-01 1.493439887395677235e-01 4.343678060460014201e-02 6.751236978218960738e-01 -5.665523165764102531e-03
0.000000000000000000e+00 0.000000000000000000e+00 0.000000000000000000e+00 0.000000000000000000e+00 0.000000000000000000e+00 0.000000000000000000e+00 0.000000000000000000e+00 0.000000000000000000e+00 0.000000000000000000e+00 0.000000000000000000e+00 0.000000000000000000e+00 0.000000000000000000e+00 0.000000000000000000e+00 0.000000000000000000e+00 0.000000000000000000e+00 0.000000000000000000e+00 0.000000000000000000e+00 0.000000000000000000e+00 0.000000000000000000e+00 5.682332900499474704e+01 3.464007664931605390e-01 3.459789234591603702e-01 1.446316670794283166e-01 6.307258797110342208e-01 5.145034568753433790e-01 4.590229954339010154e-01 5.453120038380491197e-01 3.538089891992086122e-01 8.588446195323939936e-01 2.345474760878977771e-01 2.466111186031017533e-01 3.396174123465006689e-01 7.213175776947906570e-01 3.152411608374025564e-01 8.254944804503101530e-01 8.723030031597055478e-01 7.733479660999980076e-01 3.753598043311318633e-01 3.795811878179031762e-01 2.039346120000233853e-01 3.806269785522357063e-01 8.521062709243779620e-01 8.320820681927072471e-01 3.282041945957391293e-01 1.645498006477074671e-01 5.587424090476886818e-01 3.796793307039114662e-01 5.333391287863191721e-01 7.835831609741080728e-01 7.897637862471708070e-01 4.797981558874979680e-01 8.479695622431677737e-01 3.929765994531826401e-01 5.416219931784214126e-01 8.782565631381933358e-01 6.063508291674123418e-01 -5.806545626978265595e-02 6.036663951570477860e-01 3.278405930141521374e-01 8.743309050057591625e-01 -8.046763599715921200e-02 4.988929484773217959e-01 7.402391246906762090e-01 5.777447437457365886e-01 1.517481175843958252e-01 7.737756057490747796e-01 3.938211092035857896e-02 3.522417761817435711e-01 6.395119153832288239e-01 2.673287281226038870e-02 8.540450616663498862e-02 6.321734446863918055e-01 2.587314649599060101e-01 3.414482684409968494e-01 5.930033930914783147e-01 6.576090125269261621e-01 9.139422153618104172e-01 7.049178770902815305e-01 -6.254733266981962747e-02 5.423119757597745227e-01 1.118893214350247384e-01 4.426685809546551664e-01 -8.250409796787067096e-03 7.300974998001635852e-01 1.723711492732949435e-01 2.705960896586003805e-01 8.686208208798411601e-01 4.311487645639835442e-01 4.223433994086736587e-01 8.133628230057147190e-01 6.564549873750137321e-01 8.019098244233329176e-01 4.457766972725689669e-01 2.692526236492779335e-01 2.225716221850347343e-01 7.099511706613913509e-01 2.883677818626493305e-01 3.637633035850659780e-01 5.467150174360647652e-01 1.837396278322034060e-01
0.000000000000000000e+00 0.000000000000000000e+00 0.000000000000000000e+00 0.000000000000000000e+00 0.000000000000000000e+00 0.000000000000000000e+00 0.000000000000000000e+00 0.000000000000000000e+00 0.000000000000000000e+00 0.000000000000000000e+00 0.000000000000000000e+00 0.000000000000000000e+00 0.000000000000000000e+00 0.000000000000000000e+00 0.000000000000000000e+00 0.000000000000000000e+00 0.000000000000000000e+00 0.000000000000000000e+00 0.000000000000000000e+00 0.000000000000000000e+00 4.603667683725006299e+01 5.984443185020975609e-01 8.266936888992598709e-02 2.180556657222193495e-02 6.355975262632665990e-01 9.584125215658595431e-02 4.672655584704488163e-01 8.856653296793277619e-01 4.630341053875031143e-01 1.934871306141934533e-02 8.383095750345199715e-01 2.687497404737799189e-01 3.901663863542209065e-01 -2.144446888145551400e-02 3.085288070257374837e-01 5.106791809479714617e-02 -2.688933660347081478e-02 8.416410103000456777e-01 4.256137606604115664e-02 7.403631292476353654e-01 1.565205381229468617e-01 5.965073901501414255e-01 6.215117685518847246e-01 5.523721961479068077e-02 -6.168890580838917725e-02 8.458418236902670584e-01 3.872141480553544790e-01 1.992738083603632637e-01 4.168503350521219897e-01 3.020106331684257461e-01 7.068982225435923583e-01 7.626044709297196134e-01 1.440312787276245010e-01 3.930373720476380839e-02 4.065300444930542989e-01 7.436427525392607096e-01 7.083049180521783228e-01 4.380868356591620105e-01 2.728520322275316268e-01 4.884063505410474182e-01 4.030575675646730915e-01 9.130804608685780810e-01 6.476917221521237833e-01 -3.642712128761552148e-02 5.685153003662419824e-01 7.763123191871511564e-01 1.658874103824301283e-01 2.633023138991387180e-01 8.714637164773975098e-02 6.670475952542185283e-01 3.811545661323621492e-01 4.037204013790047785e-01 9.095190424038293586e-03 4.564107189264872133e-01 3.317303576559693656e-01 3.257122195248767227e-01 2.064767661810263111e-01 4.493250398881240004e-01 2.976205473625963549e-01 -3.870271281426640453e-02 5.134724476693905415e-02 -4.841098179473500573e-02 -1.557887686352368850e-02 6.273463004383896813e-01 -6.520452366293172375e-05 9.170635297136480180e-01 -1.646515966901748729e-02 7.835881080594730985e-01 4.631692860141594092e-01 3.281478170274582662e-01 3.474052276174391385e-01 1.811837810243925873e-01 8.067620858897033009e-02 1.873082803899955295e-01 4.909101306378002016e-01 6.432497540518681278e-01 3.149672882138854213e-01 4.624411322730764828e-01 2.027526711606560117e-01 4.948298622533422453e-01
0.000000000000000000e+00 0.000000000000000000e+00 0.000000000000000000e+00 0.000000000000000000e+00 0.000000000000000000e+00 0.000000000000000000e+00 0.000000000000000000e+00 0.000000000000000000e+00 0.000000000000000000e+00 0.000000000000000000e+00 0.000000000000000000e+00 0.000000000000000000e+00 0.000000000000000000e+00 0.000000000000000000e+00 0.000000000000000000e+00 0.000000000000000000e+00 0.000000000000000000e+00 0.000000000000000000e+00 0.000000000000000000e+00 0.000000000000000000e+00 0.000000000000000000e+00 4.924955318873753640e+01 2.531342184321488387e-01 4.711124124254622014e-01 3.739344109852425491e-01 6.884600659019571856e-01 -2.189242591147119721e-02 1.597480228209638420e-02 4.343310709483059195e-01 4.437874697159151921e-02 -7.440989984244568423e-02 7.567409530464634937e-01 5.002973694758579004e-01 2.072579048561767334e-01 1.854948523747761147e-02 4.352234465232731608e-01 5.641189565474540313e-01 6.332201561542891710e-01 3.597946087284338845e-01 5.864849036341165944e-02 1.046037515975592469e-01 5.019654798505029936e-01 2.369644846869524424e-01 7.032900272232203154e-01 6.782643428322325807e-01 -9.211792639505786418e-02 3.661405100000091895e-01 8.179776350031293664e-01 4.918165861771605085e-01 6.718948560151311034e-01 9.052164540497175116e-01 2.618253644070292485e-01 4.567362503824111686e-01 8.825533763753492522e-01 8.893064291888493900e-01 6.572184915160066421e-01 -3.833155537064203422e-02 7.287915703261459432e-01 -7.980195020716288057e-02 5.258028271931904085e-02 4.698779179642532111e-01 1.531501941075686102e-01 3.200027669909040473e-02 -6.172395236611093183e-02 5.274973572420199597e-01 5.063724307179635620e-01 7.692614762137136575e-01 8.270124490427311903e-01 7.450562277310648351e-01 5.806850820731894736e-01 7.463837728637343627e-01 2.105737326490891570e-01 2.243307036134300492e-01 5.677773943359663011e-01 5.933241897263596965e-01 3.566006809364988261e-02 5.915743768708232597e-01 4.400019484873761710e-01 7.673535694229158821e-01 3.342404778890522010e-01 4.144426477721186441e-01 3.462586227074994083e-01 4.835710471990503079e-01 -4.280689910796263431e-02 -2.406864511058358358e-02 5.181451504248801854e-01 1.964424160929103547e-01 -8.517991676928965417e-02 5.132896565869249361e-01 2.829734851084093616e-01 7.997858489011042682e-01 5.972667247659776413e-01 5.281533974787882002e-01 2.825410193872187059e-01 6.008517146938791020e-01 5.037439775336439718e-01 4.863121296099547353e-01 6.616231413180790888e-01 4.555399928967585055e-01 3.665304669246421954e-01
0.000000000000000000e+00 0.000000000000000000e+00 0.000000000000000000e+00 0.000000000000000000e+00 0.000000000000000000e+00 0.000000000000000000e+00 0.000000000000000000e+00 0.000000000000000000e+00 0.000000000000000000e+00 0.000000000000000000e+00 0.000000000000000000e+00 0.000000000000000000e+00 0.000000000000000000e+00 0.000000000000000000e+00 0.000000000000000000e+00 0.000000000000000000e+00 0.000000000000000000e+00 0.000000000000000000e+00 0.000000000000000000e+00 0.000000000000000000e+00 0.000000000000000000e+00 0.000000000000000000e+00 5.717296883050063627e+01 6.733716832329418311e-01 8.839060431385988847e-01 8.240315187782250028e-01 5.371101302231406915e-01 -3.719911717436821808e-02 4.133784367634524282e-01 8.677421044334202582e-01 7.211091934958091532e-01 1.452607803193489006e-02 3.431961084122063799e-01 4.848524798429360572e-01 7.164695204799840234e-01 4.547809861070563342e-02 -7.914521449513807483e-02 6.833726561677510025e-01 8.950449130565382161e-01 8.881746843930707902e-01 -3.554590411032575170e-02 1.546638794811401041e-01 4.225925144873178274e-01 5.423862889030287571e-01 6.492147751940089417e-01 9.014185347844667628e-01 7.321099377447929379e-01 5.082487860178797057e-01 8.256555663352324048e-01 5.391404505141184078e-02 1.997203327855445465e-01 7.834608144278308872e-01 9.153703351407509459e-01 7.964993239264829272e-01 6.479752659845485763e-01 9.068985300069195565e-01 1.537202172448938753e-01 6.025170546485237866e-01 -5.727934390284433741e-02 8.992735222449835808e-01 3.722186395678180881e-01 -5.958446317572453632e-02 2.812932718838827006e-01 8.620186150233312139e-01 4.199139990843804571e-02 2.405971959648677827e-01 3.875455704191390072e-01 4.361722038834102144e-01 8.263773551691214747e-01 8.743358636116912441e-01 3.249655406636987598e-01 4.954574921426692646e-01 7.746428824082520759e-01 8.348992896926076268e-01 7.351655842206293867e-01 8.976049376378468780e-01 9.204881507060466150e-01 2.922628793530665514e-01 6.348062054620449146e-01 9.436491062299917632e-01 7.809804966664043446e-01 -8.173921323142305240e-03 1.457827453233531689e-01 6.956943467035751061e-01 2.002121896051482497e-01 3.050936449596102218e-01 2.602563507991645930e-01 6.556557096345632107e-01 5.967372353985721523e-01 5.515032444631762232e-02 -9.142237931964988795e-03 7.917574279428092332e-01 5.802820946199867269e-02 6.471090316470513581e-01 4.539296699807669477e-01 5.468815975672171037e-01 4.752234836286894359e-01 7.219070197680247380e-01 6.744012361193293392e-01 4.510012425960531757e-01
0.000000000000000000e+00 0.000000000000000000e+00 0.000000000000000000e+00 0.000000000000000000e+00 0.000000000000000000e+00 0.000000000000000000e+00 0.000000000000000000e+00 0.000000000000000000e+00 0.000000000000000000e+00 0.000000000000000000e+00 0.000000000000000000e+00 0.000000000000000000e+00 0.000000000000000000e+00 0.000000000000000000e+00 0.000000000000000000e+00 0.000000000000000000e+00 0.000000000000000000e+00 0.000000000000000000e+00 0.000000000000000000e+00 0.000000000000000000e+00 0.000000000000000000e+00 0.000000000000000000e+00 0.000000000000000000e+00 5.832453480506335808e+01 6.847408203330218601e-02 5.137745551846185643e-01 6.385740613855381831e-01 7.578316735494450285e-01 7.276980705899023238e-01 2.164110551575355590e-01 2.102882763128772203e-01 4.619438716688068491e-01 7.678893946896684364e-01 7.332981705250319893e-01 8.704204574085829815e-01 4.158246138821419802e-01 2.934718031778086322e-01 8.175278914512474904e-01 7.444203760462424491e-01 6.242234500434962197e-01 7.217299562480407049e-01 3.296724048958692144e-02 7.383818297110573692e-01 4.025770871661109029e-01 7.573706311938872560e-01 6.876052685688179844e-01 4.985999427128489092e-01 6.533631460192380613e-01 5.498371734997657967e-01 2.700802457335549356e-01 6.365731489853415637e-01 1.397576376334226933e-01 4.806902544970703683e-02 -9.551940912377437920e-02 8.519719702369632497e-01 7.992419344979243556e-01 2.896763534673358897e-01 -6.432924719152863235e-02 8.901047696009343202e-01 1.643722781992306703e-01 2.726500302956451072e-01 7.024400096026608420e-01 7.804951535517500316e-01 8.198861050114731874e-01 9.628124657595336922e-02 3.834348560493677782e-01 1.279402228157900390e-01 6.568166303066227396e-01 2.724125145276011795e-01 8.613932841703876298e-01 7.735347657718303349e-01 8.426822134978699808e-01 1.279340432912350889e-01 9.477191828743433688e-02 6.362656377265994978e-01 8.539554619108533640e-01 1.650491613156545578e-01 8.126742092990292265e-01 4.340001402362775318e-01 -2.089780964429581445e-02 4.323958904825735972e-01 2.153297772599460091e-01 5.374202187497150174e-01 9.867165459548556117e-02 5.305195757932850142e-01 7.048382508447401662e-01 6.499182326278897248e-01 5.431933472361452075e-01 6.239812913771398684e-01 4.925129685160711812e-01 1.076020836761104049e-01 4.629414623816664465e-01 4.126404122419323750e-01 1.304611018442101700e-01 7.321104935155497984e-01 6.768028321648731360e-01 -9.546139958775180789e-02 3.082444233169845949e-01 8.317055712002842105e-01 2.695288938077592955e-01
0.000000000000000000e+00 0.000000000000000000e+00 0.000000000000000000e+00 0.000000000000000000e+00 0.000000000000000000e+00 0.000000000000000000e+00 0.000000000000000000e+00 0.000000000000000000e+00 0.000000000000000000e+00 0.000000000000000000e+00 0.000000000000000000e+00 0.000000000000000000e+00 0.000000000000000000e+00 0.000000000000000000e+00 0.000000000000000000e+00 0.000000000000000000e+00 0.000000000000000000e+00 0.000000000000000000e+00 0.000000000000000000e+00 0.000000000000000000e+00 0.000000000000000000e+00 0.000000000000000000e+00 0.000000000000000000e+00 0.000000000000000000e+00 5.020850433631897403e+01 7.774764910437321763e-01 4.386504557893661227e-01 8.898552306052114336e-01 3.967886322367886742e-01 4.254765451311686708e-01 9.733155901029097445e-02 9.908683973011513102e-02 8.373989175847063038e-01 7.832701787873342925e-01 5.071217030962158479e-01 5.159445985481369013e-01 2.508641823530038950e-01 3.544356063958877812e-01 3.434519327452913440e-01 6.876544488338368621e-01 3.201402452357814399e-01 5.695032982264790489e-01 3.103774445339055332e-02 6.665533829196649274e-01 3.046810390855410056e-01 1.598847325629314531e-01 1.197230550600806992e-01 4.971260095905080112e-01 3.539950934660709425e-01 1.233622450840647367e-01 5.400439721127304749e-01 8.013836300959905623e-01 9.750434790111227323e-02 6.373043087583462052e-01 5.394727531740278748e-01 1.426542176746911639e-01 1.919859179931559523e-01 6.401734504772275125e-01 8.143736250899971107e-01 7.452684472062472976e-01 8.733052025376307481e-02 6.076116342001045556e-01 3.240330649174908983e-01 5.804070346476027931e-01 7.485765992320560225e-02 3.907677188590666373e-01 2.647362408633556763e-01 7.063125096454256902e-01 8.295854266871309779e-01 4.452281727201070627e-01 1.209024852194765798e-01 -3.119725640077539164e-02 7.763197162761230619e-01 -7.216158538911787712e-02 -8.748176982421072834e-02 4.085846103014149633e-01 1.055402332325705156e-01 6.086134982264184146e-01 5.743725076902257420e-01 8.862744532282702536e-01 7.142557507977730369e-01 2.639313681858838079e-01 7.694311486448690562e-01 2.498343096657372198e-01 2.242351425571526002e-03 3.449631833914569290e-01 1.507112845924462041e-01 1.051294911660310000e-01 4.013364006176509124e-02 1.578991590681990687e-01 2.789650507036843530e-02 3.901055129200657889e-01 4.490241124278369078e-01 7.613735033249620088e-01 6.685207674203694772e-01 6.679334899258679847e-01 6.845283226073730631e-01 -1.263092391033596162e-02 4.529972318344153148e-01 5.623094480401965578e-01
0.000000000000000000e+00 0.000000000000000000e+00 0.000000000000000000e+00 0.000000000000000000e+00 0.000000000000000000e+00 0.000000000000000000e+00 0.000000000000000000e+00 0.000000000000000000e+00 0.000000000000000000e+00 0.000000000000000000e+00 0.000000000000000000e+00 0.000000000000000000e+00 0.000000000000000000e+00 0.000000000000000000e+00 0.000000000000000000e+00 0.000000000000000000e+00 0.000000000000000000e+00 0.000000000000000000e+00 0.000000000000000000e+00 0.000000000000000000e+00 0.000000000000000000e+00 0.000000000000000000e+00 0.000000000000000000e+00 0.000000000000000000e+00 0.000000000000000000e+00 4.904875657701731484e+01 7.379635377386403183e-01 2.705159796540841377e-01 -9.015240142368946552e-02 7.941433404226036497e-02 2.415524267514744805e-01 -7.629338399024956918e-02 -1.202711643093089255e-01 8.196197177110049747e-02 2.320250712527801018e-01 4.860195044367086048e-01 3.208842524046184308e-01 6.258172850560012046e-02 2.574014642508164474e-01 8.307852603292509297e-01 7.037411596146607717e-01 4.810061112063925837e-01 4.264962057794778327e-01 -5.010087567829378530e-02 5.482095670479814054e-01 1.377022127270426666e-01 7.505886980415761300e-01 8.249555352462718538e-01 -1.066699444040982991e-01 7.608643389852576266e-01 4.461962822617560054e-01 -9.627093475328671324e-02 5.074964361501994592e-01 2.674098164152377555e-01 6.649175481405538157e-01 8.065125914178333799e-01 3.067296560698736796e-01 3.329683753957402570e-01 5.435807030862307432e-01 -2.732453864182191050e-02 4.597796891137082009e-01 5.362611540360271434e-01 8.772383733178918952e-01 2.503645870227662051e-01 2.167850074748001177e-01 1.059555539727273371e-01 7.807261802195089029e-01 1.483486018179825949e-01 -3.699436042635137478e-02 -2.326907770538638731e-02 3.690147287081788074e-01 2.422318790572382252e-02 -7.134622354671882327e-02 4.430234994837802809e-01 5.850603420330390270e-01 5.180865748833880513e-01 7.939277576471497344e-01 6.147963379238272630e-01 -6.055012239643675631e-02 -7.335193710636304931e-02 3.470678417633659141e-01 4.447900836700037774e-01 6.812854580195554233e-01 2.172793857658317784e-01 2.949738454752325878e-01 1.158452730552414073e-01 8.808842718280526229e-01 7.655235116374837778e-01 8.584729858397308622e-01 6.163176410726840526e-01 2.998011543069759588e-01 2.446387671517644691e-01 5.719132778081627289e-02 -5.598463592542309020e-02 2.917425454351464942e-01 8.283310607187106545e-01 4.926271412882075040e-01 5.887664310686906433e-01 1.370033689938935373e-01 5.646801070538840506e-01
0.000000000000000000e+00 0.000000000000000000e+00 0.000000000000000000e+00 0.000000000000000000e+00 0.000000000000000000e+00 0.000000000000000000e+00 0.000000000000000000e+00 0.000000000000000000e+00 0.000000000000000000e+00 0.000000000000000000e+00 0.000000000000000000e+00 0.000000000000000000e+00 0.000000000000000000e+00 0.000000000000000000e+00 0.000000000000000000e+00 0.000000000000000000e+00 0.000000000000000000e+00 0.000000000000000000e+00 0.000000000000000000e+00 0.000000000000000000e+00 0.000000000000000000e+00 0.000000000000000000e+00 0.000000000000000000e+00 0.000000000000000000e+00 0.000000000000000000e+00 0.000000000000000000e+00 4.577197374556750020e+01 2.428079804827207866e-01 2.935563243302496961e-01 9.376566037770251993e-01 8.661715487982207806e-01 1.102899419066951242e-01 -7.075105742982513990e-02 8.515551197269752848e-01 7.654832672138270344e-02 3.770709560213235667e-01 4.535640615756548200e-01 -2.602174705656240539e-02 -7.515401641879970729e-03 2.329055340732464618e-01 3.256551548025113929e-01 3.849982266420362009e-01 6.464740138672017133e-01 2.922069018315796018e-01 5.927150352877576245e-02 2.743236549377399136e-01 5.523024082584970795e-01 2.237170931234083449e-01 6.485503481776911938e-01 1.446765696351102748e-01 7.270699553851692754e-01 6.622368196148069597e-01 6.546243502904872114e-02 6.091081078354654288e-01 2.296906666234557748e-02 5.467330386519146934e-01 8.800357415598029920e-02 1.287925509132114288e-01 6.978085141182978068e-01 7.028205400951625936e-01 7.918947949873499370e-01 2.626120653549653405e-01 4.050453088303356264e-01 -3.231980178091564682e-02 9.006612995951672751e-01 8.992555790852725384e-01 5.691865315229546196e-01 3.747638323826437134e-01 7.108409969506156445e-01 9.104069424836589430e-01 9.246717284784933266e-01 8.383149116109945842e-01 3.646640101620407526e-01 1.292213152518588704e-01 -1.235579426786223567e-02 7.549769795455134325e-02 9.052159285690786206e-01 5.803281101421341459e-01 -1.604618253090198121e-02 1.162985382835016873e-02 7.528074120056055252e-01 3.516836145953324833e-01 5.290771337785096229e-01 7.054147516685362884e-01 -4.814861057788023119e-02 7.610715592101997551e-01 7.718406269138504416e-02 2.123044768389467651e-01 6.143993765931872186e-01 7.739661523601107929e-01 3.417361619128091998e-01 1.963636275841088019e-02 5.020818436301701659e-01 -5.515471020132810265e-02 5.200941303405486327e-01 4.238895014126590755e-01 4.987894372683513988e-01 2.350896053896515264e-02 -7.638476523844925370e-02 1.172194820354331007e-01
0.000000000000000000e+00 0.000000000000000000e+00 0.000000000000000000e+00 0.000000000000000000e+00 0.000000000000000000e+00 0.000000000000000000e+00 0.000000000000000000e+00 0.000000000000000000e+00 0.000000000000000000e+00 0.000000000000000000e+00 0.000000000000000000e+00 0.000000000000000000e+00 0.000000000000000000e+00 0.000000000000000000e+00 0.000000000000000000e+00 0.000000000000000000e+00 0.000000000000000000e+00 0.000000000000000000e+00 0.000000000000000000e+00 0.000000000000000000e+00 0.000000000000000000e+00 0.000000000000000000e+00 0.000000000000000000e+00 0.000000000000000000e+00 0.000000000000000000e+00 0.000000000000000000e+00 0.000000000000000000e+00 4.800319139701232274e+01 1.195952286961820127e-01 6.440348110040633456e-01 2.151380125003582444e-01 6.304563338045923171e-01 3.803372669339946666e-01 4.445549954676744075e-01 1.754080343171291467e-01 1.447757972332834875e-01 6.720941332417250669e-01 4.073921526320794517e-01 7.301201214499969394e-01 6.874886712835214242e-01 8.049148724089404405e-01 6.015742457990855829e-01 3.946140128175332773e-01 3.494527715759375708e-01 1.233683685391660512e-01 8.180481279798181016e-02 -6.234098714072362768e-02 8.697746809954090552e-02 4.296819042111048592e-01 3.812319228440439467e-01 -6.295647272113125137e-02 1.557663626219186193e-01 5.462189382263734627e-01 -3.803579020322439552e-02 6.977983027400377902e-02 4.007069321471389833e-01 1.134920941928109078e-01 4.556058155539488563e-01 1.116356142009953534e-01 1.159302030000523842e-02 1.099047348423404374e-01 4.624778894301821985e-01 4.526394097377561820e-01 7.117733912814658281e-03 6.939573569812393927e-01 7.598669823901215148e-01 2.282643172295606981e-01 7.681138936738134415e-01 1.477953700411576421e-01 1.688939132824484879e-01 1.261843258388665734e-01 3.629021188026960720e-01 5.287755845740031990e-01 -7.834755204083064528e-02 3.422658042149233082e-01 8.862305040498044129e-01 5.605713867632621250e-01 7.470864845303657464e-01 1.243774421354483101e-01 2.948474303365296034e-01 1.996117970180076862e-01 -7.397981599653091767e-02 7.468854558280978440e-01 4.786193897871486858e-01 4.571176740543370087e-01 8.266150501037535792e-01 4.313272228329944058e-01 2.248401490994292318e-01 -8.070735718408976467e-02 4.312412227599964065e-02 8.757645977085611877e-01 5.602671055942511913e-01 5.559489170725109286e-01 8.858965748142484387e-01 7.390642197453194395e-01 7.206150601722729476e-01 -8.083733171072922385e-02 8.062427610411881940e-01 4.256066364095159593e-01 7.970666040206914049e-02
0.000000000000000000e+00 0.000000000000000000e+00 0.000000000000000000e+00 0.000000000000000000e+00 0.000000000000000000e+00 0.000000000000000000e+00 0.000000000000000000e+00 0.000000000000000000e+00 0.000000000000000000e+00 0.000000000000000000e+00 0.000000000000000000e+00 0.000000000000000000e+00 0.000000000000000000e+00 0.000000000000000000e+00 0.000000000000000000e+00 0.000000000000000000e+00 0.000000000000000000e+00 0.000000000000000000e+00 0.000000000000000000e+00 0.000000000000000000e+00 0.000000000000000000e+00 0.000000000000000000e+00 0.000000000000000000e+00 0.000000000000000000e+00 0.000000000000000000e+00 0.000000000000000000e+00 0.000000000000000000e+00 0.000000000000000000e+00 5.246820671746656473e+01 6.710030662781207855e-01 2.432939563170724573e-02 7.087818759070380059e-01 8.624136447586074894e-01 2.707125125673300048e-02 4.785943944962013918e-01 7.269602630823581713e-01 1.704650273174487529e-01 6.745020854656484932e-01 5.222417545094798497e-01 4.148815039132807136e-01 8.069050687235380659e-01 3.750546779206893611e-01 6.421469311914258515e-01 8.373739596800663931e-02 4.999692285422356886e-01 4.527366181893865971e-02 -1.272861141503682236e-01 6.866470078581504710e-02 2.043040055250095466e-01 6.948651454260197369e-01 -9.849681650065267302e-02 3.730840884155708359e-01 5.176821261384219053e-01 5.166125572399069554e-01 5.161711778143835971e-01 8.731979872033083234e-01 7.465058368463565186e-01 1.190207750344158266e-01 -9.075032281819400692e-02 1.714889853839115796e-01 2.528043980243668831e-01 6.249066142742662477e-02 3.137307322615112692e-01 8.249880157392259772e-01 1.533121804160515189e-01 6.096955823724199419e-01 3.714062939392444029e-01 5.207936518589082464e-01 5.701210534506806482e-01 -2.042344480335495094e-02 7.957367044815613077e-01 1.914181527815380091e-01 -9.111595224893742628e-03 7.058934926727449266e-01 5.831714372407450497e-01 2.341512501510278343e-01 -9.542365605133346085e-02 2.644132698526584502e-01 2.659931918336287393e-01 4.805641322466759902e-01 4.210734330862955233e-01 4.405438578943564054e-01 1.922324820411394353e-01 6.039792772837330181e-01 1.139254089280538895e-01 3.289323628786887665e-01 7.225829710905173897e-01 3.630186192264234779e-01 4.309629644108277091e-01 5.209924870789223172e-01 6.055545282804789542e-01 -8.528736326694597025e-02 8.232798733854236328e-01 5.520906927630840899e-01 8.464406639556794065e-01 -2.562321619147819862e-02 6.695143597474815245e-01 1.493370574446892252e-01 7.450152928721861523e-01 -2.163998324731769562e-02
0.000000000000000000e+00 0.000000000000000000e+00 0.000000000000000000e+00 0.000000000000000000e+00 0.000000000000000000e+00 0.000000000000000000e+00 0.000000000000000000e+00 0.000000000000000000e+00 0.000000000000000000e+00 0.000000000000000000e+00 0.000000000000000000e+00 0.000000000000000000e+00 0.000000000000000000e+00 0.000000000000000000e+00 0.000000000000000000e+00 0.000000000000000000e+00 0.000000000000000000e+00 0.000000000000000000e+00 0.000000000000000000e+00 0.000000000000000000e+00 0.000000000000000000e+00 0.000000000000000000e+00 0.000000000000000000e+00 0.000000000000000000e+00 0.000000000000000000e+00 0.000000000000000000e+00 0.000000000000000000e+00 0.000000000000000000e+00 0.000000000000000000e+00 4.832754530925211611e+01 2.910883693204686096e-01 4.811236980618492365e-01 -9.099671424130816033e-02 2.948345890041960127e-01 9.989298362820292487e-02 5.654351715696490643e-01 8.408288139214287193e-01 1.954704372887788311e-01 4.987081263166581180e-01 7.731769562608582502e-01 5.565215977113038281e-01 7.869847545504488062e-01 -3.123120403522942901e-02 1.785801142672461816e-01 5.357747249568035608e-01 7.959135990299580632e-01 6.066556591518299513e-01 6.210928166460722988e-01 -8.618413767859996188e-02 6.195485216065428347e-01 8.578769153757512811e-01 2.530540366544558606e-01 5.610193387101156670e-01 1.135588505741465803e-01 7.758954356909637529e-01 -2.591261019735076332e-02 2.756595837543483474e-01 4.111333592408366600e-01 5.419262046805914945e-01 4.288802522768397907e-01 1.262353526419345839e-01 7.066153804270463024e-01 5.911464851549046440e-01 5.079612693504896859e-01 6.656224828202129684e-01 8.977467932579159537e-01 3.830731126819122423e-01 7.895096948540301085e-01 5.031303867655699813e-01 3.015910273471728020e-01 4.908926215789635172e-01 -9.906267094034928999e-03 7.224673165931057017e-01 4.012257098629377072e-01 3.634608130052384145e-01 6.674854211887341071e-01 7.929072037055158173e-01 7.977496007310933557e-01 9.467992299437780201e-02 8.648035909830545931e-01 1.698811419190174032e-01 5.027266027111515490e-01 7.332375325845348624e-02 6.142431489982366211e-01 8.018770017861334143e-01 4.691704535899457462e-01 5.915329328437470835e-01 7.873661341827135063e-01 -4.266051776640047977e-02 6.902861103795699949e-01 2.138761638792378572e-01 8.373844198507376380e-01 8.506111227175803258e-01 6.819293783781628371e-02 1.701757808372622582e-02 4.460487356430742345e-02 -4.577096077023912191e-02 3.972410973938426126e-01 1.532116824381329345e-01 1.723506894990133320e-01
0.000000000000000000e+00 0.000000000000000000e+00 0.000000000000000000e+00 0.000000000000000000e+00 0.000000000000000000e+00 0.000000000000000000e+00 0.000000000000000000e+00 0.000000000000000000e+00 0.000000000000000000e+00 0.000000000000000000e+00 0.000000000000000000e+00 0.000000000000000000e+00 0.000000000000000000e+00 0.000000000000000000e+00 0.000000000000000000e+00 0.000000000000000000e+00 0.000000000000000000e+00 0.000000000000000000e+00 0.000000000000000000e+00 0.000000000000000000e+00 0.000000000000000000e+00 0.000000000000000000e+00 0.000000000000000000e+00 0.000000000000000000e+00 0.000000000000000000e+00 0.000000000000000000e+00 0.000000000000000000e+00 0.000000000000000000e+00 0.000000000000000000e+00 0.000000000000000000e+00 4.778510969512036155e+01 2.057768051251926966e-01 1.730948184393960032e-02 1.860472895628303425e-01 3.942167499643728368e-01 1.990790208224310631e-01 4.233892346969696241e-02 5.120089973767374403e-01 5.065646381556272448e-01 6.427941685379864323e-01 5.995077524811708303e-01 7.487750437570077633e-01 6.235575443177618915e-01 4.143421073868959192e-01 5.796369357941257849e-01 2.505907417065030007e-02 3.671150227937609589e-01 -2.373863181104490794e-02 5.530245892206875347e-02 5.275896662399033321e-01 4.475982446576510787e-01 2.614563617098911164e-02 7.424739729703648816e-01 7.680486977994627207e-01 -1.305843724298674791e-02 5.472163087450239161e-01 3.799283964928388824e-01 4.685121425581718069e-01 6.448476182455068484e-01 5.687243661786147708e-01 4.748657675453778204e-02 -4.624419171942187323e-02 3.283228153224704848e-01 -8.303841111740548064e-02 7.394634126895116566e-03 7.936383612774541296e-01 6.976987983927205317e-01 8.412886853893046801e-01 1.614261866783622268e-01 7.267694298307789680e-01 2.465393451046478113e-01 1.545405993235679787e-01 5.498868107274956785e-01 2.310379885555361446e-01 4.196369758162993291e-01 8.616049977038743313e-01 8.053446360151561567e-01 8.370732915744898417e-01 3.268760065574455309e-02 1.758993287250203708e-01 6.808567891820571649e-01 2.873720199361427530e-01 3.502649281335285525e-01 5.936243478002408702e-01 4.406964486429340577e-01 6.349109485605187730e-01 3.937114021950469667e-01 7.511615798717161119e-03 7.825789836798155985e-01 -2.942739691765977605e-04 3.820726112045367273e-01 -2.036114560722367128e-02 4.175228934899651856e-01 2.006234615921170250e-01 6.680723251171507560e-01 7.995496598399405297e-01 -3.012279558923136591e-03 3.157541747126571541e-01 2.444881357793338150e-01 7.264897099504933342e-01
0.000000000000000000e+00 0.000000000000000000e+00 0.000000000000000000e+00 0.000000000000000000e+00 0.000000000000000000e+00 0.000000000000000000e+00 0.000000000000000000e+00 0.000000000000000000e+00 0.000000000000000000e+00 0.000000000000000000e+00 0.000000000000000000e+00 0.000000000000000000e+00 0.000000000000000000e+00 0.000000000000000000e+00 0.000000000000000000e+00 0.000000000000000000e+00 0.000000000000000000e+00 0.000000000000000000e+00 0.000000000000000000e+00 0.000000000000000000e+00 0.000000000000000000e+00 0.000000000000000000e+00 0.000000000000000000e+00 0.000000000000000000e+00 0.000000000000000000e+00 0.000000000000000000e+00 0.000000000000000000e+00 0.000000000000000000e+00 0.000000000000000000e+00 0.000000000000000000e+00 0.000000000000000000e+00 4.929942265546284119e+01 3.549408106470184343e-01 3.887431412551832777e-01 4.710768584508924217e-01 2.562981947067808908e-01 2.480933353313349854e-01 6.989128864232571070e-01 7.579132781599780266e-02 3.447288074329256102e-01 5.667453901930655791e-01 -3.975187974148443326e-02 -7.085919975049885522e-02 1.151851815418286906e-01 7.647169261921266115e-01 3.025102604063666378e-01 8.524137682843216379e-02 7.372790685660370880e-01 1.919179972942926249e-01 2.975824408578364166e-01 6.906018343002945370e-02 7.499630928799942975e-01 3.846925052149336444e-01 6.745318856165883892e-01 -4.056226642301927199e-02 -4.472143969763400784e-02 7.782214530865874114e-01 1.730137176986604741e-01 5.967148436395397493e-01 8.407344585049671137e-02 4.062483407739750363e-03 1.362136906252432722e-01 2.047408500194413672e-01 8.110805748455460762e-01 5.090909279920768915e-02 3.403219634472698374e-01 8.115641353399832836e-01 4.244064735932830956e-01 2.352075540693067957e-01 5.658045419980712865e-01 -9.846197834660758152e-02 6.501522711278513444e-01 5.149422608986218286e-01 4.313813230588823822e-01 5.459299540750003343e-01 1.889976146933211587e-01 1.800738521891639410e-01 6.134151524364687136e-01 8.285870941037953852e-02 3.251071927314812537e-01 3.738109529225526195e-01 -1.877842609120504436e-02 8.355390802065698619e-01 -1.166927482338146749e-01 3.907593776212412440e-01 5.498445705654567695e-01 6.959042178396391831e-01 7.720837335111843114e-01 4.356216532914361506e-01 -1.010569097851314879e-01 -4.656329701475783733e-02 7.376644938836436349e-01 1.861047144581142732e-01 3.542288333302429093e-01 2.794577358153640390e-01 -1.128902772612119243e-01 6.655577351300129285e-01 8.222596774925451657e-02 5.861035222017876301e-01 7.368873422046772204e-01
0.000000000000000000e+00 0.000000000000000000e+00 0.000000000000000000e+00 0.000000000000000000e+00 0.000000000000000000e+00 0.000000000000000000e+00 0.000000000000000000e+00 0.000000000000000000e+00 0.000000000000000000e+00 0.000000000000000000e+00 0.000000000000000000e+00 0.000000000000000000e+00 0.000000000000000000e+00 0.000000000000000000e+00 0.000000000000000000e+00 0.000000000000000000e+00 0.000000000000000000e+00 0.000000000000000000e+00 0.000000000000000000e+00 0.000000000000000000e+00 0.000000000000000000e+00 0.000000000000000000e+00 0.000000000000000000e+00 0.000000000000000000e+00 0.000000000000000000e+00 0.000000000000000000e+00 0.000000000000000000e+00 0.000000000000000000e+00 0.000000000000000000e+00 0.000000000000000000e+00 0.000000000000000000e+00 0.000000000000000000e+00 5.400068122514648650e+01 9.326782566269846697e-01 7.871600210038944834e-01 -1.569839194818406503e-02 -8.883307899382120176e-02 1.266438084882681447e-01 8.379304788414604355e-01 7.381462104059381968e-01 8.826559574445812517e-01 -5.153937283202668362e-02 6.509580181739809124e-01 5.416879259680502656e-01 3.455392910278598517e-01 5.001557637833234926e-01 5.144756970057222656e-01 4.811540918133183076e-01 6.843086430261545727e-01 5.151907484309422580e-01 7.034220349660013083e-01 1.493078286228760598e-01 2.115448333390888558e-01 1.346327548449529621e-01 7.605230321019963435e-01 8.107199168539811485e-01 6.122182816828696250e-01 7.971663087781082346e-01 8.579622026298188153e-01 5.365346244306186119e-01 8.213651864699671457e-01 4.691284862639789610e-01 -6.724551333210999904e-02 3.610063126432250802e-01 4.321124627898457193e-01 8.190175769648228021e-02 3.173931650038632757e-01 4.749002988177069007e-01 7.115252031146859224e-01 1.476463681857005938e-01 4.353227759089531301e-01 1.645160319464448739e-01 7.228954656815135271e-01 3.069485014083463414e-01 8.026032012845306651e-01 4.575162349505227932e-01 6.959197107009498229e-01 4.235254225046449772e-01 4.318405041256374033e-01 5.283215173829693967e-01 2.098750738326706777e-01 1.859759785448637515e-01 7.059441362906058171e-01 5.535370898730987421e-02 2.729916558406810800e-01 2.666215558164347632e-02 8.856124481116138814e-01 7.299716224628844952e-01 3.332669738076681210e-01 7.084021207926173291e-01 7.983474457833728000e-01 4.477577582655624666e-01 5.265529195032307985e-01 8.780000728643646557e-01 7.333609806237706419e-01 1.352554363887117639e-01 7.078308127798562666e-01 4.274482196333510009e-01 4.029212143155460057e-01 8.669697770649130719e-01
0.000000000000000000e+00 0.000000000000000000e+00 0.000000000000000000e+00 0.000000000000000000e+00 0.000000000000000000e+00 0.000000000000000000e+00 0.000000000000000000e+00 0.000000000000000000e+00 0.000000000000000000e+00 0.000000000000000000e+00 0.000000000000000000e+00 0.000000000000000000e+00 0.000000000000000000e+00 0.000000000000000000e+00 0.000000000000000000e+00 0.000000000000000000e+00 0.000000000000000000e+00 0.000000000000000000e+00 0.000000000000000000e+00 0.000000000000000000e+00 0.000000000000000000e+00 0.000000000000000000e+00 0.000000000000000000e+00 0.000000000000000000e+00 0.000000000000000000e+00 0.000000000000000000e+00 0.000000000000000000e+00 0.000000000000000000e+00 0.000000000000000000e+00 0.000000000000000000e+00 0.000000000000000000e+00 0.000000000000000000e+00 0.000000000000000000e+00 4.805148823982219852e+01 4.513093336878143402e-01 7.058904262850840272e-01 6.038356273707116140e-01 8.488766059818940724e-01 7.690762900569811378e-02 3.036132543563389019e-01 5.548509734705133756e-01 -8.803140256123997975e-03 -3.028258254583243714e-02 2.587997369938652703e-01 5.198448599039637852e-01 1.071749830993999342e-01 6.326611796126451193e-01 1.503389661829286350e-01 3.013819904324992471e-01 5.602044395523965159e-01 -2.722701242857816784e-02 1.429593049329955234e-01 3.185478185001590079e-01 3.802125187334299272e-01 3.536656232213737372e-01 7.231109923162830633e-01 -1.059428640074265432e-01 -4.084177629499685658e-02 5.927295479510168441e-01 5.460261419779642855e-01 2.609832513234750517e-01 8.422323014880730430e-01 4.936770908611579634e-01 3.163207259310674702e-01 -2.712657911358415386e-02 6.303835405515140211e-02 7.347663596460383140e-01 -1.787499652178145548e-02 7.816725386178852153e-01 8.269363714676756238e-01 2.719795859742298871e-01 -2.760285158308441178e-02 -3.593887802351034000e-02 -7.343494323560702253e-02 8.784527881127627280e-01 -1.505170827768758657e-01 1.164290217642547087e-01 -1.272166020461732439e-01 5.470158837363381377e-01 4.834333782199992102e-01 5.723108523290842964e-01 6.722242034011771672e-01 1.803793074534394414e-01 2.413183768397894335e-01 3.048766082021044932e-01 7.377256620537731013e-01 5.942647635952604812e-01 3.954602651117031242e-01 3.165230542980029260e-01 -7.587722799468205048e-02 2.520890099381455363e-01 -7.679405734779569392e-02 2.863665009290625729e-01 8.216804165633342372e-01 1.330522105584142911e-01 8.277906444045868284e-01 3.509811721594116585e-01 2.860292728937410267e-01 6.503259993312568987e-01 1.631899695584434484e-01
0.000000000000000000e+00 0.000000000000000000e+00 0.000000000000000000e+00 0.000000000000000000e+00 0.000000000000000000e+00 0.000000000000000000e+00 0.000000000000000000e+00 0.000000000000000000e+00 0.000000000000000000e+00 0.000000000000000000e+00 0.000000000000000000e+00 0.000000000000000000e+00 0.000000000000000000e+00 0.000000000000000000e+00 0.000000000000000000e+00 0.000000000000000000e+00 0.000000000000000000e+00 0.000000000000000000e+00 0.000000000000000000e+00 0.000000000000000000e+00 0.000000000000000000e+00 0.000000000000000000e+00 0.000000000000000000e+00 0.000000000000000000e+00 0.000000000000000000e+00 0.000000000000000000e+00 0.000000000000000000e+00 0.000000000000000000e+00 0.000000000000000000e+00 0.000000000000000000e+00 0.000000000000000000e+00 0.000000000000000000e+00 0.000000000000000000e+00 0.000000000000000000e+00 4.983900600189210905e+01 5.301731343392217521e-01 1.430291769246982148e-01 -3.474237719838346727e-03 7.893779016998442311e-02 6.590475510339166565e-01 7.164054936241335270e-01 4.989076466330263360e-01 2.769473054330284789e-01 1.170254342406010228e-01 1.815865953006132183e-02 3.431813403051598432e-01 -1.082323645699506676e-02 8.384533969809474518e-01 7.462091041063685370e-01 -9.418391866639957977e-02 4.815442642514920490e-01 5.763131291117088439e-01 3.852774646167264616e-01 1.886201711241713430e-01 8.627806851611746763e-02 9.120610054759598073e-02 4.826811215598753591e-01 -8.660392158938429175e-02 1.234795599293899426e-01 7.734452155400556306e-02 1.525850925764181965e-01 -1.226519730460883251e-01 1.235329557750041718e-01 6.578507290714541433e-01 -1.322416378297943673e-01 7.138145407508298401e-01 -1.397785350171801277e-01 6.100854135001830825e-01 -2.792787105448107932e-02 7.043300232453090226e-01 -1.063252035335222057e-01 7.319476767436038367e-01 5.242865820332369697e-01 3.018933669559957789e-01 -6.875663755047506376e-02 3.418380414964128367e-01 7.997379362537597736e-01 2.200694488690901895e-02 8.086982503650503862e-01 7.603814043158914071e-01 3.097788706294477556e-01 -3.058334321874323081e-02 4.427742448790805696e-01 6.971873621167314905e-01 3.284931415698866264e-01 -7.280198903052997883e-02 3.147017722114149318e-01 1.625864713996807154e-01 1.410226413909884124e-01 2.729505575287729524e-01 1.630625460490499057e-01 4.572117200264664283e-01 6.366691541589176717e-01 1.860297622471963619e-01 -1.491415885420838416e-01 4.980641674382141337e-02 1.389760508517148829e-01 8.429283644528763331e-01 2.271545940421119125e-01 6.975395548402707480e-01
0.000000000000000000e+00 0.000000000000000000e+00 0.000000000000000000e+00 0.000000000000000000e+00 0.000000000000000000e+00 0.000000000000000000e+00 0.000000000000000000e+00 0.000000000000000000e+00 0.000000000000000000e+00 0.000000000000000000e+00 0.000000000000000000e+00 0.000000000000000000e+00 0.000000000000000000e+00 0.000000000000000000e+00 0.000000000000000000e+00 0.000000000000000000e+00 0.000000000000000000e+00 0.000000000000000000e+00 0.000000000000000000e+00 0.000000000000000000e+00 0.000000000000000000e+00 0.000000000000000000e+00 0.000000000000000000e+00 0.000000000000000000e+00 0.000000000000000000e+00 0.000000000000000000e+00 0.000000000000000000e+00 0.000000000000000000e+00 0.000000000000000000e+00 0.000000000000000000e+00 0.000000000000000000e+00 0.000000000000000000e+00 0.000000000000000000e+00 0.000000000000000000e+00 0.000000000000000000e+00 5.169643839459476453e+01 -1.267920218691711842e-01 6.376666830162206479e-01 1.430359287584564987e-02 8.051571545608430247e-01 7.328020813262616784e-01 2.277643825409726708e-01 8.124361733052956613e-02 -9.235383417306949894e-02 8.426588394153010642e-01 2.392368313707354810e-02 1.957930422766707979e-01 8.483431437484539872e-02 5.826264205787573536e-01 5.254514718634736292e-01 3.888712185565409984e-01 -1.343871633010016720e-01 8.395938105703134591e-01 4.445652816650010886e-01 6.990897367858877054e-01 -7.014578470195081961e-02 -2.452212532415290469e-02 8.072801288640891748e-01 8.124178008748407231e-01 8.097662533703564591e-01 6.600304805616948878e-01 -1.263381877769099715e-01 5.020070499485420612e-01 5.152392547453048532e-01 2.485084725477223755e-01 6.554524815997107012e-01 1.725968137860711404e-01 -1.742372538091754020e-01 4.328037983077977491e-01 7.891537235399770367e-01 1.726705059398964126e-01 3.047886159865347000e-02 4.292910880882659930e-01 2.398027893793975851e-01 1.831745385671645354e-01 1.925539410210334867e-01 6.965670416333037407e-01 1.675701001854282279e-02 4.545756896212133635e-01 3.884735075181308117e-01 2.014359623543635625e-01 8.343731954227115444e-02 6.158980148289660006e-01 -4.346324607384308147e-02 8.824463944200667820e-01 7.444487002383333163e-01 8.789233570059790113e-02 -1.558019370268881598e-01 5.287561319312901187e-01 2.719450335471979008e-02 3.669973183840239406e-01 6.195007872342009336e-02 6.659619271276028263e-01 4.727874787375730969e-01 5.009985971352358680e-01 6.487361822423496349e-01 3.319310949539699962e-01 -3.005008918284955699e-02 5.872772461071973371e-02 3.324978576364024940e-01
0.000000000000000000e+00 0.000000000000000000e+00 0.000000000000000000e+00 0.000000000000000000e+00 0.000000000000000000e+00 0.000000000000000000e+00 0.000000000000000000e+00 0.000000000000000000e+00 0.000000000000000000e+00 0.000000000000000000e+00 0.000000000000000000e+00 0.000000000000000000e+00 0.000000000000000000e+00 0.000000000000000000e+00 0.000000000000000000e+00 0.000000000000000000e+00 0.000000000000000000e+00 0.000000000000000000e+00 0.000000000000000000e+00 0.000000000000000000e+00 0.000000000000000000e+00 0.000000000000000000e+00 0.000000000000000000e+00 0.000000000000000000e+00 0.000000000000000000e+00 0.000000000000000000e+00 0.000000000000000000e+00 0.000000000000000000e+00 0.000000000000000000e+00 0.000000000000000000e+00 0.000000000000000000e+00 0.000000000000000000e+00 0.000000000000000000e+00 0.000000000000000000e+00 0.000000000000000000e+00 0.000000000000000000e+00 5.386642471737417281e+01 6.596167757981199475e-01 7.393283412686418865e-02 5.977860773862531119e-04 8.546715782193884392e-01 1.159654523551890692e-01 2.467269685255372991e-01 5.863732699918898783e-01 7.459071047414784772e-01 7.005635734280174498e-01 7.713861075757272312e-02 8.229055816724768491e-01 -2.572819926554953396e-02 2.507032724977943938e-01 5.754124895372484394e-01 2.553555597078471795e-01 1.715717738812712334e-01 7.448457315683235658e-01 3.615618138522896929e-01 5.393828205214388216e-01 1.357338110091747818e-01 6.521843515821761361e-01 4.123088070379888892e-01 -5.273400625714999568e-02 6.872664621969051257e-01 3.171946824321598690e-01 2.386604113511066605e-01 5.114793602722300658e-01 8.355108015349284045e-01 7.000170634436465589e-01 6.745614011006291211e-01 6.580091795599675164e-01 4.417538036482341335e-01 5.764358299175788014e-01 3.226730502341362827e-02 8.002538924648889829e-01 -4.403871094796524277e-02 6.104216969893874190e-01 8.564202787909667158e-01 8.421668416608142360e-01 6.757051703262575426e-01 7.226590709328968298e-01 1.958169737168572455e-01 4.470849020184061162e-01 3.946385676397564102e-01 5.421196206116163374e-01 4.425323139162463670e-01 7.356472095448902959e-02 5.590904998238764578e-02 5.749646612048060490e-01 -7.604485054891971241e-02 7.976554932138248122e-02 7.490217323391106241e-01 7.251993288937523818e-01 -5.609030717620097639e-02 6.728940763156733285e-01 6.298720914842355079e-01 -5.988382842056874655e-02 4.916251179936217963e-01 1.658274279824447917e-01 1.027026716763008440e-01 2.790446557729964194e-02 4.987190465037569242e-01 4.569370506757117756e-01
0.000000000000000000e+00 0.000000000000000000e+00 0.000000000000000000e+00 0.000000000000000000e+00 0.000000000000000000e+00 0.000000000000000000e+00 0.000000000000000000e+00 0.000000000000000000e+00 0.000000000000000000e+00 0.000000000000000000e+00 0.000000000000000000e+00 0.000000000000000000e+00 0.000000000000000000e+00 0.000000000000000000e+00 0.000000000000000000e+00 0.000000000000000000e+00 0.000000000000000000e+00 0.000000000000000000e+00 0.000000000000000000e+00 0.000000000000000000e+00 0.000000000000000000e+00 0.000000000000000000e+00 0.000000000000000000e+00 0.000000000000000000e+00 0.000000000000000000e+00 0.000000000000000000e+00 0.000000000000000000e+00 0.000000000000000000e+00 0.000000000000000000e+00 0.000000000000000000e+00 0.000000000000000000e+00 0.000000000000000000e+00 0.000000000000000000e+00 0.000000000000000000e+00 0.000000000000000000e+00 0.000000000000000000e+00 0.000000000000000000e+00 5.863632002824221701e+01 2.502489692306726354e-01 4.602519682514067956e-01 2.378630909843198749e-01 7.838786066036251832e-01 -1.388847503003863282e-01 3.725762162130693556e-01 6.814024783619430092e-01 4.102737412763688418e-01 1.013591371047518619e-01 5.401628004651386483e-01 4.297063239588483352e-01 3.981614195083008623e-01 2.536564868682539275e-01 4.164113609618348422e-01 4.305844192900635248e-01 -1.191220231966321763e-01 2.024669720627672309e-01 7.346797857876967708e-01 6.303301619285697210e-01 1.017438030128992033e-01 5.815002444515804392e-02 9.684471016141038557e-02 -3.669507138053390571e-03 6.765982985586791454e-01 3.250733982031365210e-01 1.800440163337387600e-01 6.609033223998677098e-01 3.486042226249819187e-01 1.397440738772030844e-01 1.661221155228043145e-01 6.786506129413061306e-01 2.922067852533650756e-01 2.978792597821504629e-01 6.965645970464657832e-01 7.250423104272848418e-01 5.599965220537519439e-01 6.915415968843704464e-01 5.084520342338278986e-01 2.122509826463765403e-01 1.548652387424390153e-01 6.989392104872710343e-01 3.506532890039337769e-01 7.650120357310071784e-01 2.261199529765368643e-01 -1.546425340949659777e-01 4.097786983597879740e-01 2.879442976138750776e-01 7.481885834887971320e-01 3.290150881055567411e-02 6.438859137446916181e-01 7.660327043692161109e-01 5.999814626270473239e-01 4.107642273828071566e-01 2.012822285918198784e-01 1.190808218940589414e-01 4.206280124161577705e-01 4.981107577024965760e-01 -7.287829283812044534e-02 7.647227333988076969e-01 -1.574380342575901204e-02 7.485134368741217514e-01 2.471495142205537565e-02
0.000000000000000000e+00 0.000000000000000000e+00 0.000000000000000000e+00 0.000000000000000000e+00 0.000000000000000000e+00 0.000000000000000000e+00 0.000000000000000000e+00 0.000000000000000000e+00 0.000000000000000000e+00 0.000000000000000000e+00 0.000000000000000000e+00 0.000000000000000000e+00 0.000000000000000000e+00 0.000000000000000000e+00 0.000000000000000000e+00 0.000000000000000000e+00 0.000000000000000000e+00 0.000000000000000000e+00 0.000000000000000000e+00 0.000000000000000000e+00 0.000000000000000000e+00 0.000000000000000000e+00 0.000000000000000000e+00 0.000000000000000000e+00 0.000000000000000000e+00 0.000000000000000000e+00 0.000000000000000000e+00 0.000000000000000000e+00 0.000000000000000000e+00 0.000000000000000000e+00 0.000000000000000000e+00 0.000000000000000000e+00 0.000000000000000000e+00 0.000000000000000000e+00 0.000000000000000000e+00 0.000000000000000000e+00 0.000000000000000000e+00 0.000000000000000000e+00 4.645958699660424429e+01 8.470074604310017241e-01 4.995472273300633481e-01 1.183027190051872402e-01 2.138483740387229770e-01 8.536421927792590125e-01 2.196449363973864699e-01 5.318077183873299862e-01 7.904438869835453962e-01 6.591576187330320247e-01 1.109785337668890981e-01 6.696343259579545792e-01 5.843402884969904898e-01 5.637727423296868823e-01 5.589138292108590811e-01 5.726939896016249865e-01 5.847349550039926402e-01 4.730092742618284829e-01 8.740018927871925358e-01 -7.240341060955340913e-02 7.866338538615246234e-01 7.099587511969711606e-01 1.521040170459882490e-01 2.206335782486535391e-01 7.696165108120378573e-02 2.543433764456894952e-01 4.499850552234646583e-01 2.102312446763819065e-01 4.308299979796870183e-01 5.945604530847452551e-01 4.349632335960967877e-01 3.785812097332555970e-01 4.331777586262252067e-01 5.152925695818093288e-02 -3.512347248478459028e-02 3.607534699404850442e-02 5.068224975379159725e-02 2.409822292844894520e-01 1.822955240604412497e-02 6.139066503492458526e-01 8.726497480046442323e-01 3.621699274593006557e-01 2.102022003825616825e-02 2.494298632368228685e-01 2.589842377922865757e-01 5.046099478090981805e-01 6.955076903189555404e-03 6.274739165604761304e-01 -3.867559698311207050e-03 -7.024365773716956252e-03 2.377826610366457483e-01 6.791089017820264861e-02 1.510680464306619619e-01 5.537948767566572839e-01 6.023658644048413002e-01 -3.729970032188123508e-02 -2.889482652498476245e-02 6.703396534774586080e-04 8.181471384176632888e-01 3.876662729706347732e-01 6.308877512771452478e-01 2.619284686078484636e-01
0.000000000000000000e+00 0.000000000000000000e+00 0.000000000000000000e+00 0.000000000000000000e+00 0.000000000000000000e+00 0.000000000000000000e+00 0.000000000000000000e+00 0.000000000000000000e+00 0.000000000000000000e+00 0.000000000000000000e+00 0.000000000000000000e+00 0.000000000000000000e+00 0.000000000000000000e+00 0.000000000000000000e+00 0.000000000000000000e+00 0.000000000000000000e+00 0.000000000000000000e+00 0.000000000000000000e+00 0.000000000000000000e+00 0.000000000000000000e+00 0.000000000000000000e+00 0.000000000000000000e+00 0.000000000000000000e+00 0.000000000000000000e+00 0.000000000000000000e+00 0.000000000000000000e+00 0.000000000000000000e+00 0.000000000000000000e+00 0.000000000000000000e+00 0.000000000000000000e+00 0.000000000000000000e+00 0.000000000000000000e+00 0.000000000000000000e+00 0.000000000000000000e+00 0.000000000000000000e+00 0.000000000000000000e+00 0.000000000000000000e+00 0.000000000000000000e+00 0.000000000000000000e+00 4.794133905444433452e+01 5.327273693515442998e-01 -1.431634678015048234e-01 -1.037167420391481576e-01 3.769321247535071806e-01 4.346194393870140837e-01 6.619583997835176703e-01 -5.917821192594066582e-02 3.775850304996155038e-01 4.534548048988852331e-01 7.491403251911704642e-01 8.696868353063362811e-01 3.504949646119709383e-02 7.045013656507016497e-01 1.957616350008123396e-01 5.188789739122137146e-01 3.754236360477634649e-01 2.692673748832213887e-02 -1.362699340163434913e-01 7.475175769243476154e-01 7.300926508913088142e-01 4.466386246979405783e-01 -1.161381249306412955e-01 7.881284848376245433e-01 4.582413156386294650e-02 -7.405049539842725737e-02 1.630756910508244506e-01 -1.223804725735726517e-01 3.511488863402033589e-01 -1.674050970801282956e-03 -4.481179390714426503e-02 4.697307855419124434e-01 -9.020849858861358650e-02 1.640084731231105653e-01 4.092558897697016751e-01 7.668056715116768896e-01 5.292501082903320331e-01 4.065521639399418685e-01 7.879908932959982515e-01 2.713940035142048401e-01 8.094596509106898319e-01 3.251081407091879205e-01 6.190096673627748514e-01 4.672525900924165421e-01 -1.050769595560507030e-01 -8.235575017737081782e-02 3.162676094031264817e-01 1.011216437811213453e-01 2.958565506566311343e-01 4.717007981825618868e-01 5.042848743125027955e-01 3.149114502211698419e-01 4.110962805053488545e-01 3.831803703896134450e-01 3.859621350017933272e-01 -6.274923367115436967e-02 1.704107124088996006e-01 2.455544107781027496e-01 1.824523505973023041e-01 1.840780174091274923e-02 1.853519366150823133e-01
0.000000000000000000e+00 0.000000000000000000e+00 0.000000000000000000e+00 0.000000000000000000e+00 0.000000000000000000e+00 0.000000000000000000e+00 0.000000000000000000e+00 0.000000000000000000e+00 0.000000000000000000e+00 0.000000000000000000e+00 0.000000000000000000e+00 0.000000000000000000e+00 0.000000000000000000e+00 0.000000000000000000e+00 0.000000000000000000e+00 0.000000000000000000e+00 0.000000000000000000e+00 0.000000000000000000e+00 0.000000000000000000e+00 0.000000000000000000e+00 0.000000000000000000e+00 0.000000000000000000e+00 0.000000000000000000e+00 0.000000000000000000e+00 0.000000000000000000e+00 0.000000000000000000e+00 0.000000000000000000e+00 0.000000000000000000e+00 0.000000000000000000e+00 0.000000000000000000e+00 0.000000000000000000e+00 0.000000000000000000e+00 0.000000000000000000e+00 0.000000000000000000e+00 0.000000000000000000e+00 0.000000000000000000e+00 0.000000000000000000e+00 0.000000000000000000e+00 0.000000000000000000e+00 0.000000000000000000e+00 5.071617435064097634e+01 2.462067893729028567e-01 7.334841014788471281e-01 1.544174142119781878e-01 8.063774502430431923e-02 3.578077632159208932e-01 1.888246385335146937e-01 8.561152694038196564e-01 8.328050873227367257e-01 6.142760832306666252e-01 4.497016585593741622e-01 7.579818761792203041e-01 2.570726137828900359e-01 7.359042896540389789e-01 6.006189862553387715e-02 6.519501590699674498e-01 7.467452403259096094e-01 8.340170131871970094e-01 1.570149392147584255e-01 -1.011176971410849001e-01 2.369714005879155483e-01 8.660961194730332213e-01 1.577287834065855820e-01 7.861412447623270516e-01 1.183368361107545175e-02 8.286276973882426011e-01 5.556961563612712318e-01 3.582038705680079538e-01 4.148041214298395785e-01 1.152331154561923587e-01 2.714435276085191973e-01 2.797626944747156341e-01 1.538655726836061222e-01 3.721474119268904368e-01 7.115140134022533980e-01 2.765668082835540109e-02 1.768897645151084885e-01 -3.100346108197360451e-02 2.322326255015486896e-01 1.066497827894240663e-01 -1.253956573782682715e-01 7.824239221365514307e-01 4.094905692362627025e-02 7.362036549720647471e-01 5.355692286709239358e-01 2.943619170706525123e-01 8.690178179902385835e-01 1.884109801150635477e-01 5.554950715888821167e-01 3.436663849072550403e-01 -7.854955626721274453e-02 6.974604470264126332e-01 5.827725817615874160e-01 5.020534271815838556e-01 8.339660281147001086e-01 2.475057600865524787e-01 -1.201828598763583777e-01 2.290265278141931371e-01 7.982665217916429246e-01 -2.055254746279465417e-02
0.000000000000000000e+00 0.000000000000000000e+00 0.000000000000000000e+00 0.000000000000000000e+00 0.000000000000000000e+00 0.000000000000000000e+00 0.000000000000000000e+00 0.000000000000000000e+00 0.000000000000000000e+00 0.000000000000000000e+00 0.000000000000000000e+00 0.000000000000000000e+00 0.000000000000000000e+00 0.000000000000000000e+00 0.000000000000000000e+00 0.000000000000000000e+00 0.000000000000000000e+00 0.000000000000000000e+00 0.000000000000000000e+00 0.000000000000000000e+00 0.000000000000000000e+00 0.000000000000000000e+00 0.000000000000000000e+00 0.000000000000000000e+00 0.000000000000000000e+00 0.000000000000000000e+00 0.000000000000000000e+00 0.000000000000000000e+00 0.000000000000000000e+00 0.000000000000000000e+00 0.000000000000000000e+00 0.000000000000000000e+00 0.000000000000000000e+00 0.000000000000000000e+00 0.000000000000000000e+00 0.000000000000000000e+00 0.000000000000000000e+00 0.000000000000000000e+00 0.000000000000000000e+00 0.000000000000000000e+00 0.000000000000000000e+00 5.139988868437878722e+01 4.674204117287744653e-01 2.761327017946454965e-01 6.207471086273079752e-01 -1.287786939974392975e-01 4.210924824640506769e-01 5.335048765692550488e-01 8.037440979442215250e-01 8.685305496922256507e-01 6.271383132087496315e-02 4.053727641451476682e-01 4.866089343816797363e-01 3.639530402314696267e-01 7.000147176686977168e-01 2.662347628221983786e-01 5.244490511020274970e-02 2.223797553877847888e-01 4.405000021846114944e-01 7.397879215030460642e-01 1.701604393748127331e-01 8.183045436507823123e-01 8.274383941535661258e-01 6.204520376470360477e-01 -7.391608724490156268e-03 -6.573872734653621319e-02 2.717029535299408938e-01 -8.084245621296823336e-02 6.775978844307597448e-01 5.816511276431612920e-01 -4.033384639209436351e-02 7.119807301800522570e-01 4.735119376110119571e-01 7.481614449177163007e-01 1.262808952309565635e-01 8.342630635539417527e-01 4.095561577604304171e-01 5.593345212971643221e-01 5.776758199259883764e-01 7.926098655711003027e-02 8.233086158755618111e-01 9.000332080106293597e-02 1.672602805666373871e-01 5.485601629814748081e-01 4.818836323621980000e-01 1.545039442518910400e-01 1.466002923129142432e-01 6.698029822442129744e-01 7.677130183710187961e-01 1.020165409505627285e-01 3.282794417341689530e-01 2.660851757305874310e-01 6.178757089939619362e-01 1.413779334843481839e-01 8.079787682308884333e-01 4.056544781366916985e-01 3.959199608841493800e-01 1.807197502073853435e-01 6.561614137345413988e-01 2.188916187173139405e-01
0.000000000000000000e+00 0.000000000000000000e+00 0.000000000000000000e+00 0.000000000000000000e+00 0.000000000000000000e+00 0.000000000000000000e+00 0.000000000000000000e+00 0.000000000000000000e+00 0.000000000000000000e+00 0.000000000000000000e+00 0.000000000000000000e+00 0.000000000000000000e+00 0.000000000000000000e+00 0.000000000000000000e+00 0.000000000000000000e+00 0.000000000000000000e+00 0.000000000000000000e+00 0.000000000000000000e+00 0.000000000000000000e+00 0.000000000000000000e+00 0.000000000000000000e+00 0.000000000000000000e+00 0.000000000000000000e+00 0.000000000000000000e+00 0.000000000000000000e+00 0.000000000000000000e+00 0.000000000000000000e+00 0.000000000000000000e+00 0.000000000000000000e+00 0.000000000000000000e+00 0.000000000000000000e+00 0.000000000000000000e+00 0.000000000000000000e+00 0.000000000000000000e+00 0.000000000000000000e+00 0.000000000000000000e+00 0.000000000000000000e+00 0.000000000000000000e+00 0.000000000000000000e+00 0.000000000000000000e+00 0.000000000000000000e+00 0.000000000000000000e+00 5.296127493091481853e+01 2.099870732853348354e-01 7.330528220003804107e-02 7.022671586879475347e-01 1.591584378540855105e-01 7.556369067604166156e-01 6.108230019210578732e-01 2.932566814064122562e-01 -5.311997593447190247e-02 8.112448951561411770e-01 7.481730773376702448e-01 7.734614036499978251e-01 3.499292551434302068e-03 6.646477500080135714e-01 6.032320040399871131e-01 -1.277314712549311726e-01 4.780576412146564369e-01 -1.257473431618612303e-01 5.424915171790315460e-01 4.760416877146425585e-02 6.130707876637107034e-01 7.019078425249206665e-01 1.723986976705922103e-01 8.170321398573286986e-01 2.211670820733246390e-01 2.967742361028411491e-01 -6.080904809766721208e-02 6.595005278921415304e-01 -8.204780281182452728e-02 -4.031561067757163941e-02 -1.216431774482619743e-01 6.229714617127801723e-01 2.331127581554216788e-01 6.111168245677367494e-03 4.731275809479175143e-01 6.767992168483343285e-01 2.456341987983182984e-01 5.556411673833612230e-01 2.138455625584529951e-01 5.529812401162184088e-01 7.915957140140854609e-01 5.583993102583990620e-01 8.019076761675587584e-01 5.028502580957193713e-01 7.785648564966585194e-02 7.745075211682081462e-02 3.504071573880489510e-01 8.318792604364908527e-01 4.098186615839216618e-01 8.295737834831945490e-01 4.092657837706578094e-01 6.373461727603134674e-01 5.611191284068088869e-01 5.770942322365217869e-01 4.812413075750034963e-01 3.556945591528615780e-01 5.062585612918856226e-01 8.673535585431105255e-02
0.000000000000000000e+00 0.000000000000000000e+00 0.000000000000000000e+00 0.000000000000000000e+00 0.000000000000000000e+00 0.000000000000000000e+00 0.000000000000000000e+00 0.000000000000000000e+00 0.000000000000000000e+00 0.000000000000000000e+00 0.000000000000000000e+00 0.000000000000000000e+00 0.000000000000000000e+00 0.000000000000000000e+00 0.000000000000000000e+00 0.000000000000000000e+00 0.000000000000000000e+00 0.000000000000000000e+00 0.000000000000000000e+00 0.000000000000000000e+00 0.000000000000000000e+00 0.000000000000000000e+00 0.000000000000000000e+00 0.000000000000000000e+00 0.000000000000000000e+00 0.000000000000000000e+00 0.000000000000000000e+00 0.000000000000000000e+00 0.000000000000000000e+00 0.000000000000000000e+00 0.000000000000000000e+00 0.000000000000000000e+00 0.000000000000000000e+00 0.000000000000000000e+00 0.000000000000000000e+00 0.000000000000000000e+00 0.000000000000000000e+00 0.000000000000000000e+00 0.000000000000000000e+00 0.000000000000000000e+00 0.000000000000000000e+00 0.000000000000000000e+00 0.000000000000000000e+00 5.023559454029692262e+01 4.903925396530200986e-01 9.409522471693748669e-02 4.331729612304754951e-01 3.079528886372160379e-01 1.876495976552542966e-01 5.371015038624489257e-01 -1.245589456628604097e-02 8.245993530879074385e-01 2.746907345964622049e-01 2.402766235137044348e-01 -9.403713887022427387e-02 7.979251661285421404e-01 7.669512438220731365e-01 5.120764388389119626e-01 2.398016722781952936e-01 3.122072778634171764e-01 1.928933402622743931e-01 3.756383232229727476e-01 6.127672246766387998e-01 7.017484664705720965e-01 6.501579628647771170e-01 -9.151648443133514332e-02 4.365575233773944519e-01 5.853344755396501231e-01 1.859968794537702752e-01 5.327760240002602510e-01 8.597858904813661107e-01 -3.823507094623809777e-02 2.394823489538701333e-01 3.160240331812753101e-01 -8.802542502695104298e-03 6.345052620321989245e-01 1.658631832854682575e-01 4.758302219295394986e-01 7.481167519081790562e-01 6.238017837376386154e-01 8.642511556062557054e-02 6.745876233086672835e-02 8.226011001840553005e-01 3.679617528151486461e-01 6.603681971781687476e-01 7.422000220435149842e-01 4.850037358589388559e-01 -3.845218564978383768e-02 4.276115525806918338e-01 5.714928006959281159e-01 2.951044325906048149e-01 2.886961239012325597e-01 7.543554028793233446e-01 3.768965516821418116e-01 -5.282780684661800286e-02 6.449304947266892851e-01 1.571322932552825236e-01 1.262313761472308449e-01 5.389528910055065847e-01 -1.209122349882550407e-01
0.000000000000000000e+00 0.000000000000000000e+00 0.000000000000000000e+00 0.000000000000000000e+00 0.000000000000000000e+00 0.000000000000000000e+00 0.000000000000000000e+00 0.000000000000000000e+00 0.000000000000000000e+00 0.000000000000000000e+00 0.000000000000000000e+00 0.000000000000000000e+00 0.000000000000000000e+00 0.000000000000000000e+00 0.000000000000000000e+00 0.000000000000000000e+00 0.000000000000000000e+00 0.000000000000000000e+00 0.000000000000000000e+00 0.000000000000000000e+00 0.000000000000000000e+00 0.000000000000000000e+00 0.000000000000000000e+00 0.000000000000000000e+00 0.000000000000000000e+00 0.000000000000000000e+00 0.000000000000000000e+00 0.000000000000000000e+00 0.000000000000000000e+00 0.000000000000000000e+00 0.000000000000000000e+00 0.000000000000000000e+00 0.000000000000000000e+00 0.000000000000000000e+00 0.000000000000000000e+00 0.000000000000000000e+00 0.000000000000000000e+00 0.000000000000000000e+00 0.000000000000000000e+00 0.000000000000000000e+00 0.000000000000000000e+00 0.000000000000000000e+00 0.000000000000000000e+00 0.000000000000000000e+00 5.220143629373078653e+01 7.287907012734109458e-01 9.377263807254609951e-02 8.125928553567708379e-01 4.939300341466837385e-01 3.207618549018251830e-01 6.082829923299840624e-01 3.800122430718089195e-01 5.278761873049842013e-02 -1.009537170716082177e-02 5.103545617120693878e-01 5.233444301853437675e-02 4.620841324068545308e-01 3.302555472974714745e-01 3.874808726905751288e-01 7.946770523726037760e-01 6.393840570201803075e-01 8.284937105587379946e-01 8.433538645145164381e-01 5.192277498390577284e-01 2.754539360751161459e-01 7.691740665359088069e-01 -7.688740068150307083e-02 2.336021689469060802e-01 5.259327171940834100e-01 -8.756867263386686195e-02 6.104428075965817602e-01 9.757999562171915109e-02 4.516213038237720800e-02 7.124146660205035175e-01 8.110014542357091294e-01 8.039564922867272756e-01 -1.459771387627806227e-02 1.150907120594248378e-01 6.955786853380864221e-01 7.479067407128475731e-01 7.149926940730260139e-01 1.951115080929994583e-01 2.329755610041555625e-01 -8.418998439465516515e-02 3.341199812902610478e-01 1.517188481273269163e-01 4.238966546381532918e-01 -1.361579939125973082e-01 4.747481377098634603e-01 3.252689014805876244e-01 -1.542711965392942752e-01 6.266579456110591417e-01 -3.223395592728964254e-02 -7.683409619881595432e-02 2.629727237941590356e-01 -1.336875050118238595e-01 2.176473537907643307e-01 2.104794723329821149e-01 6.372479272220229474e-01 5.762960154224968656e-01
0.000000000000000000e+00 0.000000000000000000e+00 0.000000000000000000e+00 0.000000000000000000e+00 0.000000000000000000e+00 0.000000000000000000e+00 0.000000000000000000e+00 0.000000000000000000e+00 0.000000000000000000e+00 0.000000000000000000e+00 0.000000000000000000e+00 0.000000000000000000e+00 0.000000000000000000e+00 0.000000000000000000e+00 0.000000000000000000e+00 0.000000000000000000e+00 0.000000000000000000e+00 0.000000000000000000e+00 0.000000000000000000e+00 0.000000000000000000e+00 0.000000000000000000e+00 0.000000000000000000e+00 0.000000000000000000e+00 0.000000000000000000e+00 0.000000000000000000e+00 0.000000000000000000e+00 0.000000000000000000e+00 0.000000000000000000e+00 0.000000000000000000e+00 0.000000000000000000e+00 0.000000000000000000e+00 0.000000000000000000e+00 0.000000000000000000e+00 0.000000000000000000e+00 0.000000000000000000e+00 0.000000000000000000e+00 0.000000000000000000e+00 0.000000000000000000e+00 0.000000000000000000e+00 0.000000000000000000e+00 0.000000000000000000e+00 0.000000000000000000e+00 0.000000000000000000e+00 0.000000000000000000e+00 0.000000000000000000e+00 4.846760459882204231e+01 7.224051525470003288e-01 2.189444124758996302e-01 -3.640282071622366611e-02 1.642338812145838489e-01 -4.880999650070647067e-02 2.555190355827280380e-01 -6.824753061047256208e-02 6.911745877000237126e-01 2.880378120060196334e-01 -5.954871099956235425e-02 6.433323211213307635e-01 1.095069771978272322e-01 2.966635983910834162e-02 -4.663315327072528604e-02 1.852721067450039671e-01 6.761067057388613355e-01 -8.622720086654542260e-02 7.628753017710147022e-01 -3.945515211703837233e-02 2.587690382803710110e-01 6.674407045900137003e-01 6.095019437689647157e-01 6.968867917240134657e-03 3.615356133740679767e-01 1.330947080462857313e-01 7.952846019194061977e-01 3.158177262772319249e-01 8.185203296010445939e-01 1.144140145815795706e-01 5.054474558445605226e-01 4.596569551945937082e-01 5.508524969271400007e-01 3.653344200164816424e-01 5.107124866116706796e-01 4.880074508093952823e-01 1.441674755779037698e-02 6.225833289681756977e-01 6.748059125943117742e-01 5.752594598409342952e-01 1.727198429006231162e-01 7.785983373699098542e-02 2.913742341571573524e-01 -2.508716038777025759e-02 1.332042797957299074e-01 5.940537088489010742e-01 4.397311114953707523e-01 4.899094156802256128e-01 -7.933669929045958358e-02 4.503821246974226700e-02 1.141859596874547356e-01 5.349487160463046731e-01 2.169051661735704739e-02 2.006748942945945913e-01 2.380355537382344289e-01
0.000000000000000000e+00 0.000000000000000000e+00 0.000000000000000000e+00 0.000000000000000000e+00 0.000000000000000000e+00 0.000000000000000000e+00 0.000000000000000000e+00 0.000000000000000000e+00 0.000000000000000000e+00 0.000000000000000000e+00 0.000000000000000000e+00 0.000000000000000000e+00 0.000000000000000000e+00 0.000000000000000000e+00 0.000000000000000000e+00 0.000000000000000000e+00 0.000000000000000000e+00 0.000000000000000000e+00 0.000000000000000000e+00 0.000000000000000000e+00 0.000000000000000000e+00 0.000000000000000000e+00 0.000000000000000000e+00 0.000000000000000000e+00 0.000000000000000000e+00 0.000000000000000000e+00 0.000000000000000000e+00 0.000000000000000000e+00 0.000000000000000000e+00 0.000000000000000000e+00 0.000000000000000000e+00 0.000000000000000000e+00 0.000000000000000000e+00 0.000000000000000000e+00 0.000000000000000000e+00 0.000000000000000000e+00 0.000000000000000000e+00 0.000000000000000000e+00 0.000000000000000000e+00 0.000000000000000000e+00 0.000000000000000000e+00 0.000000000000000000e+00 0.000000000000000000e+00 0.000000000000000000e+00 0.000000000000000000e+00 0.000000000000000000e+00 4.840128246222897701e+01 7.991637256177437365e-01 6.675312987909998164e-01 6.337954773420413357e-01 2.884311990224820987e-01 1.414860000377083371e-01 -7.195402581274087939e-02 5.688947379794431214e-01 5.212281873025116363e-01 4.857356536465037844e-01 1.764248056893955308e-01 5.965255935163233936e-01 7.568831647985816424e-01 -8.141675208912896311e-02 -1.626311896419989356e-02 5.554770814289022862e-01 3.917255061850276054e-01 4.022295860328071182e-01 5.380052270343513854e-01 -1.052505900377464776e-01 3.941832233164157540e-01 -1.010913889190099835e-01 6.652299617219012418e-02 8.805230693403179321e-02 8.544945473954786985e-01 3.870970781054410281e-01 -3.993310731780057299e-02 1.673064591316690553e-01 4.579662963941818488e-01 1.366192900941164690e-01 -6.325494238748716191e-02 3.952922450077812067e-01 7.051687081563832171e-01 5.371713279880421243e-01 7.282088035687572791e-01 3.067127089048135025e-01 8.319663482315931002e-01 7.479037576352146610e-01 3.074658111582262432e-01 4.738444871804681768e-01 7.330582705484567363e-01 5.908504496022854990e-01 6.421967236405119461e-01 -1.107884689079669249e-01 3.111652767633042993e-01 3.567451252255026128e-01 -1.246908499491110878e-01 -7.203253241620979908e-03 7.314368565007152156e-01 5.604927349511916734e-01 1.303780265289914420e-01 1.048445625988062430e-01 8.629002639631488947e-02 5.679079932187383051e-01
0.000000000000000000e+00 0.000000000000000000e+00 0.000000000000000000e+00 0.000000000000000000e+00 0.000000000000000000e+00 0.000000000000000000e+00 0.000000000000000000e+00 0.000000000000000000e+00 0.000000000000000000e+00 0.000000000000000000e+00 0.000000000000000000e+00 0.000000000000000000e+00 0.000000000000000000e+00 0.000000000000000000e+00 0.000000000000000000e+00 0.000000000000000000e+00 0.000000000000000000e+00 0.000000000000000000e+00 0.000000000000000000e+00 0.000000000000000000e+00 0.000000000000000000e+00 0.000000000000000000e+00 0.000000000000000000e+00 0.000000000000000000e+00 0.000000000000000000e+00 0.000000000000000000e+00 0.000000000000000000e+00 0.000000000000000000e+00 0.000000000000000000e+00 0.000000000000000000e+00 0.000000000000000000e+00 0.000000000000000000e+00 0.000000000000000000e+00 0.000000000000000000e+00 0.000000000000000000e+00 0.000000000000000000e+00 0.000000000000000000e+00 0.000000000000000000e+00 0.000000000000000000e+00 0.000000000000000000e+00 0.000000000000000000e+00 0.000000000000000000e+00 0.000000000000000000e+00 0.000000000000000000e+00 0.000000000000000000e+00 0.000000000000000000e+00 0.000000000000000000e+00 5.061899629438463677e+01 2.043866785348256720e-01 4.308366135689621346e-01 5.268018062132870383e-02 1.972216772897335824e-01 1.495205536537814461e-01 7.822116232160897242e-02 1.163879371308543520e-01 4.511752210094818194e-01 5.905537901861754868e-01 5.599524991367373916e-01 2.691795161858566710e-01 3.924726305963435191e-01 7.067954632988284747e-01 3.598293566053661352e-01 5.655325532226527230e-01 6.839034149720121247e-01 3.590832915940351810e-01 7.569978968589239354e-01 3.254291820774088406e-01 6.203358809649792138e-02 5.218590298582775899e-02 3.574275779251132046e-02 -1.223865771261182511e-01 5.731419714980322544e-01 2.032491026516933252e-01 -1.547261889801684331e-01 1.490687559892512892e-01 6.257072989438766664e-01 6.316656897819870053e-01 4.686526556573318292e-01 7.413998788361398917e-01 5.268258581115387029e-01 -4.959954023337440066e-02 2.676761047798729143e-01 6.587179137761227654e-01 7.224050570286933981e-01 2.833894061296006184e-01 -9.755318280164274047e-02 3.337690876841353793e-01 6.754682503785713887e-01 4.643597821272440473e-01 -8.116621552643529802e-02 5.850966528089649454e-01 2.575803778537938404e-01 1.377677291736691401e-01 2.091664806840007329e-02 6.233278060849340996e-01 1.130411005523883905e-01 -7.783240834155372156e-02 5.902138463953876535e-03 1.150976926810450829e-01 6.448406172090834776e-01
0.000000000000000000e+00 0.000000000000000000e+00 0.000000000000000000e+00 0.000000000000000000e+00 0.000000000000000000e+00 0.000000000000000000e+00 0.000000000000000000e+00 0.000000000000000000e+00 0.000000000000000000e+00 0.000000000000000000e+00 0.000000000000000000e+00 0.000000000000000000e+00 0.000000000000000000e+00 0.000000000000000000e+00 0.000000000000000000e+00 0.000000000000000000e+00 0.000000000000000000e+00 0.000000000000000000e+00 0.000000000000000000e+00 0.000000000000000000e+00 0.000000000000000000e+00 0.000000000000000000e+00 0.000000000000000000e+00 0.000000000000000000e+00 0.000000000000000000e+00 0.000000000000000000e+00 0.000000000000000000e+00 0.000000000000000000e+00 0.000000000000000000e+00 0.000000000000000000e+00 0.000000000000000000e+00 0.000000000000000000e+00 0.000000000000000000e+00 0.000000000000000000e+00 0.000000000000000000e+00 0.000000000000000000e+00 0.000000000000000000e+00 0.000000000000000000e+00 0.000000000000000000e+00 0.000000000000000000e+00 0.000000000000000000e+00 0.000000000000000000e+00 0.000000000000000000e+00 0.000000000000000000e+00 0.000000000000000000e+00 0.000000000000000000e+00 0.000000000000000000e+00 0.000000000000000000e+00 4.757520435199892717e+01 1.917805722729732376e-01 9.011222989673028927e-02 5.785211689433700233e-01 7.882068993242224986e-01 6.144438313252340578e-01 6.760142205452625008e-01 -1.269933327841380744e-01 2.222621457370387577e-01 5.957931727044709636e-01 8.568207044545262940e-01 1.299074221786311878e-01 4.636795833783154963e-01 -9.333640441084239958e-02 4.529636935704761669e-01 8.389914704063083928e-01 8.198005420013164679e-01 3.406989366193851065e-01 -1.974600647686169941e-02 1.713642373255617468e-01 6.077833892316896192e-01 4.964634026955463408e-01 6.896868852015751450e-02 3.604862799486341363e-01 8.154097895266224638e-01 1.075982013562241379e-01 3.976798832021607999e-02 -1.272386794789692743e-02 2.688927415603279414e-01 -3.604054018355234978e-02 4.777428917985504508e-01 2.257066447603591486e-01 1.708487137547926027e-03 -5.791333012927973867e-02 4.128524368631196206e-01 -4.469217995620747286e-02 2.495812243627250071e-01 3.609229366098638536e-01 -9.880749297885507709e-02 1.040257955882235574e-01 4.137467808660695301e-01 8.252422781394894158e-02 1.742760886213910732e-01 5.316580472279301972e-01 8.310879526546270935e-01 3.305280528567367537e-01 -7.207809309733201331e-02 5.300553622059149816e-01 7.932462344009064692e-01 7.845590322072895084e-01 3.151715687350470363e-01 2.123324821391055495e-01
0.000000000000000000e+00 0.000000000000000000e+00 0.000000000000000000e+00 0.000000000000000000e+00 0.000000000000000000e+00 0.000000000000000000e+00 0.000000000000000000e+00 0.000000000000000000e+00 0.000000000000000000e+00 0.000000000000000000e+00 0.000000000000000000e+00 0.000000000000000000e+00 0.000000000000000000e+00 0.000000000000000000e+00 0.000000000000000000e+00 0.000000000000000000e+00 0.000000000000000000e+00 0.000000000000000000e+00 0.000000000000000000e+00 0.000000000000000000e+00 0.000000000000000000e+00 0.000000000000000000e+00 0.000000000000000000e+00 0.000000000000000000e+00 0.000000000000000000e+00 0.000000000000000000e+00 0.000000000000000000e+00 0.000000000000000000e+00 0.000000000000000000e+00 0.000000000000000000e+00 0.000000000000000000e+00 0.000000000000000000e+00 0.000000000000000000e+00 0.000000000000000000e+00 0.000000000000000000e+00 0.000000000000000000e+00 0.000000000000000000e+00 0.000000000000000000e+00 0.000000000000000000e+00 0.000000000000000000e+00 0.000000000000000000e+00 0.000000000000000000e+00 0.000000000000000000e+00 0.000000000000000000e+00 0.000000000000000000e+00 0.000000000000000000e+00 0.000000000000000000e+00 0.000000000000000000e+00 0.000000000000000000e+00 5.113454281895442222e+01 2.426155643075189050e-01 4.202650152571425490e-01 3.271170690687119631e-01 3.309216328232437720e-01 -5.934663769937720268e-02 2.291072033466398650e-01 2.744551737424564819e-01 -6.049574024108592130e-02 8.672141139309333391e-02 1.512614687870560415e-01 5.340728615360338383e-01 3.761900953216181787e-01 8.065791513030359794e-02 -1.425131348613674354e-01 3.503512528659336045e-02 7.198386272931848184e-01 7.182302748724778141e-01 3.765448042237495851e-01 2.464535487961345972e-01 5.338874002307250621e-02 -9.103298168177437200e-02 3.111319616743704608e-01 5.802574773474047376e-01 6.346509156621013004e-01 3.446168731426855203e-01 4.832930757973442071e-01 1.239950134527577630e-01 6.089573352942433404e-01 3.894432392418613054e-01 5.667345632010779566e-01 4.344517114177296468e-01 4.683244890903175972e-01 7.507239245055874477e-02 -1.130640154037775846e-01 4.341778881558249203e-01 -6.634421536145646003e-02 3.481284586022967420e-02 4.062154622002078774e-01 7.631721978350008984e-01 -3.847308104106256232e-02 2.458862485914337925e-01 7.032538461085848791e-01 -7.621952482382765570e-02 4.085213923725751761e-01 1.195653938029037078e-01 -9.288167973790203980e-02 1.542373810162667447e-01 4.076231360389289682e-01 2.842259535783139279e-01 -1.243708001685755737e-01
0.000000000000000000e+00 0.000000000000000000e+00 0.000000000000000000e+00 0.000000000000000000e+00 0.000000000000000000e+00 0.000000000000000000e+00 0.000000000000000000e+00 0.000000000000000000e+00 0.000000000000000000e+00 0.000000000000000000e+00 0.000000000000000000e+00 0.000000000000000000e+00 0.000000000000000000e+00 0.000000000000000000e+00 0.000000000000000000e+00 0.000000000000000000e+00 0.000000000000000000e+00 0.000000000000000000e+00 0.000000000000000000e+00 0.000000000000000000e+00 0.000000000000000000e+00 0.000000000000000000e+00 0.000000000000000000e+00 0.000000000000000000e+00 0.000000000000000000e+00 0.000000000000000000e+00 0.000000000000000000e+00 0.000000000000000000e+00 0.000000000000000000e+00 0.000000000000000000e+00 0.000000000000000000e+00 0.000000000000000000e+00 0.000000000000000000e+00 0.000000000000000000e+00 0.000000000000000000e+00 0.000000000000000000e+00 0.000000000000000000e+00 0.000000000000000000e+00 0.000000000000000000e+00 0.000000000000000000e+00 0.000000000000000000e+00 0.000000000000000000e+00 0.000000000000000000e+00 0.000000000000000000e+00 0.000000000000000000e+00 0.000000000000000000e+00 0.000000000000000000e+00 0.000000000000000000e+00 0.000000000000000000e+00 0.000000000000000000e+00 4.818781500493044234e+01 1.347795857534253572e-01 2.083264121346058428e-01 6.871379903623070495e-01 5.744756081813545689e-01 6.464569176063475475e-02 7.803164042997328131e-01 6.894060353285721421e-01 2.312681651833449203e-01 5.385783280291225328e-01 7.129995216961932947e-01 5.696556354323347726e-01 1.574707493943006131e-01 7.396877590197539765e-02 2.605460925060363309e-01 4.311241542890853484e-01 6.049499742279346171e-01 4.280755105426662377e-01 2.637198833716499768e-01 2.265817061745623862e-01 1.252049463704746624e-01 3.204580069883614102e-01 7.230207777451613804e-02 -7.239315655394869264e-02 6.538149604016137983e-01 1.320464990444563114e-01 5.453635881137718355e-01 -3.888834680167110869e-02 -5.391598558786639406e-02 5.978513289511147022e-01 2.118089447511799506e-01 3.528894733119392613e-01 4.099470920635621130e-01 2.630789668243741497e-01 4.553332801671109431e-01 3.782896617246665483e-01 3.811338696089303646e-01 7.229560156188269415e-02 6.482707575463723115e-01 5.092970994925165584e-01 2.575195637266785020e-01 5.426352553094790920e-01 5.093405298883875165e-01 2.188277949433442005e-01 1.517603976036735747e-01 8.757713398378008662e-02 7.478284273474837818e-01 -2.505790965438266238e-02 -1.274995527318137090e-01 3.888782844021736462e-01
0.000000000000000000e+00 0.000000000000000000e+00 0.000000000000000000e+00 0.000000000000000000e+00 0.000000000000000000e+00 0.000000000000000000e+00 0.000000000000000000e+00 0.000000000000000000e+00 0.000000000000000000e+00 0.000000000000000000e+00 0.000000000000000000e+00 0.000000000000000000e+00 0.000000000000000000e+00 0.000000000000000000e+00 0.000000000000000000e+00 0.000000000000000000e+00 0.000000000000000000e+00 0.000000000000000000e+00 0.000000000000000000e+00 0.000000000000000000e+00 0.000000000000000000e+00 0.000000000000000000e+00 0.000000000000000000e+00 0.000000000000000000e+00 0.000000000000000000e+00 0.000000000000000000e+00 0.000000000000000000e+00 0.000000000000000000e+00 0.000000000000000000e+00 0.000000000000000000e+00 0.000000000000000000e+00 0.000000000000000000e+00 0.000000000000000000e+00 0.000000000000000000e+00 0.000000000000000000e+00 0.000000000000000000e+00 0.000000000000000000e+00 0.000000000000000000e+00 0.000000000000000000e+00 0.000000000000000000e+00 0.000000000000000000e+00 0.000000000000000000e+00 0.000000000000000000e+00 0.000000000000000000e+00 0.000000000000000000e+00 0.000000000000000000e+00 0.000000000000000000e+00 0.000000000000000000e+00 0.000000000000000000e+00 0.000000000000000000e+00 0.000000000000000000e+00 4.955467551193068232e+01 2.593914339569138305e-01 6.298458726211662029e-01 7.885668144139710289e-01 4.783128287136628742e-01 -3.752475205221816879e-02 6.230047735488286609e-01 -1.263736608981644305e-01 6.306924115248009333e-01 4.078833318475405534e-01 6.175886689177373379e-02 5.649135827788369646e-01 5.237085134284723553e-01 8.044121026163212340e-01 3.814881829768123067e-01 1.555964241641947798e-01 2.226436525640274056e-02 5.727699350603904227e-01 8.772086275997847959e-02 3.944691160267343455e-01 8.231967088776429575e-01 1.342377993814591330e-01 -1.264039043522615924e-01 4.382757310438856746e-01 6.391335556749286884e-01 3.218508354224665080e-01 3.111162633971079061e-02 9.128341323831928866e-02 6.752610848876986482e-01 4.558347321862654677e-01 5.067820076401163831e-01 2.588867416326180448e-01 5.895596602636663519e-01 8.102949713663722964e-01 -4.645446967017574647e-03 1.176061200676750962e-01 2.940838401932893142e-01 5.006387386322412869e-01 7.080510527256314024e-01 4.122160837368177289e-01 6.677725975082310361e-01 5.918078974519962454e-01 5.420491352119248818e-01 -1.975666654983915249e-03 2.667913011880831409e-01 4.260613141472711085e-01 5.370012008968977346e-01 1.944035468335983952e-01 1.605161706087471218e-02
0.000000000000000000e+00 0.000000000000000000e+00 0.000000000000000000e+00 0.000000000000000000e+00 0.000000000000000000e+00 0.000000000000000000e+00 0.000000000000000000e+00 0.000000000000000000e+00 0.000000000000000000e+00 0.000000000000000000e+00 0.000000000000000000e+00 0.000000000000000000e+00 0.000000000000000000e+00 0.000000000000000000e+00 0.000000000000000000e+00 0.000000000000000000e+00 0.000000000000000000e+00 0.000000000000000000e+00 0.000000000000000000e+00 0.000000000000000000e+00 0.000000000000000000e+00 0.000000000000000000e+00 0.000000000000000000e+00 0.000000000000000000e+00 0.000000000000000000e+00 0.000000000000000000e+00 0.000000000000000000e+00 0.000000000000000000e+00 0.000000000000000000e+00 0.000000000000000000e+00 0.000000000000000000e+00 0.000000000000000000e+00 0.000000000000000000e+00 0.000000000000000000e+00 0.000000000000000000e+00 0.000000000000000000e+00 0.000000000000000000e+00 0.000000000000000000e+00 0.000000000000000000e+00 0.000000000000000000e+00 0.000000000000000000e+00 0.000000000000000000e+00 0.000000000000000000e+00 0.000000000000000000e+00 0.000000000000000000e+00 0.000000000000000000e+00 0.000000000000000000e+00 0.000000000000000000e+00 0.000000000000000000e+00 0.000000000000000000e+00 0.000000000000000000e+00 0.000000000000000000e+00 4.650542356307725100e+01 3.853897334145982567e-01 4.859260770238686966e-01 -1.491441412685041157e-01 2.829798761176451349e-01 5.521604171177306730e-01 6.615736989591081141e-01 8.099499286960705202e-01 1.205009357050878804e-01 3.665065224440579583e-01 -9.722161718587976620e-02 9.078419493576950217e-02 1.791209874397751145e-01 -1.802086906539916433e-01 3.385624858987101859e-01 7.319311822384232391e-01 3.622094684675233323e-01 7.345050818640470602e-01 7.270811200905371585e-01 6.704478137015152939e-01 -1.088477468080152610e-01 3.409218292902635450e-02 -4.125254936860250909e-03 -8.965560736824498833e-02 -8.519143684468061251e-02 7.532774032852188606e-01 1.328556838991419853e-01 8.737852361163223058e-02 -1.278258899954354266e-02 5.631488409865792466e-01 4.992767544821009040e-01 5.677405882944891458e-01 -1.649329637648055957e-02 2.363845654066561164e-01 -6.858743941760370166e-02 -1.740063921099696542e-02 2.392693268608964419e-01 -1.641650009420670964e-01 2.454434392842795298e-01 1.122804278590151805e-01 -9.740972665733149682e-03 4.500947618988310195e-03 4.319192564147917857e-01 7.173357198222987119e-01 -5.783277794005020622e-02 3.929607706534339329e-01 1.766516560659187607e-01 1.687147388115598778e-01
0.000000000000000000e+00 0.000000000000000000e+00 0.000000000000000000e+00 0.000000000000000000e+00 0.000000000000000000e+00 0.000000000000000000e+00 0.000000000000000000e+00 0.000000000000000000e+00 0.000000000000000000e+00 0.000000000000000000e+00 0.000000000000000000e+00 0.000000000000000000e+00 0.000000000000000000e+00 0.000000000000000000e+00 0.000000000000000000e+00 0.000000000000000000e+00 0.000000000000000000e+00 0.000000000000000000e+00 0.000000000000000000e+00 0.000000000000000000e+00 0.000000000000000000e+00 0.000000000000000000e+00 0.000000000000000000e+00 0.000000000000000000e+00 0.000000000000000000e+00 0.000000000000000000e+00 0.000000000000000000e+00 0.000000000000000000e+00 0.000000000000000000e+00 0.000000000000000000e+00 0.000000000000000000e+00 0.000000000000000000e+00 0.000000000000000000e+00 0.000000000000000000e+00 0.000000000000000000e+00 0.000000000000000000e+00 0.000000000000000000e+00 0.000000000000000000e+00 0.000000000000000000e+00 0.000000000000000000e+00 0.000000000000000000e+00 0.000000000000000000e+00 0.000000000000000000e+00 0.000000000000000000e+00 0.000000000000000000e+00 0.000000000000000000e+00 0.000000000000000000e+00 0.000000000000000000e+00 0.000000000000000000e+00 0.000000000000000000e+00 0.000000000000000000e+00 0.000000000000000000e+00 0.000000000000000000e+00 5.352247522034465987e+01 8.638498268843719519e-02 -4.794760163466513236e-02 6.675310039516526572e-01 3.221826229458812918e-02 7.952414488406367443e-01 4.904445189460202581e-01 -1.640287896721104866e-01 3.941642436230526902e-01 1.766354284999447632e-01 6.621111190877910779e-01 6.573959304408352189e-01 5.295200550493270875e-01 6.300438268050169155e-01 5.716346341811469056e-01 -8.992159815814362855e-02 3.874350948486039448e-01 5.302764197590230655e-01 -6.367243855215698467e-03 3.456344562501181827e-02 1.932954840803649543e-02 7.134393947866281005e-01 7.268364667478518504e-01 -1.672236261736403939e-02 2.087670017760624441e-01 -1.872056731202678681e-02 5.411022270957689395e-01 5.890449659166853147e-01 4.289230565977777410e-01 1.292762460070562280e-02 2.372662235479964243e-01 5.457806853329956187e-01 2.673747330166570402e-01 4.932034467420065571e-02 -5.556210501029867910e-02 3.407332967732883411e-01 8.114268262531270093e-01 1.958677425341925626e-01 6.400403093510073083e-01 7.233703502782302674e-01 3.782790151084974850e-01 -1.670905450511875057e-01 7.421917586133875977e-01 5.961579782200695510e-01 5.734931338833010317e-01 5.132372993925300442e-01 4.797806563288590231e-01
0.000000000000000000e+00 0.000000000000000000e+00 0.000000000000000000e+00 0.000000000000000000e+00 0.000000000000000000e+00 0.000000000000000000e+00 0.000000000000000000e+00 0.000000000000000000e+00 0.000000000000000000e+00 0.000000000000000000e+00 0.000000000000000000e+00 0.000000000000000000e+00 0.000000000000000000e+00 0.000000000000000000e+00 0.000000000000000000e+00 0.000000000000000000e+00 0.000000000000000000e+00 0.000000000000000000e+00 0.000000000000000000e+00 0.000000000000000000e+00 0.000000000000000000e+00 0.000000000000000000e+00 0.000000000000000000e+00 0.000000000000000000e+00 0.000000000000000000e+00 0.000000000000000000e+00 0.000000000000000000e+00 0.000000000000000000e+00 0.000000000000000000e+00 0.000000000000000000e+00 0.000000000000000000e+00 0.000000000000000000e+00 0.000000000000000000e+00 0.000000000000000000e+00 0.000000000000000000e+00 0.000000000000000000e+00 0.000000000000000000e+00 0.000000000000000000e+00 0.000000000000000000e+00 0.000000000000000000e+00 0.000000000000000000e+00 0.000000000000000000e+00 0.000000000000000000e+00 0.000000000000000000e+00 0.000000000000000000e+00 0.000000000000000000e+00 0.000000000000000000e+00 0.000000000000000000e+00 0.000000000000000000e+00 0.000000000000000000e+00 0.000000000000000000e+00 0.000000000000000000e+00 0.000000000000000000e+00 0.000000000000000000e+00 4.912399705296312646e+01 2.690306267135292306e-01 6.503734402110672441e-01 1.751630137511574481e-01 6.094885667567810916e-01 -4.190664122850110140e-02 -7.573504618198004246e-02 5.413148625907096001e-01 4.547890587093442738e-01 4.442348145310702767e-01 6.594529136821720705e-01 6.380309630820895084e-01 5.924428498182277014e-01 -1.669306535691674476e-01 1.833648831712487992e-01 2.768164664061736335e-01 -2.967597590379339456e-02 1.034013189006273981e-01 6.264728752169845816e-01 6.991851922614644721e-01 1.474460931591053958e-01 6.411695621168523873e-01 2.488600575039412455e-02 2.054158409477339353e-01 5.148277904523534954e-01 7.236104643450586016e-01 9.783292955896583099e-03 6.023801024978095997e-01 -8.349515550585673296e-02 -9.082437087535499831e-02 4.407579693397917220e-03 6.461127242296287321e-01 -5.741296900567305350e-02 1.093756088053068065e-01 -1.108161187017513705e-01 5.098633404636908617e-01 -1.819178913316480684e-01 6.193623124497631416e-01 4.236071763243184907e-01 8.012240294918018257e-01 1.841885039330816987e-01 1.921995279056612493e-02 2.058400349762210813e-01 -9.865283206209705946e-02 3.462495731238623420e-01 4.058299355773940520e-01
0.000000000000000000e+00 0.000000000000000000e+00 0.000000000000000000e+00 0.000000000000000000e+00 0.000000000000000000e+00 0.000000000000000000e+00 0.000000000000000000e+00 0.000000000000000000e+00 0.000000000000000000e+00 0.000000000000000000e+00 0.000000000000000000e+00 0.000000000000000000e+00 0.000000000000000000e+00 0.000000000000000000e+00 0.000000000000000000e+00 0.000000000000000000e+00 0.000000000000000000e+00 0.000000000000000000e+00 0.000000000000000000e+00 0.000000000000000000e+00 0.000000000000000000e+00 0.000000000000000000e+00 0.000000000000000000e+00 0.000000000000000000e+00 0.000000000000000000e+00 0.000000000000000000e+00 0.000000000000000000e+00 0.000000000000000000e+00 0.000000000000000000e+00 0.000000000000000000e+00 0.000000000000000000e+00 0.000000000000000000e+00 0.000000000000000000e+00 0.000000000000000000e+00 0.000000000000000000e+00 0.000000000000000000e+00 0.000000000000000000e+00 0.000000000000000000e+00 0.000000000000000000e+00 0.000000000000000000e+00 0.000000000000000000e+00 0.000000000000000000e+00 0.000000000000000000e+00 0.000000000000000000e+00 0.000000000000000000e+00 0.000000000000000000e+00 0.000000000000000000e+00 0.000000000000000000e+00 0.000000000000000000e+00 0.000000000000000000e+00 0.000000000000000000e+00 0.000000000000000000e+00 0.000000000000000000e+00 0.000000000000000000e+00 0.000000000000000000e+00 5.095566294341735869e+01 2.817368970491969105e-01 3.858910323266154241e-02 7.549567528468563715e-01 -3.723765478746107749e-02 -9.232142925872130479e-02 -1.475348879334573426e-01 5.354491670979331097e-01 -2.596791347502405700e-02 3.271577246683552431e-01 7.063900128001325829e-01 4.891636162853341130e-01 1.349323656300645824e-01 3.216826109824574842e-02 -1.944364940877138515e-02 1.041531458759067941e-01 2.850265864035035346e-01 3.707638130485816919e-01 3.733407824596049474e-02 1.585659774810810607e-01 -1.544506240429869004e-01 7.961889929199912341e-01 1.737027068626212922e-01 8.330706143157098897e-02 1.241261277977833144e-01 3.595512002059433332e-01 4.232230274702431516e-01 4.346242471127657048e-01 6.405686653454274460e-01 5.614448059008930736e-02 1.456182857593094904e-01 5.415182270966976130e-01 7.602359243186431748e-01 3.297774545129765755e-01 6.896521190975801741e-02 -1.692203747716231610e-01 2.496042763636296957e-03 3.730586128535876567e-01 -3.508570937411131796e-02 1.797659811745556113e-01 7.240688377297319622e-01 9.106386385744422163e-02 1.316632175217058442e-01 6.249653247003761347e-01 2.800906606295583412e-01
0.000000000000000000e+00 0.000000000000000000e+00 0.000000000000000000e+00 0.000000000000000000e+00 0.000000000000000000e+00 0.000000000000000000e+00 0.000000000000000000e+00 0.000000000000000000e+00 0.000000000000000000e+00 0.000000000000000000e+00 0.000000000000000000e+00 0.000000000000000000e+00 0.000000000000000000e+00 0.000000000000000000e+00 0.000000000000000000e+00 0.000000000000000000e+00 0.000000000000000000e+00 0.000000000000000000e+00 0.000000000000000000e+00 0.000000000000000000e+00 0.000000000000000000e+00 0.000000000000000000e+00 0.000000000000000000e+00 0.000000000000000000e+00 0.000000000000000000e+00 0.000000000000000000e+00 0.000000000000000000e+00 0.000000000000000000e+00 0.000000000000000000e+00 0.000000000000000000e+00 0.000000000000000000e+00 0.000000000000000000e+00 0.000000000000000000e+00 0.000000000000000000e+00 0.000000000000000000e+00 0.000000000000000000e+00 0.000000000000000000e+00 0.000000000000000000e+00 0.000000000000000000e+00 0.000000000000000000e+00 0.000000000000000000e+00 0.000000000000000000e+00 0.000000000000000000e+00 0.000000000000000000e+00 0.000000000000000000e+00 0.000000000000000000e+00 0.000000000000000000e+00 0.000000000000000000e+00 0.000000000000000000e+00 0.000000000000000000e+00 0.000000000000000000e+00 0.000000000000000000e+00 0.000000000000000000e+00 0.000000000000000000e+00 0.000000000000000000e+00 0.000000000000000000e+00 4.966535019335723433e+01 7.343330374022076779e-01 1.679641981657252481e-01 6.037266226283994897e-01 2.512957877801945128e-01 1.210757194228818667e-01 2.841105470599585292e-01 5.524436860407659911e-01 2.641111173161841408e-01 3.468404405311856786e-01 3.582745098778313819e-01 2.476767559889025694e-01 1.233288292831523081e-01 2.570973498471956775e-01 7.106467915447911565e-01 5.560274992019698104e-01 2.447461418625243579e-01 8.466377532561408792e-01 -9.057174440339782473e-02 4.002344547384065199e-01 2.893962435478868445e-01 9.461531919707361071e-02 -9.112530409606720005e-02 2.386054999815305222e-01 8.116852671408076869e-01 6.342736399834947303e-01 7.909029133848813897e-01 -1.577555712974440805e-01 4.037825334597352489e-01 -8.633628008843677315e-02 7.373354787544833533e-01 -1.190801504235347308e-01 1.812725619095151564e-01 2.518918773508840858e-01 8.175058457150742308e-01 -3.844064175527289740e-02 1.059074220998276472e-01 4.061729692622748633e-01 5.015399324265580328e-01 6.614806734601481608e-01 1.285930476064556238e-02 -3.330225694518865187e-02 2.339898904422949566e-01 8.659161076802043833e-02
0.000000000000000000e+00 0.000000000000000000e+00 0.000000000000000000e+00 0.000000000000000000e+00 0.000000000000000000e+00 0.000000000000000000e+00 0.000000000000000000e+00 0.000000000000000000e+00 0.000000000000000000e+00 0.000000000000000000e+00 0.000000000000000000e+00 0.000000000000000000e+00 0.000000000000000000e+00 0.000000000000000000e+00 0.000000000000000000e+00 0.000000000000000000e+00 0.000000000000000000e+00 0.000000000000000000e+00 0.000000000000000000e+00 0.000000000000000000e+00 0.000000000000000000e+00 0.000000000000000000e+00 0.000000000000000000e+00 0.000000000000000000e+00 0.000000000000000000e+00 0.000000000000000000e+00 0.000000000000000000e+00 0.000000000000000000e+00 0.000000000000000000e+00 0.000000000000000000e+00 0.000000000000000000e+00 0.000000000000000000e+00 0.000000000000000000e+00 0.000000000000000000e+00 0.000000000000000000e+00 0.000000000000000000e+00 0.000000000000000000e+00 0.000000000000000000e+00 0.000000000000000000e+00 0.000000000000000000e+00 0.000000000000000000e+00 0.000000000000000000e+00 0.000000000000000000e+00 0.000000000000000000e+00 0.000000000000000000e+00 0.000000000000000000e+00 0.000000000000000000e+00 0.000000000000000000e+00 0.000000000000000000e+00 0.000000000000000000e+00 0.000000000000000000e+00 0.000000000000000000e+00 0.000000000000000000e+00 0.000000000000000000e+00 0.000000000000000000e+00 0.000000000000000000e+00 0.000000000000000000e+00 4.868402610911312678e+01 1.980925461091892215e-01 3.619212264431584392e-01 -6.416567547856213971e-02 4.675311502744205483e-01 7.328749351089896003e-01 3.620687252138726775e-01 2.140422132357022722e-02 6.168908606164366093e-01 5.455836337333396235e-01 3.358371506098959958e-01 -9.264796014044848760e-02 5.015315081731960278e-01 3.761858632769976563e-01 1.118100684361593988e-01 -1.658218208261412474e-01 3.998713099560274875e-01 1.155392142718144888e-01 6.749168994970037305e-01 6.370280312932987687e-01 6.676550896547148728e-01 -1.790238355118940472e-01 -5.888622135827786819e-02 -2.710667790057805226e-02 -1.020327260498428423e-01 -9.598969761768302855e-02 9.881375779611206722e-02 6.594817401396168011e-01 5.097855292488024936e-01 -4.187759425996212537e-02 7.874937794186840367e-01 1.642612020228362002e-01 4.173646690423745143e-01 5.977135028755450330e-01 5.704852583006834177e-01 5.633302334740539763e-01 2.118605554400342095e-01 4.619456421896506182e-01 -1.129003416905588197e-01 -8.535741620591799639e-02 5.794852733374049603e-01 1.128049188928942348e-01 5.498594623018748795e-01
0.000000000000000000e+00 0.000000000000000000e+00 0.000000000000000000e+00 0.000000000000000000e+00 0.000000000000000000e+00 0.000000000000000000e+00 0.000000000000000000e+00 0.000000000000000000e+00 0.000000000000000000e+00 0.000000000000000000e+00 0.000000000000000000e+00 0.000000000000000000e+00 0.000000000000000000e+00 0.000000000000000000e+00 0.000000000000000000e+00 0.000000000000000000e+00 0.000000000000000000e+00 0.000000000000000000e+00 0.000000000000000000e+00 0.000000000000000000e+00 0.000000000000000000e+00 0.000000000000000000e+00 0.000000000000000000e+00 0.000000000000000000e+00 0.000000000000000000e+00 0.000000000000000000e+00 0.000000000000000000e+00 0.000000000000000000e+00 0.000000000000000000e+00 0.000000000000000000e+00 0.000000000000000000e+00 0.000000000000000000e+00 0.000000000000000000e+00 0.000000000000000000e+00 0.000000000000000000e+00 0.000000000000000000e+00 0.000000000000000000e+00 0.000000000000000000e+00 0.000000000000000000e+00 0.000000000000000000e+00 0.000000000000000000e+00 0.000000000000000000e+00 0.000000000000000000e+00 0.000000000000000000e+00 0.000000000000000000e+00 0.000000000000000000e+00 0.000000000000000000e+00 0.000000000000000000e+00 0.000000000000000000e+00 0.000000000000000000e+00 0.000000000000000000e+00 0.000000000000000000e+00 0.000000000000000000e+00 0.000000000000000000e+00 0.000000000000000000e+00 0.000000000000000000e+00 0.000000000000000000e+00 0.000000000000000000e+00 4.868920212980214046e+01 4.851751007005840055e-01 -1.378029400359528922e-01 5.499567355133144764e-01 2.682284835778659393e-01 2.523665885640807849e-01 -8.272772555859758681e-02 -1.396540082452239484e-01 7.133980568856126969e-02 2.748742170400125251e-01 3.142831187863150411e-01 3.473436881916647789e-01 4.454548801977895600e-01 3.963361160840436215e-01 4.965230544574520399e-01 1.646678151322853445e-01 5.115212846742150932e-01 -5.394103249758930296e-02 2.575624417744799555e-01 5.989157354257776955e-01 7.861009088220163865e-02 7.815363691719010020e-02 8.450535020176672130e-02 4.659477635064567802e-01 4.637484322888466015e-01 5.134953513594087138e-01 2.330718351812646194e-01 5.322106145852544268e-01 6.323569077259654225e-01 5.215993731808465927e-01 3.659020251301506321e-02 8.443240963462903537e-01 -1.178106073827858147e-01 5.769739806105377289e-01 3.521194542448220499e-01 4.175021460535451867e-01 1.354374334896839005e-01 4.420465025601607589e-01 4.485873617778228795e-01 -9.802070786589933693e-02 6.537554716562137269e-01 6.767423842316555582e-01
0.000000000000000000e+00 0.000000000000000000e+00 0.000000000000000000e+00 0.000000000000000000e+00 0.000000000000000000e+00 0.000000000000000000e+00 0.000000000000000000e+00 0.000000000000000000e+00 0.000000000000000000e+00 0.000000000000000000e+00 0.000000000000000000e+00 0.000000000000000000e+00 0.000000000000000000e+00 0.000000000000000000e+00 0.000000000000000000e+00 0.000000000000000000e+00 0.000000000000000000e+00 0.000000000000000000e+00 0.000000000000000000e+00 0.000000000000000000e+00 0.000000000000000000e+00 0.000000000000000000e+00 0.000000000000000000e+00 0.000000000000000000e+00 0.000000000000000000e+00 0.000000000000000000e+00 0.000000000000000000e+00 0.000000000000000000e+00 0.000000000000000000e+00 0.000000000000000000e+00 0.000000000000000000e+00 0.000000000000000000e+00 0.000000000000000000e+00 0.000000000000000000e+00 0.000000000000000000e+00 0.000000000000000000e+00 0.000000000000000000e+00 0.000000000000000000e+00 0.000000000000000000e+00 0.000000000000000000e+00 0.000000000000000000e+00 0.000000000000000000e+00 0.000000000000000000e+00 0.000000000000000000e+00 0.000000000000000000e+00 0.000000000000000000e+00 0.000000000000000000e+00 0.000000000000000000e+00 0.000000000000000000e+00 0.000000000000000000e+00 0.000000000000000000e+00 0.000000000000000000e+00 0.000000000000000000e+00 0.000000000000000000e+00 0.000000000000000000e+00 0.000000000000000000e+00 0.000000000000000000e+00 0.000000000000000000e+00 0.000000000000000000e+00 4.902312654237022116e+01 7.303758370917603493e-01 6.185994910980145978e-01 6.248389738946482641e-01 4.486569826462485366e-01 2.714184122349803108e-01 2.892153776180475533e-01 6.611236787477783872e-02 3.609179158617256133e-01 2.678948990678358122e-01 7.865343247084253253e-01 8.317700850170448579e-01 5.654632411496669508e-01 3.318528558524899141e-01 -3.846303433960493456e-02 1.766133084426158018e-01 5.863131747308078512e-02 2.078907136986940518e-01 1.825291392158506498e-01 3.455473318291221729e-01 -7.750500864928458467e-02 3.488320241345986839e-01 3.387687140584353385e-01 -3.659416744037927161e-02 6.066670195673999899e-01 6.959335970431732021e-02 2.304118455457165593e-01 -4.318176404987938977e-02 -1.306177143432564747e-01 4.588147723645794596e-01 5.069126096479280585e-01 6.538574041080296162e-01 7.636791057386751458e-01 -1.803086063551223861e-01 9.472917466615732307e-02 2.046029680772973314e-02 8.194763079644747927e-01 -2.215902922443629963e-02 7.554185339276250355e-01 5.602184621681247645e-01 3.527204777940219915e-01
0.000000000000000000e+00 0.000000000000000000e+00 0.000000000000000000e+00 0.000000000000000000e+00 0.000000000000000000e+00 0.000000000000000000e+00 0.000000000000000000e+00 0.000000000000000000e+00 0.000000000000000000e+00 0.000000000000000000e+00 0.000000000000000000e+00 0.000000000000000000e+00 0.000000000000000000e+00 0.000000000000000000e+00 0.000000000000000000e+00 0.000000000000000000e+00 0.000000000000000000e+00 0.000000000000000000e+00 0.000000000000000000e+00 0.000000000000000000e+00 0.000000000000000000e+00 0.000000000000000000e+00 0.000000000000000000e+00 0.000000000000000000e+00 0.000000000000000000e+00 0.000000000000000000e+00 0.000000000000000000e+00 0.000000000000000000e+00 0.000000000000000000e+00 0.000000000000000000e+00 0.000000000000000000e+00 0.000000000000000000e+00 0.000000000000000000e+00 0.000000000000000000e+00 0.000000000000000000e+00 0.000000000000000000e+00 0.000000000000000000e+00 0.000000000000000000e+00 0.000000000000000000e+00 0.000000000000000000e+00 0.000000000000000000e+00 0.000000000000000000e+00 0.000000000000000000e+00 0.000000000000000000e+00 0.000000000000000000e+00 0.000000000000000000e+00 0.000000000000000000e+00 0.000000000000000000e+00 0.000000000000000000e+00 0.000000000000000000e+00 0.000000000000000000e+00 0.000000000000000000e+00 0.000000000000000000e+00 0.000000000000000000e+00 0.000000000000000000e+00 0.000000000000000000e+00 0.000000000000000000e+00 0.000000000000000000e+00 0.000000000000000000e+00 0.000000000000000000e+00 4.799156310600526609e+01 4.590056917908182932e-01 -5.177476061272912045e-02 4.869625791295069672e-01 1.262129800659290424e-01 6.356043605824516218e-01 9.344663886171583611e-02 6.048877985716293315e-01 -1.775970003874490777e-01 5.501690449150548057e-01 1.105673166384190109e-01 4.259693725496807026e-01 4.244852517631329536e-01 -1.379312299235290473e-01 -1.402223613601575880e-01 5.253878087787025586e-02 3.424190917721572358e-01 6.419636552522324235e-01 4.894437400602471566e-01 4.441542616291864753e-01 -9.555193367364830936e-02 1.485694039780743880e-01 -9.162660220482388151e-02 5.696104705097914112e-01 1.850976643827718648e-01 5.407582929652177128e-02 4.494565546049720250e-01 -6.519235763087569135e-02 2.106290616215782119e-01 1.204389473157664869e-01 6.007988316920334082e-01 1.598976979576174073e-01 -1.922807426436202727e-01 1.497125862969987953e-01 -7.282441496280062099e-02 1.376878329527261857e-01 2.768344042240160618e-01 5.408573208459779291e-01 -5.955704704349668033e-03 3.715132064060563954e-01
0.000000000000000000e+00 0.000000000000000000e+00 0.000000000000000000e+00 0.000000000000000000e+00 0.000000000000000000e+00 0.000000000000000000e+00 0.000000000000000000e+00 0.000000000000000000e+00 0.000000000000000000e+00 0.000000000000000000e+00 0.000000000000000000e+00 0.000000000000000000e+00 0.000000000000000000e+00 0.000000000000000000e+00 0.000000000000000000e+00 0.000000000000000000e+00 0.000000000000000000e+00 0.000000000000000000e+00 0.000000000000000000e+00 0.000000000000000000e+00 0.000000000000000000e+00 0.000000000000000000e+00 0.000000000000000000e+00 0.000000000000000000e+00 0.000000000000000000e+00 0.000000000000000000e+00 0.000000000000000000e+00 0.000000000000000000e+00 0.000000000000000000e+00 0.000000000000000000e+00 0.000000000000000000e+00 0.000000000000000000e+00 0.000000000000000000e+00 0.000000000000000000e+00 0.000000000000000000e+00 0.000000000000000000e+00 0.000000000000000000e+00 0.000000000000000000e+00 0.000000000000000000e+00 0.000000000000000000e+00 0.000000000000000000e+00 0.000000000000000000e+00 0.000000000000000000e+00 0.000000000000000000e+00 0.000000000000000000e+00 0.000000000000000000e+00 0.000000000000000000e+00 0.000000000000000000e+00 0.000000000000000000e+00 0.000000000000000000e+00 0.000000000000000000e+00 0.000000000000000000e+00 0.000000000000000000e+00 0.000000000000000000e+00 0.000000000000000000e+00 0.000000000000000000e+00 0.000000000000000000e+00 0.000000000000000000e+00 0.000000000000000000e+00 0.000000000000000000e+00 0.000000000000000000e+00 4.682519572141190878e+01 4.084387953680193029e-01 8.252228514849824226e-02 6.109214934825752952e-01 4.585983941059732505e-01 4.369222390869607064e-01 2.950198257549881964e-01 3.788580711960028435e-01 7.658671927168498872e-01 -1.066309892822284167e-02 8.117767163133076114e-01 -1.252546945833676595e-01 3.220182001322660637e-02 7.118508671558082535e-02 8.388555300983724372e-02 3.582708465948700183e-02 -7.652885819108973253e-02 -4.256422105402804523e-02 -1.731087231387166692e-01 2.560418169753509998e-01 4.044666793150640816e-01 6.790105028020591016e-01 -6.661660441155517476e-02 4.501824984876684477e-01 5.549855953485988147e-01 -9.543092504683997612e-02 -9.089560378711672439e-02 6.586666902153548442e-01 1.626803930801688225e-01 4.264746668766963289e-01 3.669261735517527212e-01 7.850950122330596637e-02 5.147421547526014329e-01 5.250678137549535940e-01 1.641499835943204533e-01 7.853412338000547166e-01 2.420032234787490022e-01 7.096711097583646710e-01 3.278095268856658917e-01
0.000000000000000000e+00 0.000000000000000000e+00 0.000000000000000000e+00 0.000000000000000000e+00 0.000000000000000000e+00 0.000000000000000000e+00 0.000000000000000000e+00 0.000000000000000000e+00 0.000000000000000000e+00 0.000000000000000000e+00 0.000000000000000000e+00 0.000000000000000000e+00 0.000000000000000000e+00 0.000000000000000000e+00 0.000000000000000000e+00 0.000000000000000000e+00 0.000000000000000000e+00 0.000000000000000000e+00 0.000000000000000000e+00 0.000000000000000000e+00 0.000000000000000000e+00 0.000000000000000000e+00 0.000000000000000000e+00 0.000000000000000000e+00 0.000000000000000000e+00 0.000000000000000000e+00 0.000000000000000000e+00 0.000000000000000000e+00 0.000000000000000000e+00 0.000000000000000000e+00 0.000000000000000000e+00 0.000000000000000000e+00 0.000000000000000000e+00 0.000000000000000000e+00 0.000000000000000000e+00 0.000000000000000000e+00 0.000000000000000000e+00 0.000000000000000000e+00 0.000000000000000000e+00 0.000000000000000000e+00 0.000000000000000000e+00 0.000000000000000000e+00 0.000000000000000000e+00 0.000000000000000000e+00 0.000000000000000000e+00 0.000000000000000000e+00 0.000000000000000000e+00 0.000000000000000000e+00 0.000000000000000000e+00 0.000000000000000000e+00 0.000000000000000000e+00 0.000000000000000000e+00 0.000000000000000000e+00 0.000000000000000000e+00 0.000000000000000000e+00 0.000000000000000000e+00 0.000000000000000000e+00 0.000000000000000000e+00 0.000000000000000000e+00 0.000000000000000000e+00 0.000000000000000000e+00 0.000000000000000000e+00 5.492377745107199161e+01 4.773179065472303861e-01 7.998301047869675884e-01 7.580891716837255823e-01 3.106263959323577462e-01 4.201661735645910167e-01 4.175073173759789036e-01 -9.465212109056536649e-02 6.868888029313835464e-01 4.555734072855354699e-01 1.734255878507150461e-01 6.019853800088552642e-01 -1.491333325909039720e-01 1.637507313687641686e-01 6.965620350041509257e-01 -2.214776272283172642e-01 4.871313631615250550e-01 1.159995735632776970e-01 6.136424272933609370e-01 3.602988065258427852e-01 6.606126927706321705e-01 7.730370286566010662e-01 7.479731568863642321e-01 -1.532453056269502123e-01 1.554203309052176740e-03 4.016855552375497851e-02 5.574085996765307804e-01 3.313179787749003791e-01 5.390195338767148625e-01 3.990964307749013118e-01 -4.503707181009508620e-03 3.477675563552327098e-01 6.021281990285791696e-01 5.762436638675894063e-01 7.154709883736631859e-01 1.648659301685579115e-01 6.552731389860164124e-02 7.063409153325745926e-01
0.000000000000000000e+00 0.000000000000000000e+00 0.000000000000000000e+00 0.000000000000000000e+00 0.000000000000000000e+00 0.000000000000000000e+00 0.000000000000000000e+00 0.000000000000000000e+00 0.000000000000000000e+00 0.000000000000000000e+00 0.000000000000000000e+00 0.000000000000000000e+00 0.000000000000000000e+00 0.000000000000000000e+00 0.000000000000000000e+00 0.000000000000000000e+00 0.000000000000000000e+00 0.000000000000000000e+00 0.000000000000000000e+00 0.000000000000000000e+00 0.000000000000000000e+00 0.000000000000000000e+00 0.000000000000000000e+00 0.000000000000000000e+00 0.000000000000000000e+00 0.000000000000000000e+00 0.000000000000000000e+00 0.000000000000000000e+00 0.000000000000000000e+00 0.000000000000000000e+00 0.000000000000000000e+00 0.000000000000000000e+00 0.000000000000000000e+00 0.000000000000000000e+00 0.000000000000000000e+00 0.000000000000000000e+00 0.000000000000000000e+00 0.000000000000000000e+00 0.000000000000000000e+00 0.000000000000000000e+00 0.000000000000000000e+00 0.000000000000000000e+00 0.000000000000000000e+00 0.000000000000000000e+00 0.000000000000000000e+00 0.000000000000000000e+00 0.000000000000000000e+00 0.000000000000000000e+00 0.000000000000000000e+00 0.000000000000000000e+00 0.000000000000000000e+00 0.000000000000000000e+00 0.000000000000000000e+00 0.000000000000000000e+00 0.000000000000000000e+00 0.000000000000000000e+00 0.000000000000000000e+00 0.000000000000000000e+00 0.000000000000000000e+00 0.000000000000000000e+00 0.000000000000000000e+00 0.000000000000000000e+00 0.000000000000000000e+00 4.829288731337881302e+01 2.343014592319216660e-01 -2.159931950279496971e-01 7.422745509115066809e-02 -8.456240947987686551e-02 4.889369181036312129e-01 -1.766064160618461831e-01 6.519696741214172642e-01 8.651565943578579110e-02 5.719248923403172924e-01 1.296508301433756949e-01 6.117963455489322522e-01 4.406579392001308548e-01 5.136874717762984766e-02 4.147263195253550472e-01 5.504664724924190899e-01 2.058431196471935676e-01 1.854918273869155254e-01 9.814449791927987166e-02 7.654013888030473112e-01 6.851526863153086788e-01 4.541744114360133366e-01 -1.629598420227840461e-01 4.258094912816537403e-02 4.923751774184289554e-01 3.164400807385322478e-01 7.547892326091345527e-01 4.189223472461763853e-01 -8.744191782420862591e-02 2.794431573060182639e-01 1.540354103270883679e-01 -7.812919602654400109e-04 2.081722439685702586e-01 5.774394620716680748e-01 2.066999113656653453e-02 -2.668599896051720988e-02 4.183301687615569309e-01
0.000000000000000000e+00 0.000000000000000000e+00 0.000000000000000000e+00 0.000000000000000000e+00 0.000000000000000000e+00 0.000000000000000000e+00 0.000000000000000000e+00 0.000000000000000000e+00 0.000000000000000000e+00 0.000000000000000000e+00 0.000000000000000000e+00 0.000000000000000000e+00 0.000000000000000000e+00 0.000000000000000000e+00 0.000000000000000000e+00 0.000000000000000000e+00 0.000000000000000000e+00 0.000000000000000000e+00 0.000000000000000000e+00 0.000000000000000000e+00 0.000000000000000000e+00 0.000000000000000000e+00 0.000000000000000000e+00 0.000000000000000000e+00 0.000000000000000000e+00 0.000000000000000000e+00 0.000000000000000000e+00 0.000000000000000000e+00 0.000000000000000000e+00 0.000000000000000000e+00 0.000000000000000000e+00 0.000000000000000000e+00 0.000000000000000000e+00 0.000000000000000000e+00 0.000000000000000000e+00 0.000000000000000000e+00 0.000000000000000000e+00 0.000000000000000000e+00 0.000000000000000000e+00 0.000000000000000000e+00 0.000000000000000000e+00 0.000000000000000000e+00 0.000000000000000000e+00 0.000000000000000000e+00 0.000000000000000000e+00 0.000000000000000000e+00 0.000000000000000000e+00 0.000000000000000000e+00 0.000000000000000000e+00 0.000000000000000000e+00 0.000000000000000000e+00 0.000000000000000000e+00 0.000000000000000000e+00 0.000000000000000000e+00 0.000000000000000000e+00 0.000000000000000000e+00 0.000000000000000000e+00 0.000000000000000000e+00 0.000000000000000000e+00 0.000000000000000000e+00 0.000000000000000000e+00 0.000000000000000000e+00 0.000000000000000000e+00 0.000000000000000000e+00 5.261166100003467250e+01 -1.721402234880697879e-01 5.353557829578670102e-01 -1.256913281294650409e-01 -1.969430688106149629e-03 3.185113088228416212e-01 -9.914272560238138188e-02 5.848708727700659971e-01 -3.565738860748798866e-02 5.059484990821707662e-01 7.426024718762349597e-01 6.344534454926163969e-01 1.857853348464169052e-01 3.488203457952531172e-01 4.841832259858073195e-01 7.592939866565857621e-01 -4.619624206676059552e-02 7.346850690742137147e-01 7.445637471523715023e-01 6.331622660947563430e-01 6.110927223087031512e-01 2.120581943269697900e-01 -6.398722893520802923e-02 3.874387843667205233e-01 6.482188241479744928e-01 6.784927200059178709e-01 -6.945062262841214529e-02 8.079858237585978431e-01 -1.870699146363331011e-01 8.117495854414299994e-02 -1.508062799181372760e-02 2.017975550544158780e-01 1.909053976434437194e-01 -5.228040014707804883e-02 2.761619883460759706e-01 8.046203503804592039e-01
0.000000000000000000e+00 0.000000000000000000e+00 0.000000000000000000e+00 0.000000000000000000e+00 0.000000000000000000e+00 0.000000000000000000e+00 0.000000000000000000e+00 0.000000000000000000e+00 0.000000000000000000e+00 0.000000000000000000e+00 0.000000000000000000e+00 0.000000000000000000e+00 0.000000000000000000e+00 0.000000000000000000e+00 0.000000000000000000e+00 0.000000000000000000e+00 0.000000000000000000e+00 0.000000000000000000e+00 0.000000000000000000e+00 0.000000000000000000e+00 0.000000000000000000e+00 0.000000000000000000e+00 0.000000000000000000e+00 0.000000000000000000e+00 0.000000000000000000e+00 0.000000000000000000e+00 0.000000000000000000e+00 0.000000000000000000e+00 0.000000000000000000e+00 0.000000000000000000e+00 0.000000000000000000e+00 0.000000000000000000e+00 0.000000000000000000e+00 0.000000000000000000e+00 0.000000000000000000e+00 0.000000000000000000e+00 0.000000000000000000e+00 0.000000000000000000e+00 0.000000000000000000e+00 0.000000000000000000e+00 0.000000000000000000e+00 0.000000000000000000e+00 0.000000000000000000e+00 0.000000000000000000e+00 0.000000000000000000e+00 0.000000000000000000e+00 0.000000000000000000e+00 0.000000000000000000e+00 0.000000000000000000e+00 0.000000000000000000e+00 0.000000000000000000e+00 0.000000000000000000e+00 0.000000000000000000e+00 0.000000000000000000e+00 0.000000000000000000e+00 0.000000000000000000e+00 0.000000000000000000e+00 0.000000000000000000e+00 0.000000000000000000e+00 0.000000000000000000e+00 0.000000000000000000e+00 0.000000000000000000e+00 0.000000000000000000e+00 0.000000000000000000e+00 0.000000000000000000e+00 5.243723404240571995e+01 7.586780884894032129e-01 6.649601011078130064e-01 6.654098541004219158e-02 2.308425794769503048e-03 -2.219250367475439356e-02 4.759007228452856175e-01 2.367972252270574285e-01 7.672516070988402159e-01 -1.810830314155016108e-01 -3.049761478276938331e-02 9.286125042215290226e-02 4.045877344057638436e-01 6.362704897802994308e-01 5.200272145849202943e-01 5.040453624936935828e-01 3.179947434098737147e-01 -1.156575434121114854e-01 7.602453524494601211e-01 3.931255406507373484e-01 4.264015428416414455e-01 6.140188735341162163e-01 -1.383545373426502689e-01 4.717251737499847941e-01 6.274509302120143683e-01 4.613112474232706761e-01 -5.269102422236784933e-02 4.011666239054717531e-01 3.988211916090426690e-01 -8.811086979326529511e-02 2.920798160928916309e-01 -8.152350761868840112e-02 6.299613158470975804e-01 5.651016727834079489e-01 -3.886383995717668238e-03
0.000000000000000000e+00 0.000000000000000000e+00 0.000000000000000000e+00 0.000000000000000000e+00 0.000000000000000000e+00 0.000000000000000000e+00 0.000000000000000000e+00 0.000000000000000000e+00 0.000000000000000000e+00 0.000000000000000000e+00 0.000000000000000000e+00 0.000000000000000000e+00 0.000000000000000000e+00 0.000000000000000000e+00 0.000000000000000000e+00 0.000000000000000000e+00 0.000000000000000000e+00 0.000000000000000000e+00 0.000000000000000000e+00 0.000000000000000000e+00 0.000000000000000000e+00 0.000000000000000000e+00 0.000000000000000000e+00 0.000000000000000000e+00 0.000000000000000000e+00 0.000000000000000000e+00 0.000000000000000000e+00 0.000000000000000000e+00 0.000000000000000000e+00 0.000000000000000000e+00 0.000000000000000000e+00 0.000000000000000000e+00 0.000000000000000000e+00 0.000000000000000000e+00 0.000000000000000000e+00 0.000000000000000000e+00 0.000000000000000000e+00 0.000000000000000000e+00 0.000000000000000000e+00 0.000000000000000000e+00 0.000000000000000000e+00 0.000000000000000000e+00 0.000000000000000000e+00 0.000000000000000000e+00 0.000000000000000000e+00 0.000000000000000000e+00 0.000000000000000000e+00 0.000000000000000000e+00 0.000000000000000000e+00 0.000000000000000000e+00 0.000000000000000000e+00 0.000000000000000000e+00 0.000000000000000000e+00 0.000000000000000000e+00 0.000000000000000000e+00 0.000000000000000000e+00 0.000000000000000000e+00 0.000000000000000000e+00 0.000000000000000000e+00 0.000000000000000000e+00 0.000000000000000000e+00 0.000000000000000000e+00 0.000000000000000000e+00 0.000000000000000000e+00 0.000000000000000000e+00 0.000000000000000000e+00 4.939019253439774815e+01 1.436492015723872528e-02 5.933988399942199399e-01 6.194304204514254897e-01 1.839391782556714094e-01 3.521537448144242965e-01 -1.349810088719823331e-01 -9.093745375632958372e-02 5.174868878953901019e-01 -1.882995589815421589e-01 4.655503392436404209e-01 5.887103963521838068e-01 1.888181541562626020e-01 6.952862967062934940e-01 2.388252263172030154e-01 6.995714872846561794e-02 4.977818167045907627e-01 4.867219503896919042e-01 8.321062095028725070e-01 5.089005665563601788e-01 6.611349963995135637e-01 8.069709763766608202e-01 4.135371823841844097e-01 2.995380568957558554e-01 5.838519056964590614e-01 6.714749479028053747e-02 5.694648561595374581e-01 1.027236087243538210e-01 -1.020948701800925007e-01 4.626419236447258942e-01 3.987922556664021956e-01 3.651658234836134831e-01 1.020823048930086241e-01 -1.522682416367946712e-01
0.000000000000000000e+00 0.000000000000000000e+00 0.000000000000000000e+00 0.000000000000000000e+00 0.000000000000000000e+00 0.000000000000000000e+00 0.000000000000000000e+00 0.000000000000000000e+00 0.000000000000000000e+00 0.000000000000000000e+00 0.000000000000000000e+00 0.000000000000000000e+00 0.000000000000000000e+00 0.000000000000000000e+00 0.000000000000000000e+00 0.000000000000000000e+00 0.000000000000000000e+00 0.000000000000000000e+00 0.000000000000000000e+00 0.000000000000000000e+00 0.000000000000000000e+00 0.000000000000000000e+00 0.000000000000000000e+00 0.000000000000000000e+00 0.000000000000000000e+00 0.000000000000000000e+00 0.000000000000000000e+00 0.000000000000000000e+00 0.000000000000000000e+00 0.000000000000000000e+00 0.000000000000000000e+00 0.000000000000000000e+00 0.000000000000000000e+00 0.000000000000000000e+00 0.000000000000000000e+00 0.000000000000000000e+00 0.000000000000000000e+00 0.000000000000000000e+00 0.000000000000000000e+00 0.000000000000000000e+00 0.000000000000000000e+00 0.000000000000000000e+00 0.000000000000000000e+00 0.000000000000000000e+00 0.000000000000000000e+00 0.000000000000000000e+00 0.000000000000000000e+00 0.000000000000000000e+00 0.000000000000000000e+00 0.000000000000000000e+00 0.000000000000000000e+00 0.000000000000000000e+00 0.000000000000000000e+00 0.000000000000000000e+00 0.000000000000000000e+00 0.000000000000000000e+00 0.000000000000000000e+00 0.000000000000000000e+00 0.000000000000000000e+00 0.000000000000000000e+00 0.000000000000000000e+00 0.000000000000000000e+00 0.000000000000000000e+00 0.000000000000000000e+00 0.000000000000000000e+00 0.000000000000000000e+00 0.000000000000000000e+00 4.798890845616161727e+01 9.917384931317863028e-02 5.205112802277337414e-01 3.021404594562032697e-01 7.670397324091924318e-01 5.252205098182191056e-01 1.869343034069625986e-01 3.233727322387796033e-01 6.307400539044186183e-02 2.353365901891644740e-01 5.335447385517941843e-01 5.538280911569591902e-01 7.127709412402420952e-01 5.781890491195250670e-01 5.378623222537314286e-01 5.046031272847814608e-02 1.959529104362803253e-02 7.044429419581298424e-01 6.287576028264835193e-01 5.518801150608250161e-01 1.848111141781493549e-01 7.392017875978421082e-02 -1.534717945839196296e-01 2.245041330034001636e-01 6.306629345701713074e-01 -3.155923057074722093e-02 7.863012704344725101e-01 1.288638686729291216e-01 6.734696066541474568e-01 7.191524052622697560e-01 7.043447149438262223e-01 7.977753062057351130e-01 -9.846197148468963101e-02
0.000000000000000000e+00 0.000000000000000000e+00 0.000000000000000000e+00 0.000000000000000000e+00 0.000000000000000000e+00 0.000000000000000000e+00 0.000000000000000000e+00 0.000000000000000000e+00 0.000000000000000000e+00 0.000000000000000000e+00 0.000000000000000000e+00 0.000000000000000000e+00 0.000000000000000000e+00 0.000000000000000000e+00 0.000000000000000000e+00 0.000000000000000000e+00 0.000000000000000000e+00 0.000000000000000000e+00 0.000000000000000000e+00 0.000000000000000000e+00 0.000000000000000000e+00 0.000000000000000000e+00 0.000000000000000000e+00 0.000000000000000000e+00 0.000000000000000000e+00 0.000000000000000000e+00 0.000000000000000000e+00 0.000000000000000000e+00 0.000000000000000000e+00 0.000000000000000000e+00 0.000000000000000000e+00 0.000000000000000000e+00 0.000000000000000000e+00 0.000000000000000000e+00 0.000000000000000000e+00 0.000000000000000000e+00 0.000000000000000000e+00 0.000000000000000000e+00 0.000000000000000000e+00 0.000000000000000000e+00 0.000000000000000000e+00 0.000000000000000000e+00 0.000000000000000000e+00 0.000000000000000000e+00 0.000000000000000000e+00 0.000000000000000000e+00 0.000000000000000000e+00 0.000000000000000000e+00 0.000000000000000000e+00 0.000000000000000000e+00 0.000000000000000000e+00 0.000000000000000000e+00 0.000000000000000000e+00 0.000000000000000000e+00 0.000000000000000000e+00 0.000000000000000000e+00 0.000000000000000000e+00 0.000000000000000000e+00 0.000000000000000000e+00 0.000000000000000000e+00 0.000000000000000000e+00 0.000000000000000000e+00 0.000000000000000000e+00 0.000000000000000000e+00 0.000000000000000000e+00 0.000000000000000000e+00 0.000000000000000000e+00 0.000000000000000000e+00 4.902497451050191302e+01 -1.891551031789210358e-01 -7.893192950687383247e-03 3.845088641824603304e-01 2.357801112033495183e-01 7.006122136899624042e-01 5.060418341166509348e-01 5.778246696832660678e-01 3.245314253747095812e-01 2.344742051756564249e-01 9.001577956980169604e-02 -1.820843634109220455e-02 1.526075362214572850e-01 6.591334411990467101e-01 1.267311772659642233e-01 1.403878027972430276e-01 7.125278172243345587e-01 4.359741628579816286e-01 2.020641522979560456e-01 1.094905026619022448e-01 6.578411322157842189e-01 5.053095821714344016e-01 1.363826232511891057e-01 5.214732303219754561e-03 4.504218750433295337e-01 -1.991005066477813390e-03 -9.564772681555344658e-02 3.960169250587075584e-01 4.153559472023410915e-01 1.999192005158120233e-01 -1.236238092507105368e-02 2.210651658834907329e-01
0.000000000000000000e+00 0.000000000000000000e+00 0.000000000000000000e+00 0.000000000000000000e+00 0.000000000000000000e+00 0.000000000000000000e+00 0.000000000000000000e+00 0.000000000000000000e+00 0.000000000000000000e+00 0.000000000000000000e+00 0.000000000000000000e+00 0.000000000000000000e+00 0.000000000000000000e+00 0.000000000000000000e+00 0.000000000000000000e+00 0.000000000000000000e+00 0.000000000000000000e+00 0.000000000000000000e+00 0.000000000000000000e+00 0.000000000000000000e+00 0.000000000000000000e+00 0.000000000000000000e+00 0.000000000000000000e+00 0.000000000000000000e+00 0.000000000000000000e+00 0.000000000000000000e+00 0.000000000000000000e+00 0.000000000000000000e+00 0.000000000000000000e+00 0.000000000000000000e+00 0.000000000000000000e+00 0.000000000000000000e+00 0.000000000000000000e+00 0.000000000000000000e+00 0.000000000000000000e+00 0.000000000000000000e+00 0.000000000000000000e+00 0.000000000000000000e+00 0.000000000000000000e+00 0.000000000000000000e+00 0.000000000000000000e+00 0.000000000000000000e+00 0.000000000000000000e+00 0.000000000000000000e+00 0.000000000000000000e+00 0.000000000000000000e+00 0.000000000000000000e+00 0.000000000000000000e+00 0.000000000000000000e+00 0.000000000000000000e+00 0.000000000000000000e+00 0.000000000000000000e+00 0.000000000000000000e+00 0.000000000000000000e+00 0.000000000000000000e+00 0.000000000000000000e+00 0.000000000000000000e+00 0.000000000000000000e+00 0.000000000000000000e+00 0.000000000000000000e+00 0.000000000000000000e+00 0.000000000000000000e+00 0.000000000000000000e+00 0.000000000000000000e+00 0.000000000000000000e+00 0.000000000000000000e+00 0.000000000000000000e+00 0.000000000000000000e+00 0.000000000000000000e+00 4.939365268390806563e+01 -9.758554550067943811e-02 2.602423152093029657e-01 3.973045251730011884e-02 6.557511141607335059e-01 6.746943260669984177e-01 4.553576369058676132e-02 7.784445737650611541e-01 1.778215862152363602e-01 3.602995181696615479e-01 -1.584468596954966557e-01 5.048463381762635649e-02 -1.067919240427514516e-02 3.735104699910327675e-01 4.418862689563992641e-01 -9.308034533305936664e-02 2.692514912864784615e-01 4.118441513888452254e-01 3.081237502047445287e-01 -5.717441689490176948e-02 6.029896375077407056e-01 2.354783833636406865e-01 8.395677601781678656e-02 2.231171205481103370e-01 3.098530853219673697e-01 5.749051337697237418e-01 -1.350808850592190857e-01 8.932841080233105968e-02 3.789828546653849495e-01 1.666931523569982199e-01 4.932950638787333975e-01
0.000000000000000000e+00 0.000000000000000000e+00 0.000000000000000000e+00 0.000000000000000000e+00 0.000000000000000000e+00 0.000000000000000000e+00 0.000000000000000000e+00 0.000000000000000000e+00 0.000000000000000000e+00 0.000000000000000000e+00 0.000000000000000000e+00 0.000000000000000000e+00 0.000000000000000000e+00 0.000000000000000000e+00 0.000000000000000000e+00 0.000000000000000000e+00 0.000000000000000000e+00 0.000000000000000000e+00 0.000000000000000000e+00 0.000000000000000000e+00 0.000000000000000000e+00 0.000000000000000000e+00 0.000000000000000000e+00 0.000000000000000000e+00 0.000000000000000000e+00 0.000000000000000000e+00 0.000000000000000000e+00 0.000000000000000000e+00 0.000000000000000000e+00 0.000000000000000000e+00 0.000000000000000000e+00 0.000000000000000000e+00 0.000000000000000000e+00 0.000000000000000000e+00 0.000000000000000000e+00 0.000000000000000000e+00 0.000000000000000000e+00 0.000000000000000000e+00 0.000000000000000000e+00 0.000000000000000000e+00 0.000000000000000000e+00 0.000000000000000000e+00 0.000000000000000000e+00 0.000000000000000000e+00 0.000000000000000000e+00 0.000000000000000000e+00 0.000000000000000000e+00 0.000000000000000000e+00 0.000000000000000000e+00 0.000000000000000000e+00 0.000000000000000000e+00 0.000000000000000000e+00 0.000000000000000000e+00 0.000000000000000000e+00 0.000000000000000000e+00 0.000000000000000000e+00 0.000000000000000000e+00 0.000000000000000000e+00 0.000000000000000000e+00 0.000000000000000000e+00 0.000000000000000000e+00 0.000000000000000000e+00 0.000000000000000000e+00 0.000000000000000000e+00 0.000000000000000000e+00 0.000000000000000000e+00 0.000000000000000000e+00 0.000000000000000000e+00 0.000000000000000000e+00 0.000000000000000000e+00 5.146896228422795616e+01 1.204412526032487274e-01 -1.114336144810452178e-01 7.269775571118022306e-01 7.173714764112342213e-01 4.426325138929602110e-01 -7.668883353826447258e-02 1.837775201646427714e-01 9.465437168172191607e-02 3.025309960253152464e-01 -6.047658628747032417e-02 2.610539482243317555e-01 -1.613365631931907018e-01 -1.706985177636553552e-01 2.816866167818018463e-01 -1.251354745849244388e-01 1.072973083106966152e-01 7.108693087489936779e-02 1.329662980142847228e-01 7.430275601717886147e-01 2.094214119754349845e-01 3.453508883017324393e-01 1.953590637576277933e-01 2.660914959499590116e-01 -2.021835429938270146e-01 6.706040464345139895e-01 2.287695093246275291e-01 3.289516811012636044e-01 6.930077690827047832e-01 5.652832895472011954e-01
0.000000000000000000e+00 0.000000000000000000e+00 0.000000000000000000e+00 0.000000000000000000e+00 0.000000000000000000e+00 0.000000000000000000e+00 0.000000000000000000e+00 0.000000000000000000e+00 0.000000000000000000e+00 0.000000000000000000e+00 0.000000000000000000e+00 0.000000000000000000e+00 0.000000000000000000e+00 0.000000000000000000e+00 0.000000000000000000e+00 0.000000000000000000e+00 0.000000000000000000e+00 0.000000000000000000e+00 0.000000000000000000e+00 0.000000000000000000e+00 0.000000000000000000e+00 0.000000000000000000e+00 0.000000000000000000e+00 0.000000000000000000e+00 0.000000000000000000e+00 0.000000000000000000e+00 0.000000000000000000e+00 0.000000000000000000e+00 0.000000000000000000e+00 0.000000000000000000e+00 0.000000000000000000e+00 0.000000000000000000e+00 0.000000000000000000e+00 0.000000000000000000e+00 0.000000000000000000e+00 0.000000000000000000e+00 0.000000000000000000e+00 0.000000000000000000e+00 0.000000000000000000e+00 0.000000000000000000e+00 0.000000000000000000e+00 0.000000000000000000e+00 0.000000000000000000e+00 0.000000000000000000e+00 0.000000000000000000e+00 0.000000000000000000e+00 0.000000000000000000e+00 0.000000000000000000e+00 0.000000000000000000e+00 0.000000000000000000e+00 0.000000000000000000e+00 0.000000000000000000e+00 0.000000000000000000e+00 0.000000000000000000e+00 0.000000000000000000e+00 0.000000000000000000e+00 0.000000000000000000e+00 0.000000000000000000e+00 0.000000000000000000e+00 0.000000000000000000e+00 0.000000000000000000e+00 0.000000000000000000e+00 0.000000000000000000e+00 0.000000000000000000e+00 0.000000000000000000e+00 0.000000000000000000e+00 0.000000000000000000e+00 0.000000000000000000e+00 0.000000000000000000e+00 0.000000000000000000e+00 0.000000000000000000e+00 5.555052997505362100e+01 -1.148443968608686139e-01 6.576616877307865927e-01 5.615099245548400564e-01 7.502302919910125434e-02 5.485645989954487933e-02 7.197548764680132827e-01 8.130295747162369357e-03 8.743553239047902048e-02 3.839397636569544803e-01 7.827439706766667893e-01 6.988863828312342763e-01 2.476019863158465395e-01 4.172427840289965606e-01 1.225513324053525976e-01 1.595950820328086162e-01 5.183409896601911537e-01 7.481929538114513445e-01 6.413427275912374492e-01 5.074002296798941769e-01 -3.117848353654548155e-02 3.517180839080067956e-01 1.418597496198131525e-01 7.743609011942478304e-01 6.503009384524854886e-01 2.696756907400559844e-01 7.592581502332591548e-01 2.974874765120899545e-01 4.411207272036946625e-01
0.000000000000000000e+00 0.000000000000000000e+00 0.000000000000000000e+00 0.000000000000000000e+00 0.000000000000000000e+00 0.000000000000000000e+00 0.000000000000000000e+00 0.000000000000000000e+00 0.000000000000000000e+00 0.000000000000000000e+00 0.000000000000000000e+00 0.000000000000000000e+00 0.000000000000000000e+00 0.000000000000000000e+00 0.000000000000000000e+00 0.000000000000000000e+00 0.000000000000000000e+00 0.000000000000000000e+00 0.000000000000000000e+00 0.000000000000000000e+00 0.000000000000000000e+00 0.000000000000000000e+00 0.000000000000000000e+00 0.000000000000000000e+00 0.000000000000000000e+00 0.000000000000000000e+00 0.000000000000000000e+00 0.000000000000000000e+00 0.000000000000000000e+00 0.000000000000000000e+00 0.000000000000000000e+00 0.000000000000000000e+00 0.000000000000000000e+00 0.000000000000000000e+00 0.000000000000000000e+00 0.000000000000000000e+00 0.000000000000000000e+00 0.000000000000000000e+00 0.000000000000000000e+00 0.000000000000000000e+00 0.000000000000000000e+00 0.000000000000000000e+00 0.000000000000000000e+00 0.000000000000000000e+00 0.000000000000000000e+00 0.000000000000000000e+00 0.000000000000000000e+00 0.000000000000000000e+00 0.000000000000000000e+00 0.000000000000000000e+00 0.000000000000000000e+00 0.000000000000000000e+00 0.000000000000000000e+00 0.000000000000000000e+00 0.000000000000000000e+00 0.000000000000000000e+00 0.000000000000000000e+00 0.000000000000000000e+00 0.000000000000000000e+00 0.000000000000000000e+00 0.000000000000000000e+00 0.000000000000000000e+00 0.000000000000000000e+00 0.000000000000000000e+00 0.000000000000000000e+00 0.000000000000000000e+00 0.000000000000000000e+00 0.000000000000000000e+00 0.000000000000000000e+00 0.000000000000000000e+00 0.000000000000000000e+00 0.000000000000000000e+00 5.723780804823448420e+01 3.458903093741502177e-01 -2.567238152864487200e-02 6.216322168419494698e-01 2.617922603724044395e-01 5.319208781253674800e-01 2.627100439808079946e-01 6.109311735406082189e-01 6.778068360780848955e-01 3.413193126751488116e-01 -2.650605373967354628e-02 -5.295591570066027209e-02 -1.043190617257600261e-01 7.399158402664527401e-01 4.987067788166416604e-01 3.828860286007482738e-01 1.020182397154417719e-02 4.609874575518791984e-01 -2.246024457589184675e-01 3.428521565900590762e-01 2.126892020618872947e-01 -1.686524924875404674e-01 -8.144944640951512493e-02 6.193144509686940857e-01 7.402436854986438330e-01 4.505853601593001190e-01 4.351332932712655976e-01 7.225190162276627914e-01
0.000000000000000000e+00 0.000000000000000000e+00 0.000000000000000000e+00 0.000000000000000000e+00 0.000000000000000000e+00 0.000000000000000000e+00 0.000000000000000000e+00 0.000000000000000000e+00 0.000000000000000000e+00 0.000000000000000000e+00 0.000000000000000000e+00 0.000000000000000000e+00 0.000000000000000000e+00 0.000000000000000000e+00 0.000000000000000000e+00 0.000000000000000000e+00 0.000000000000000000e+00 0.000000000000000000e+00 0.000000000000000000e+00 0.000000000000000000e+00 0.000000000000000000e+00 0.000000000000000000e+00 0.000000000000000000e+00 0.000000000000000000e+00 0.000000000000000000e+00 0.000000000000000000e+00 0.000000000000000000e+00 0.000000000000000000e+00 0.000000000000000000e+00 0.000000000000000000e+00 0.000000000000000000e+00 0.000000000000000000e+00 0.000000000000000000e+00 0.000000000000000000e+00 0.000000000000000000e+00 0.000000000000000000e+00 0.000000000000000000e+00 0.000000000000000000e+00 0.000000000000000000e+00 0.000000000000000000e+00 0.000000000000000000e+00 0.000000000000000000e+00 0.000000000000000000e+00 0.000000000000000000e+00 0.000000000000000000e+00 0.000000000000000000e+00 0.000000000000000000e+00 0.000000000000000000e+00 0.000000000000000000e+00 0.000000000000000000e+00 0.000000000000000000e+00 0.000000000000000000e+00 0.000000000000000000e+00 0.000000000000000000e+00 0.000000000000000000e+00 0.000000000000000000e+00 0.000000000000000000e+00 0.000000000000000000e+00 0.000000000000000000e+00 0.000000000000000000e+00 0.000000000000000000e+00 0.000000000000000000e+00 0.000000000000000000e+00 0.000000000000000000e+00 0.000000000000000000e+00 0.000000000000000000e+00 0.000000000000000000e+00 0.000000000000000000e+00 0.000000000000000000e+00 0.000000000000000000e+00 0.000000000000000000e+00 0.000000000000000000e+00 0.000000000000000000e+00 4.591960323989885495e+01 4.189338495711795174e-01 -1.664062340444913968e-01 3.732078870272721449e-01 -1.430140284810516582e-01 5.656638920195499187e-01 1.288068775900441110e-01 2.634648535110475920e-02 8.156100398999432954e-01 5.925341429671251436e-01 1.375486116956093352e-01 1.783738360293207481e-01 -1.692535085719448218e-01 5.265017225892208996e-01 1.954935293005002905e-02 2.099120757613184285e-01 4.272197417145370268e-01 6.278508753590628100e-01 8.018962190869149964e-02 -1.211679850663133773e-01 8.699747724452094877e-02 -1.672592271419629240e-01 4.988889708029159986e-01 6.907332650212413272e-01 1.885061405661170864e-01 7.730010283051669262e-01 5.101546943673392898e-01
0.000000000000000000e+00 0.000000000000000000e+00 0.000000000000000000e+00 0.000000000000000000e+00 0.000000000000000000e+00 0.000000000000000000e+00 0.000000000000000000e+00 0.000000000000000000e+00 0.000000000000000000e+00 0.000000000000000000e+00 0.000000000000000000e+00 0.000000000000000000e+00 0.000000000000000000e+00 0.000000000000000000e+00 0.000000000000000000e+00 0.000000000000000000e+00 0.000000000000000000e+00 0.000000000000000000e+00 0.000000000000000000e+00 0.000000000000000000e+00 0.000000000000000000e+00 0.000000000000000000e+00 0.000000000000000000e+00 0.000000000000000000e+00 0.000000000000000000e+00 0.000000000000000000e+00 0.000000000000000000e+00 0.000000000000000000e+00 0.000000000000000000e+00 0.000000000000000000e+00 0.000000000000000000e+00 0.000000000000000000e+00 0.000000000000000000e+00 0.000000000000000000e+00 0.000000000000000000e+00 0.000000000000000000e+00 0.000000000000000000e+00 0.000000000000000000e+00 0.000000000000000000e+00 0.000000000000000000e+00 0.000000000000000000e+00 0.000000000000000000e+00 0.000000000000000000e+00 0.000000000000000000e+00 0.000000000000000000e+00 0.000000000000000000e+00 0.000000000000000000e+00 0.000000000000000000e+00 0.000000000000000000e+00 0.000000000000000000e+00 0.000000000000000000e+00 0.000000000000000000e+00 0.000000000000000000e+00 0.000000000000000000e+00 0.000000000000000000e+00 0.000000000000000000e+00 0.000000000000000000e+00 0.000000000000000000e+00 0.000000000000000000e+00 0.000000000000000000e+00 0.000000000000000000e+00 0.000000000000000000e+00 0.000000000000000000e+00 0.000000000000000000e+00 0.000000000000000000e+00 0.000000000000000000e+00 0.000000000000000000e+00 0.000000000000000000e+00 0.000000000000000000e+00 0.000000000000000000e+00 0.000000000000000000e+00 0.000000000000000000e+00 0.000000000000000000e+00 0.000000000000000000e+00 5.317419889643042552e+01 2.562144475540137911e-01 7.255325660879328176e-01 4.514347285378874641e-01 5.205481999739346444e-01 -1.913075790316142721e-01 1.612738341547813592e-01 3.499884014738441351e-02 3.299301943701811735e-01 1.037314193152019393e-01 3.502140277607653784e-01 3.992638336956541023e-01 5.518905666863698212e-01 3.769256537866723655e-01 -1.696726085533630246e-01 7.651985475178939566e-01 2.984476823929048117e-01 2.858543316502505927e-01 5.401217711464804117e-01 2.971738432596039425e-01 5.107567984438069475e-01 3.256313039389361896e-01 3.459746433897107343e-01 -1.229911354942266888e-01 4.150755095025868702e-01 6.149605768527079963e-01
0.000000000000000000e+00 0.000000000000000000e+00 0.000000000000000000e+00 0.000000000000000000e+00 0.000000000000000000e+00 0.000000000000000000e+00 0.000000000000000000e+00 0.000000000000000000e+00 0.000000000000000000e+00 0.000000000000000000e+00 0.000000000000000000e+00 0.000000000000000000e+00 0.000000000000000000e+00 0.000000000000000000e+00 0.000000000000000000e+00 0.000000000000000000e+00 0.000000000000000000e+00 0.000000000000000000e+00 0.000000000000000000e+00 0.000000000000000000e+00 0.000000000000000000e+00 0.000000000000000000e+00 0.000000000000000000e+00 0.000000000000000000e+00 0.000000000000000000e+00 0.000000000000000000e+00 0.000000000000000000e+00 0.000000000000000000e+00 0.000000000000000000e+00 0.000000000000000000e+00 0.000000000000000000e+00 0.000000000000000000e+00 0.000000000000000000e+00 0.000000000000000000e+00 0.000000000000000000e+00 0.000000000000000000e+00 0.000000000000000000e+00 0.000000000000000000e+00 0.000000000000000000e+00 0.000000000000000000e+00 0.000000000000000000e+00 0.000000000000000000e+00 0.000000000000000000e+00 0.000000000000000000e+00 0.000000000000000000e+00 0.000000000000000000e+00 0.000000000000000000e+00 0.000000000000000000e+00 0.000000000000000000e+00 0.000000000000000000e+00 0.000000000000000000e+00 0.000000000000000000e+00 0.000000000000000000e+00 0.000000000000000000e+00 0.000000000000000000e+00 0.000000000000000000e+00 0.000000000000000000e+00 0.000000000000000000e+00 0.000000000000000000e+00 0.000000000000000000e+00 0.000000000000000000e+00 0.000000000000000000e+00 0.000000000000000000e+00 0.000000000000000000e+00 0.000000000000000000e+00 0.000000000000000000e+00 0.000000000000000000e+00 0.000000000000000000e+00 0.000000000000000000e+00 0.000000000000000000e+00 0.000000000000000000e+00 0.000000000000000000e+00 0.000000000000000000e+00 0.000000000000000000e+00 0.000000000000000000e+00 5.185736044743772766e+01 6.570693558242307608e-02 6.209790672476145357e-01 4.149114269820098899e-01 4.797064468868457721e-01 7.487029268848881536e-01 6.247376060587150892e-02 -1.378080769532710470e-01 5.883900888647612959e-01 -1.712685592116737210e-01 1.968334730654184850e-01 6.950204408338384043e-02 3.641785174503819333e-01 4.489430908199550929e-01 -8.036305545262945049e-02 3.978199859173308650e-01 3.837155034566691603e-01 5.694084083413281094e-01 4.354658742042006869e-01 3.528566881797846611e-01 3.140630127614766343e-01 -2.400602181233718602e-02 7.084539918754161336e-01 -1.590569085742657152e-01 2.666809392565724357e-01
0.000000000000000000e+00 0.000000000000000000e+00 0.000000000000000000e+00 0.000000000000000000e+00 0.000000000000000000e+00 0.000000000000000000e+00 0.000000000000000000e+00 0.000000000000000000e+00 0.000000000000000000e+00 0.000000000000000000e+00 0.000000000000000000e+00 0.000000000000000000e+00 0.000000000000000000e+00 0.000000000000000000e+00 0.000000000000000000e+00 0.000000000000000000e+00 0.000000000000000000e+00 0.000000000000000000e+00 0.000000000000000000e+00 0.000000000000000000e+00 0.000000000000000000e+00 0.000000000000000000e+00 0.000000000000000000e+00 0.000000000000000000e+00 0.000000000000000000e+00 0.000000000000000000e+00 0.000000000000000000e+00 0.000000000000000000e+00 0.000000000000000000e+00 0.000000000000000000e+00 0.000000000000000000e+00 0.000000000000000000e+00 0.000000000000000000e+00 0.000000000000000000e+00 0.000000000000000000e+00 0.000000000000000000e+00 0.000000000000000000e+00 0.000000000000000000e+00 0.000000000000000000e+00 0.000000000000000000e+00 0.000000000000000000e+00 0.000000000000000000e+00 0.000000000000000000e+00 0.000000000000000000e+00 0.000000000000000000e+00 0.000000000000000000e+00 0.000000000000000000e+00 0.000000000000000000e+00 0.000000000000000000e+00 0.000000000000000000e+00 0.000000000000000000e+00 0.000000000000000000e+00 0.000000000000000000e+00 0.000000000000000000e+00 0.000000000000000000e+00 0.000000000000000000e+00 0.000000000000000000e+00 0.000000000000000000e+00 0.000000000000000000e+00 0.000000000000000000e+00 0.000000000000000000e+00 0.000000000000000000e+00 0.000000000000000000e+00 0.000000000000000000e+00 0.000000000000000000e+00 0.000000000000000000e+00 0.000000000000000000e+00 0.000000000000000000e+00 0.000000000000000000e+00 0.000000000000000000e+00 0.000000000000000000e+00 0.000000000000000000e+00 0.000000000000000000e+00 0.000000000000000000e+00 0.000000000000000000e+00 0.000000000000000000e+00 5.158403371334124188e+01 5.737301305832931408e-02 6.385752132123381219e-01 -4.087844790697389707e-02 -1.534718480757178427e-01 1.791770203630243252e-01 4.000560461116838828e-01 5.519965440643201937e-01 6.388390314733082276e-01 5.010713812198631656e-01 3.641858953314566216e-01 4.075222203557083978e-01 1.862819954904185171e-02 4.757902982375663004e-01 3.563626344063882123e-01 1.989703962293248862e-02 2.393907794768658504e-01 -8.553573177479167899e-02 3.666100169460092539e-01 2.639912906066193554e-01 5.322054030327156848e-01 -1.337633597689024956e-01 7.261404154874389061e-01 2.038378751739890471e-01
0.000000000000000000e+00 0.000000000000000000e+00 0.000000000000000000e+00 0.000000000000000000e+00 0.000000000000000000e+00 0.000000000000000000e+00 0.000000000000000000e+00 0.000000000000000000e+00 0.000000000000000000e+00 0.000000000000000000e+00 0.000000000000000000e+00 0.000000000000000000e+00 0.000000000000000000e+00 0.000000000000000000e+00 0.000000000000000000e+00 0.000000000000000000e+00 0.000000000000000000e+00 0.000000000000000000e+00 0.000000000000000000e+00 0.000000000000000000e+00 0.000000000000000000e+00 0.000000000000000000e+00 0.000000000000000000e+00 0.000000000000000000e+00 0.000000000000000000e+00 0.000000000000000000e+00 0.000000000000000000e+00 0.000000000000000000e+00 0.000000000000000000e+00 0.000000000000000000e+00 0.000000000000000000e+00 0.000000000000000000e+00 0.000000000000000000e+00 0.000000000000000000e+00 0.000000000000000000e+00 0.000000000000000000e+00 0.000000000000000000e+00 0.000000000000000000e+00 0.000000000000000000e+00 0.000000000000000000e+00 0.000000000000000000e+00 0.000000000000000000e+00 0.000000000000000000e+00 0.000000000000000000e+00 0.000000000000000000e+00 0.000000000000000000e+00 0.000000000000000000e+00 0.000000000000000000e+00 0.000000000000000000e+00 0.000000000000000000e+00 0.000000000000000000e+00 0.000000000000000000e+00 0.000000000000000000e+00 0.000000000000000000e+00 0.000000000000000000e+00 0.000000000000000000e+00 0.000000000000000000e+00 0.000000000000000000e+00 0.000000000000000000e+00 0.000000000000000000e+00 0.000000000000000000e+00 0.000000000000000000e+00 0.000000000000000000e+00 0.000000000000000000e+00 0.000000000000000000e+00 0.000000000000000000e+00 0.000000000000000000e+00 0.000000000000000000e+00 0.000000000000000000e+00 0.000000000000000000e+00 0.000000000000000000e+00 0.000000000000000000e+00 0.000000000000000000e+00 0.000000000000000000e+00 0.000000000000000000e+00 0.000000000000000000e+00 0.000000000000000000e+00 5.142647930845087956e+01 4.659247967801130597e-02 2.859661706260492320e-01 1.400398593193107888e-01 5.772636877208512374e-01 3.603380078396916097e-01 1.969480370347292675e-01 1.218831519169250310e-01 1.460432178783775958e-01 4.561686121047181519e-02 5.111471318453367774e-01 3.643382942803121693e-01 3.031058154437746843e-01 7.133924202761866562e-01 3.380097918822684289e-01 3.058395860777208819e-01 6.111946847242613057e-01 2.185243729132217705e-01 6.685917348260770332e-01 -7.028021904150641430e-02 7.226779199029205181e-01 1.132786056148866460e-01 1.538211996235894219e-02
0.000000000000000000e+00 0.000000000000000000e+00 0.000000000000000000e+00 0.000000000000000000e+00 0.000000000000000000e+00 0.000000000000000000e+00 0.000000000000000000e+00 0.000000000000000000e+00 0.000000000000000000e+00 0.000000000000000000e+00 0.000000000000000000e+00 0.000000000000000000e+00 0.000000000000000000e+00 0.000000000000000000e+00 0.000000000000000000e+00 0.000000000000000000e+00 0.000000000000000000e+00 0.000000000000000000e+00 0.000000000000000000e+00 0.000000000000000000e+00 0.000000000000000000e+00 0.000000000000000000e+00 0.000000000000000000e+00 0.000000000000000000e+00 0.000000000000000000e+00 0.000000000000000000e+00 0.000000000000000000e+00 0.000000000000000000e+00 0.000000000000000000e+00 0.000000000000000000e+00 0.000000000000000000e+00 0.000000000000000000e+00 0.000000000000000000e+00 0.000000000000000000e+00 0.000000000000000000e+00 0.000000000000000000e+00 0.000000000000000000e+00 0.000000000000000000e+00 0.000000000000000000e+00 0.000000000000000000e+00 0.000000000000000000e+00 0.000000000000000000e+00 0.000000000000000000e+00 0.000000000000000000e+00 0.000000000000000000e+00 0.000000000000000000e+00 0.000000000000000000e+00 0.000000000000000000e+00 0.000000000000000000e+00 0.000000000000000000e+00 0.000000000000000000e+00 0.000000000000000000e+00 0.000000000000000000e+00 0.000000000000000000e+00 0.000000000000000000e+00 0.000000000000000000e+00 0.000000000000000000e+00 0.000000000000000000e+00 0.000000000000000000e+00 0.000000000000000000e+00 0.000000000000000000e+00 0.000000000000000000e+00 0.000000000000000000e+00 0.000000000000000000e+00 0.000000000000000000e+00 0.000000000000000000e+00 0.000000000000000000e+00 0.000000000000000000e+00 0.000000000000000000e+00 0.000000000000000000e+00 0.000000000000000000e+00 0.000000000000000000e+00 0.000000000000000000e+00 0.000000000000000000e+00 0.000000000000000000e+00 0.000000000000000000e+00 0.000000000000000000e+00 0.000000000000000000e+00 5.611815785167294734e+01 1.026224272312228347e-01 6.568471166711156717e-02 -2.327590713984306614e-02 5.315811129082912423e-01 5.189390840835024221e-01 7.299585958332212021e-01 3.170080844937834263e-01 -1.994122222570774428e-01 5.236304405721239896e-02 7.210764308201754735e-01 -5.651432673089226699e-02 7.539715436223570766e-02 -1.691824152150109284e-01 9.206006956241907790e-02 5.667342991247923401e-01 5.780201999763801002e-01 4.729851859363659594e-02 2.159785623521375264e-01 2.615983195918644144e-01 3.613139317619866731e-01 3.856761705661499451e-01
0.000000000000000000e+00 0.000000000000000000e+00 0.000000000000000000e+00 0.000000000000000000e+00 0.000000000000000000e+00 0.000000000000000000e+00 0.000000000000000000e+00 0.000000000000000000e+00 0.000000000000000000e+00 0.000000000000000000e+00 0.000000000000000000e+00 0.000000000000000000e+00 0.000000000000000000e+00 0.000000000000000000e+00 0.000000000000000000e+00 0.000000000000000000e+00 0.000000000000000000e+00 0.000000000000000000e+00 0.000000000000000000e+00 0.000000000000000000e+00 0.000000000000000000e+00 0.000000000000000000e+00 0.000000000000000000e+00 0.000000000000000000e+00 0.000000000000000000e+00 0.000000000000000000e+00 0.000000000000000000e+00 0.000000000000000000e+00 0.000000000000000000e+00 0.000000000000000000e+00 0.000000000000000000e+00 0.000000000000000000e+00 0.000000000000000000e+00 0.000000000000000000e+00 0.000000000000000000e+00 0.000000000000000000e+00 0.000000000000000000e+00 0.000000000000000000e+00 0.000000000000000000e+00 0.000000000000000000e+00 0.000000000000000000e+00 0.000000000000000000e+00 0.000000000000000000e+00 0.000000000000000000e+00 0.000000000000000000e+00 0.000000000000000000e+00 0.000000000000000000e+00 0.000000000000000000e+00 0.000000000000000000e+00 0.000000000000000000e+00 0.000000000000000000e+00 0.000000000000000000e+00 0.000000000000000000e+00 0.000000000000000000e+00 0.000000000000000000e+00 0.000000000000000000e+00 0.000000000000000000e+00 0.000000000000000000e+00 0.000000000000000000e+00 0.000000000000000000e+00 0.000000000000000000e+00 0.000000000000000000e+00 0.000000000000000000e+00 0.000000000000000000e+00 0.000000000000000000e+00 0.000000000000000000e+00 0.000000000000000000e+00 0.000000000000000000e+00 0.000000000000000000e+00 0.000000000000000000e+00 0.000000000000000000e+00 0.000000000000000000e+00 0.000000000000000000e+00 0.000000000000000000e+00 0.000000000000000000e+00 0.000000000000000000e+00 0.000000000000000000e+00 0.000000000000000000e+00 0.000000000000000000e+00 5.279062785529908552e+01 3.043491738765188859e-01 1.997776560600290074e-01 -2.254219557001300722e-01 -2.296461585448850151e-02 6.533515063872075146e-02 -1.793174595348092926e-01 -1.445548285151804779e-01 -2.067729138144618339e-01 3.697599329518047595e-02 2.372658592514169107e-01 -5.713889259938345622e-02 3.200367158800072609e-01 4.743721171765717948e-01 3.127069622154395323e-01 6.301873395907556796e-01 4.808811230285541249e-01 3.126695609569055123e-01 3.205012945334133612e-01 -2.415544754535225991e-02 7.530210195673381346e-01
0.000000000000000000e+00 0.000000000000000000e+00 0.000000000000000000e+00 0.000000000000000000e+00 0.000000000000000000e+00 0.000000000000000000e+00 0.000000000000000000e+00 0.000000000000000000e+00 0.000000000000000000e+00 0.000000000000000000e+00 0.000000000000000000e+00 0.000000000000000000e+00 0.000000000000000000e+00 0.000000000000000000e+00 0.000000000000000000e+00 0.000000000000000000e+00 0.000000000000000000e+00 0.000000000000000000e+00 0.000000000000000000e+00 0.000000000000000000e+00 0.000000000000000000e+00 0.000000000000000000e+00 0.000000000000000000e+00 0.000000000000000000e+00 0.000000000000000000e+00 0.000000000000000000e+00 0.000000000000000000e+00 0.000000000000000000e+00 0.000000000000000000e+00 0.000000000000000000e+00 0.000000000000000000e+00 0.000000000000000000e+00 0.000000000000000000e+00 0.000000000000000000e+00 0.000000000000000000e+00 0.000000000000000000e+00 0.000000000000000000e+00 0.000000000000000000e+00 0.000000000000000000e+00 0.000000000000000000e+00 0.000000000000000000e+00 0.000000000000000000e+00 0.000000000000000000e+00 0.000000000000000000e+00 0.000000000000000000e+00 0.000000000000000000e+00 0.000000000000000000e+00 0.000000000000000000e+00 0.000000000000000000e+00 0.000000000000000000e+00 0.000000000000000000e+00 0.000000000000000000e+00 0.000000000000000000e+00 0.000000000000000000e+00 0.000000000000000000e+00 0.000000000000000000e+00 0.000000000000000000e+00 0.000000000000000000e+00 0.000000000000000000e+00 0.000000000000000000e+00 0.000000000000000000e+00 0.000000000000000000e+00 0.000000000000000000e+00 0.000000000000000000e+00 0.000000000000000000e+00 0.000000000000000000e+00 0.000000000000000000e+00 0.000000000000000000e+00 0.000000000000000000e+00 0.000000000000000000e+00 0.000000000000000000e+00 0.000000000000000000e+00 0.000000000000000000e+00 0.000000000000000000e+00 0.000000000000000000e+00 0.000000000000000000e+00 0.000000000000000000e+00 0.000000000000000000e+00 0.000000000000000000e+00 0.000000000000000000e+00 4.976066724850434042e+01 4.312917479167263091e-01 7.668385400566470889e-01 5.608577182898051294e-01 6.762274324627659539e-01 4.550492211886301708e-01 7.057977562452406595e-01 2.465139387562356177e-01 4.124582649126644074e-01 3.419505135753156400e-01 4.921834595929657219e-01 4.625366364601984914e-02 7.382010667647561641e-01 3.659029648207424712e-01 -1.442643551564770366e-01 5.176323802294690024e-01 2.641558635134728106e-01 7.245744088068194477e-01 3.325058289370188547e-01 2.728606828010888830e-01
0.000000000000000000e+00 0.000000000000000000e+00 0.000000000000000000e+00 0.000000000000000000e+00 0.000000000000000000e+00 0.000000000000000000e+00 0.000000000000000000e+00 0.000000000000000000e+00 0.000000000000000000e+00 0.000000000000000000e+00 0.000000000000000000e+00 0.000000000000000000e+00 0.000000000000000000e+00 0.000000000000000000e+00 0.000000000000000000e+00 0.000000000000000000e+00 0.000000000000000000e+00 0.000000000000000000e+00 0.000000000000000000e+00 0.000000000000000000e+00 0.000000000000000000e+00 0.000000000000000000e+00 0.000000000000000000e+00 0.000000000000000000e+00 0.000000000000000000e+00 0.000000000000000000e+00 0.000000000000000000e+00 0.000000000000000000e+00 0.000000000000000000e+00 0.000000000000000000e+00 0.000000000000000000e+00 0.000000000000000000e+00 0.000000000000000000e+00 0.000000000000000000e+00 0.000000000000000000e+00 0.000000000000000000e+00 0.000000000000000000e+00 0.000000000000000000e+00 0.000000000000000000e+00 0.000000000000000000e+00 0.000000000000000000e+00 0.000000000000000000e+00 0.000000000000000000e+00 0.000000000000000000e+00 0.000000000000000000e+00 0.000000000000000000e+00 0.000000000000000000e+00 0.000000000000000000e+00 0.000000000000000000e+00 0.000000000000000000e+00 0.000000000000000000e+00 0.000000000000000000e+00 0.000000000000000000e+00 0.000000000000000000e+00 0.000000000000000000e+00 0.000000000000000000e+00 0.000000000000000000e+00 0.000000000000000000e+00 0.000000000000000000e+00 0.000000000000000000e+00 0.000000000000000000e+00 0.000000000000000000e+00 0.000000000000000000e+00 0.000000000000000000e+00 0.000000000000000000e+00 0.000000000000000000e+00 0.000000000000000000e+00 0.000000000000000000e+00 0.000000000000000000e+00 0.000000000000000000e+00 0.000000000000000000e+00 0.000000000000000000e+00 0.000000000000000000e+00 0.000000000000000000e+00 0.000000000000000000e+00 0.000000000000000000e+00 0.000000000000000000e+00 0.000000000000000000e+00 0.000000000000000000e+00 0.000000000000000000e+00 0.000000000000000000e+00 4.587781195861408179e+01 5.613673362039904857e-01 -4.135086703792076324e-02 -1.511799179050656028e-01 4.296114643346464201e-01 5.817377177177770475e-01 1.024135904948821341e-01 4.303390918525167308e-01 4.808651735959872386e-01 8.020562827222847968e-01 3.003468346878055417e-01 3.233654473502942106e-01 7.640353078387902563e-01 4.253282236575094410e-01 -1.506044514579276405e-01 9.801703020625526785e-02 3.970627640119570034e-02 6.835049498350231900e-01 1.537549155789445510e-01
0.000000000000000000e+00 0.000000000000000000e+00 0.000000000000000000e+00 0.000000000000000000e+00 0.000000000000000000e+00 0.000000000000000000e+00 0.000000000000000000e+00 0.000000000000000000e+00 0.000000000000000000e+00 0.000000000000000000e+00 0.000000000000000000e+00 0.000000000000000000e+00 0.000000000000000000e+00 0.000000000000000000e+00 0.000000000000000000e+00 0.000000000000000000e+00 0.000000000000000000e+00 0.000000000000000000e+00 0.000000000000000000e+00 0.000000000000000000e+00 0.000000000000000000e+00 0.000000000000000000e+00 0.000000000000000000e+00 0.000000000000000000e+00 0.000000000000000000e+00 0.000000000000000000e+00 0.000000000000000000e+00 0.000000000000000000e+00 0.000000000000000000e+00 0.000000000000000000e+00 0.000000000000000000e+00 0.000000000000000000e+00 0.000000000000000000e+00 0.000000000000000000e+00 0.000000000000000000e+00 0.000000000000000000e+00 0.000000000000000000e+00 0.000000000000000000e+00 0.000000000000000000e+00 0.000000000000000000e+00 0.000000000000000000e+00 0.000000000000000000e+00 0.000000000000000000e+00 0.000000000000000000e+00 0.000000000000000000e+00 0.000000000000000000e+00 0.000000000000000000e+00 0.000000000000000000e+00 0.000000000000000000e+00 0.000000000000000000e+00 0.000000000000000000e+00 0.000000000000000000e+00 0.000000000000000000e+00 0.000000000000000000e+00 0.000000000000000000e+00 0.000000000000000000e+00 0.000000000000000000e+00 0.000000000000000000e+00 0.000000000000000000e+00 0.000000000000000000e+00 0.000000000000000000e+00 0.000000000000000000e+00 0.000000000000000000e+00 0.000000000000000000e+00 0.000000000000000000e+00 0.000000000000000000e+00 0.000000000000000000e+00 0.000000000000000000e+00 0.000000000000000000e+00 0.000000000000000000e+00 0.000000000000000000e+00 0.000000000000000000e+00 0.000000000000000000e+00 0.000000000000000000e+00 0.000000000000000000e+00 0.000000000000000000e+00 0.000000000000000000e+00 0.000000000000000000e+00 0.000000000000000000e+00 0.000000000000000000e+00 0.000000000000000000e+00 0.000000000000000000e+00 5.229068633006633604e+01 6.119059936139640277e-01 3.277791431378100917e-01 -7.121023975434781494e-02 2.308936383526311031e-02 -2.917395241669876182e-02 5.004713386812389420e-01 4.107132252661926941e-02 1.195219954749405789e-01 4.461586136984588280e-01 5.591757321675361325e-01 2.393135997237279267e-01 5.954966139293931260e-01 -2.034988703763504492e-02 5.366531105443277383e-01 3.384813558180121973e-01 5.262181881159144758e-02 -1.535491502186537849e-01
0.000000000000000000e+00 0.000000000000000000e+00 0.000000000000000000e+00 0.000000000000000000e+00 0.000000000000000000e+00 0.000000000000000000e+00 0.000000000000000000e+00 0.000000000000000000e+00 0.000000000000000000e+00 0.000000000000000000e+00 0.000000000000000000e+00 0.000000000000000000e+00 0.000000000000000000e+00 0.000000000000000000e+00 0.000000000000000000e+00 0.000000000000000000e+00 0.000000000000000000e+00 0.000000000000000000e+00 0.000000000000000000e+00 0.000000000000000000e+00 0.000000000000000000e+00 0.000000000000000000e+00 0.000000000000000000e+00 0.000000000000000000e+00 0.000000000000000000e+00 0.000000000000000000e+00 0.000000000000000000e+00 0.000000000000000000e+00 0.000000000000000000e+00 0.000000000000000000e+00 0.000000000000000000e+00 0.000000000000000000e+00 0.000000000000000000e+00 0.000000000000000000e+00 0.000000000000000000e+00 0.000000000000000000e+00 0.000000000000000000e+00 0.000000000000000000e+00 0.000000000000000000e+00 0.000000000000000000e+00 0.000000000000000000e+00 0.000000000000000000e+00 0.000000000000000000e+00 0.000000000000000000e+00 0.000000000000000000e+00 0.000000000000000000e+00 0.000000000000000000e+00 0.000000000000000000e+00 0.000000000000000000e+00 0.000000000000000000e+00 0.000000000000000000e+00 0.000000000000000000e+00 0.000000000000000000e+00 0.000000000000000000e+00 0.000000000000000000e+00 0.000000000000000000e+00 0.000000000000000000e+00 0.000000000000000000e+00 0.000000000000000000e+00 0.000000000000000000e+00 0.000000000000000000e+00 0.000000000000000000e+00 0.000000000000000000e+00 0.000000000000000000e+00 0.000000000000000000e+00 0.000000000000000000e+00 0.000000000000000000e+00 0.000000000000000000e+00 0.000000000000000000e+00 0.000000000000000000e+00 0.000000000000000000e+00 0.000000000000000000e+00 0.000000000000000000e+00 0.000000000000000000e+00 0.000000000000000000e+00 0.000000000000000000e+00 0.000000000000000000e+00 0.000000000000000000e+00 0.000000000000000000e+00 0.000000000000000000e+00 0.000000000000000000e+00 0.000000000000000000e+00 0.000000000000000000e+00 5.264784847440706272e+01 1.870574678671492186e-01 2.487797283443982932e-01 2.176730146402071631e-01 -5.451534988988446240e-02 1.316174077693197664e-01 3.717792241941026421e-01 5.439436048001479174e-01 6.209858156311606758e-02 1.846589677540865782e-01 7.905057667892259610e-02 6.068298942390315531e-01 -5.264529174855980820e-04 4.123857359704344860e-01 3.478135743884548381e-01 -1.748161853009376210e-01 4.896344528199157997e-01
0.000000000000000000e+00 0.000000000000000000e+00 0.000000000000000000e+00 0.000000000000000000e+00 0.000000000000000000e+00 0.000000000000000000e+00 0.000000000000000000e+00 0.000000000000000000e+00 0.000000000000000000e+00 0.000000000000000000e+00 0.000000000000000000e+00 0.000000000000000000e+00 0.000000000000000000e+00 0.000000000000000000e+00 0.000000000000000000e+00 0.000000000000000000e+00 0.000000000000000000e+00 0.000000000000000000e+00 0.000000000000000000e+00 0.000000000000000000e+00 0.000000000000000000e+00 0.000000000000000000e+00 0.000000000000000000e+00 0.000000000000000000e+00 0.000000000000000000e+00 0.000000000000000000e+00 0.000000000000000000e+00 0.000000000000000000e+00 0.000000000000000000e+00 0.000000000000000000e+00 0.000000000000000000e+00 0.000000000000000000e+00 0.000000000000000000e+00 0.000000000000000000e+00 0.000000000000000000e+00 0.000000000000000000e+00 0.000000000000000000e+00 0.000000000000000000e+00 0.000000000000000000e+00 0.000000000000000000e+00 0.000000000000000000e+00 0.000000000000000000e+00 0.000000000000000000e+00 0.000000000000000000e+00 0.000000000000000000e+00 0.000000000000000000e+00 0.000000000000000000e+00 0.000000000000000000e+00 0.000000000000000000e+00 0.000000000000000000e+00 0.000000000000000000e+00 0.000000000000000000e+00 0.000000000000000000e+00 0.000000000000000000e+00 0.000000000000000000e+00 0.000000000000000000e+00 0.000000000000000000e+00 0.000000000000000000e+00 0.000000000000000000e+00 0.000000000000000000e+00 0.000000000000000000e+00 0.000000000000000000e+00 0.000000000000000000e+00 0.000000000000000000e+00 0.000000000000000000e+00 0.000000000000000000e+00 0.000000000000000000e+00 0.000000000000000000e+00 0.000000000000000000e+00 0.000000000000000000e+00 0.000000000000000000e+00 0.000000000000000000e+00 0.000000000000000000e+00 0.000000000000000000e+00 0.000000000000000000e+00 0.000000000000000000e+00 0.000000000000000000e+00 0.000000000000000000e+00 0.000000000000000000e+00 0.000000000000000000e+00 0.000000000000000000e+00 0.000000000000000000e+00 0.000000000000000000e+00 0.000000000000000000e+00 5.537415350280480908e+01 2.372852928480778667e-01 1.179861513371268100e-01 4.021716838886257861e-01 4.031481281164120412e-01 1.623913211464709239e-01 -1.342799099714568900e-01 -3.584865485034177679e-02 1.612493684942650773e-03 -1.339862382032684651e-01 5.190837027494094036e-01 5.682435408775037278e-01 4.951616043876921891e-01 6.262311553516284324e-01 3.313576750621716194e-03 1.068734533244457552e-01
0.000000000000000000e+00 0.000000000000000000e+00 0.000000000000000000e+00 0.000000000000000000e+00 0.000000000000000000e+00 0.000000000000000000e+00 0.000000000000000000e+00 0.000000000000000000e+00 0.000000000000000000e+00 0.000000000000000000e+00 0.000000000000000000e+00 0.000000000000000000e+00 0.000000000000000000e+00 0.000000000000000000e+00 0.000000000000000000e+00 0.000000000000000000e+00 0.000000000000000000e+00 0.000000000000000000e+00 0.000000000000000000e+00 0.000000000000000000e+00 0.000000000000000000e+00 0.000000000000000000e+00 0.000000000000000000e+00 0.000000000000000000e+00 0.000000000000000000e+00 0.000000000000000000e+00 0.000000000000000000e+00 0.000000000000000000e+00 0.000000000000000000e+00 0.000000000000000000e+00 0.000000000000000000e+00 0.000000000000000000e+00 0.000000000000000000e+00 0.000000000000000000e+00 0.000000000000000000e+00 0.000000000000000000e+00 0.000000000000000000e+00 0.000000000000000000e+00 0.000000000000000000e+00 0.000000000000000000e+00 0.000000000000000000e+00 0.000000000000000000e+00 0.000000000000000000e+00 0.000000000000000000e+00 0.000000000000000000e+00 0.000000000000000000e+00 0.000000000000000000e+00 0.000000000000000000e+00 0.000000000000000000e+00 0.000000000000000000e+00 0.000000000000000000e+00 0.000000000000000000e+00 0.000000000000000000e+00 0.000000000000000000e+00 0.000000000000000000e+00 0.000000000000000000e+00 0.000000000000000000e+00 0.000000000000000000e+00 0.000000000000000000e+00 0.000000000000000000e+00 0.000000000000000000e+00 0.000000000000000000e+00 0.000000000000000000e+00 0.000000000000000000e+00 0.000000000000000000e+00 0.000000000000000000e+00 0.000000000000000000e+00 0.000000000000000000e+00 0.000000000000000000e+00 0.000000000000000000e+00 0.000000000000000000e+00 0.000000000000000000e+00 0.000000000000000000e+00 0.000000000000000000e+00 0.000000000000000000e+00 0.000000000000000000e+00 0.000000000000000000e+00 0.000000000000000000e+00 0.000000000000000000e+00 0.000000000000000000e+00 0.000000000000000000e+00 0.000000000000000000e+00 0.000000000000000000e+00 0.000000000000000000e+00 0.000000000000000000e+00 5.056153962470386176e+01 4.173760756073533473e-01 3.039032900445975405e-01 4.300003592306201883e-01 5.558723846097546328e-01 2.666167036081625308e-01 6.614468354855628229e-01 1.437486862153299350e-01 1.017286552236077446e-01 7.594139957332769475e-01 1.322919828071493498e-01 6.433133295201852730e-01 7.453929763284614651e-01 1.971435373208931807e-01 -5.540784714514243592e-02
0.000000000000000000e+00 0.000000000000000000e+00 0.000000000000000000e+00 0.000000000000000000e+00 0.000000000000000000e+00 0.000000000000000000e+00 0.000000000000000000e+00 0.000000000000000000e+00 0.000000000000000000e+00 0.000000000000000000e+00 0.000000000000000000e+00 0.000000000000000000e+00 0.000000000000000000e+00 0.000000000000000000e+00 0.000000000000000000e+00 0.000000000000000000e+00 0.000000000000000000e+00 0.000000000000000000e+00 0.000000000000000000e+00 0.000000000000000000e+00 0.000000000000000000e+00 0.000000000000000000e+00 0.000000000000000000e+00 0.000000000000000000e+00 0.000000000000000000e+00 0.000000000000000000e+00 0.000000000000000000e+00 0.000000000000000000e+00 0.000000000000000000e+00 0.000000000000000000e+00 0.000000000000000000e+00 0.000000000000000000e+00 0.000000000000000000e+00 0.000000000000000000e+00 0.000000000000000000e+00 0.000000000000000000e+00 0.000000000000000000e+00 0.000000000000000000e+00 0.000000000000000000e+00 0.000000000000000000e+00 0.000000000000000000e+00 0.000000000000000000e+00 0.000000000000000000e+00 0.000000000000000000e+00 0.000000000000000000e+00 0.000000000000000000e+00 0.000000000000000000e+00 0.000000000000000000e+00 0.000000000000000000e+00 0.000000000000000000e+00 0.000000000000000000e+00 0.000000000000000000e+00 0.000000000000000000e+00 0.000000000000000000e+00 0.000000000000000000e+00 0.000000000000000000e+00 0.000000000000000000e+00 0.000000000000000000e+00 0.000000000000000000e+00 0.000000000000000000e+00 0.000000000000000000e+00 0.000000000000000000e+00 0.000000000000000000e+00 0.000000000000000000e+00 0.000000000000000000e+00 0.000000000000000000e+00 0.000000000000000000e+00 0.000000000000000000e+00 0.000000000000000000e+00 0.000000000000000000e+00 0.000000000000000000e+00 0.000000000000000000e+00 0.000000000000000000e+00 0.000000000000000000e+00 0.000000000000000000e+00 0.000000000000000000e+00 0.000000000000000000e+00 0.000000000000000000e+00 0.000000000000000000e+00 0.000000000000000000e+00 0.000000000000000000e+00 0.000000000000000000e+00 0.000000000000000000e+00 0.000000000000000000e+00 0.000000000000000000e+00 0.000000000000000000e+00 4.755889637002620418e+01 -5.795864076349635519e-02 -3.385107586080637887e-02 4.295910029484735215e-01 -7.577970341001696863e-02 -4.972907053198277749e-02 6.823079678034976725e-01 6.569681673842590053e-01 4.642515506540522141e-01 5.197765139664703993e-01 1.362074019604205821e-01 1.335828749654076608e-01 1.250509082739059696e-02 6.573686714878690385e-02
0.000000000000000000e+00 0.000000000000000000e+00 0.000000000000000000e+00 0.000000000000000000e+00 0.000000000000000000e+00 0.000000000000000000e+00 0.000000000000000000e+00 0.000000000000000000e+00 0.000000000000000000e+00 0.000000000000000000e+00 0.000000000000000000e+00 0.000000000000000000e+00 0.000000000000000000e+00 0.000000000000000000e+00 0.000000000000000000e+00 0.000000000000000000e+00 0.000000000000000000e+00 0.000000000000000000e+00 0.000000000000000000e+00 0.000000000000000000e+00 0.000000000000000000e+00 0.000000000000000000e+00 0.000000000000000000e+00 0.000000000000000000e+00 0.000000000000000000e+00 0.000000000000000000e+00 0.000000000000000000e+00 0.000000000000000000e+00 0.000000000000000000e+00 0.000000000000000000e+00 0.000000000000000000e+00 0.000000000000000000e+00 0.000000000000000000e+00 0.000000000000000000e+00 0.000000000000000000e+00 0.000000000000000000e+00 0.000000000000000000e+00 0.000000000000000000e+00 0.000000000000000000e+00 0.000000000000000000e+00 0.000000000000000000e+00 0.000000000000000000e+00 0.000000000000000000e+00 0.000000000000000000e+00 0.000000000000000000e+00 0.000000000000000000e+00 0.000000000000000000e+00 0.000000000000000000e+00 0.000000000000000000e+00 0.000000000000000000e+00 0.000000000000000000e+00 0.000000000000000000e+00 0.000000000000000000e+00 0.000000000000000000e+00 0.000000000000000000e+00 0.000000000000000000e+00 0.000000000000000000e+00 0.000000000000000000e+00 0.000000000000000000e+00 0.000000000000000000e+00 0.000000000000000000e+00 0.000000000000000000e+00 0.000000000000000000e+00 0.000000000000000000e+00 0.000000000000000000e+00 0.000000000000000000e+00 0.000000000000000000e+00 0.000000000000000000e+00 0.000000000000000000e+00 0.000000000000000000e+00 0.000000000000000000e+00 0.000000000000000000e+00 0.000000000000000000e+00 0.000000000000000000e+00 0.000000000000000000e+00 0.000000000000000000e+00 0.000000000000000000e+00 0.000000000000000000e+00 0.000000000000000000e+00 0.000000000000000000e+00 0.000000000000000000e+00 0.000000000000000000e+00 0.000000000000000000e+00 0.000000000000000000e+00 0.000000000000000000e+00 0.000000000000000000e+00 0.000000000000000000e+00 5.337718530790601079e+01 6.302188021365855430e-01 6.449697281562859486e-01 1.668880311003581862e-01 6.120528726920918539e-01 3.076250404346039247e-01 -1.394109856229184263e-01 6.583465849916833035e-01 1.211436872202491521e-01 2.913576903224173176e-01 -1.137769886351572279e-01 7.124679914022470362e-01 5.689536522507510075e-01
0.000000000000000000e+00 0.000000000000000000e+00 0.000000000000000000e+00 0.000000000000000000e+00 0.000000000000000000e+00 0.000000000000000000e+00 0.000000000000000000e+00 0.000000000000000000e+00 0.000000000000000000e+00 0.000000000000000000e+00 0.000000000000000000e+00 0.000000000000000000e+00 0.000000000000000000e+00 0.000000000000000000e+00 0.000000000000000000e+00 0.000000000000000000e+00 0.000000000000000000e+00 0.000000000000000000e+00 0.000000000000000000e+00 0.000000000000000000e+00 0.000000000000000000e+00 0.000000000000000000e+00 0.000000000000000000e+00 0.000000000000000000e+00 0.000000000000000000e+00 0.000000000000000000e+00 0.000000000000000000e+00 0.000000000000000000e+00 0.000000000000000000e+00 0.000000000000000000e+00 0.000000000000000000e+00 0.000000000000000000e+00 0.000000000000000000e+00 0.000000000000000000e+00 0.000000000000000000e+00 0.000000000000000000e+00 0.000000000000000000e+00 0.000000000000000000e+00 0.000000000000000000e+00 0.000000000000000000e+00 0.000000000000000000e+00 0.000000000000000000e+00 0.000000000000000000e+00 0.000000000000000000e+00 0.000000000000000000e+00 0.000000000000000000e+00 0.000000000000000000e+00 0.000000000000000000e+00 0.000000000000000000e+00 0.000000000000000000e+00 0.000000000000000000e+00 0.000000000000000000e+00 0.000000000000000000e+00 0.000000000000000000e+00 0.000000000000000000e+00 0.000000000000000000e+00 0.000000000000000000e+00 0.000000000000000000e+00 0.000000000000000000e+00 0.000000000000000000e+00 0.000000000000000000e+00 0.000000000000000000e+00 0.000000000000000000e+00 0.000000000000000000e+00 0.000000000000000000e+00 0.000000000000000000e+00 0.000000000000000000e+00 0.000000000000000000e+00 0.000000000000000000e+00 0.000000000000000000e+00 0.000000000000000000e+00 0.000000000000000000e+00 0.000000000000000000e+00 0.000000000000000000e+00 0.000000000000000000e+00 0.000000000000000000e+00 0.000000000000000000e+00 0.000000000000000000e+00 0.000000000000000000e+00 0.000000000000000000e+00 0.000000000000000000e+00 0.000000000000000000e+00 0.000000000000000000e+00 0.000000000000000000e+00 0.000000000000000000e+00 0.000000000000000000e+00 0.000000000000000000e+00 0.000000000000000000e+00 5.119807750549094294e+01 1.079727574102633536e-01 7.108623590795764002e-01 3.861240298883085731e-01 1.313706552419404150e-01 -2.173015147300599303e-01 -1.018696929343887170e-01 5.634352325284064378e-01 4.440103922707737683e-01 1.675204418288821218e-01 3.055961846613886035e-02 5.769436686965609962e-01
0.000000000000000000e+00 0.000000000000000000e+00 0.000000000000000000e+00 0.000000000000000000e+00 0.000000000000000000e+00 0.000000000000000000e+00 0.000000000000000000e+00 0.000000000000000000e+00 0.000000000000000000e+00 0.000000000000000000e+00 0.000000000000000000e+00 0.000000000000000000e+00 0.000000000000000000e+00 0.000000000000000000e+00 0.000000000000000000e+00 0.000000000000000000e+00 0.000000000000000000e+00 0.000000000000000000e+00 0.000000000000000000e+00 0.000000000000000000e+00 0.000000000000000000e+00 0.000000000000000000e+00 0.000000000000000000e+00 0.000000000000000000e+00 0.000000000000000000e+00 0.000000000000000000e+00 0.000000000000000000e+00 0.000000000000000000e+00 0.000000000000000000e+00 0.000000000000000000e+00 0.000000000000000000e+00 0.000000000000000000e+00 0.000000000000000000e+00 0.000000000000000000e+00 0.000000000000000000e+00 0.000000000000000000e+00 0.000000000000000000e+00 0.000000000000000000e+00 0.000000000000000000e+00 0.000000000000000000e+00 0.000000000000000000e+00 0.000000000000000000e+00 0.000000000000000000e+00 0.000000000000000000e+00 0.000000000000000000e+00 0.000000000000000000e+00 0.000000000000000000e+00 0.000000000000000000e+00 0.000000000000000000e+00 0.000000000000000000e+00 0.000000000000000000e+00 0.000000000000000000e+00 0.000000000000000000e+00 0.000000000000000000e+00 0.000000000000000000e+00 0.000000000000000000e+00 0.000000000000000000e+00 0.000000000000000000e+00 0.000000000000000000e+00 0.000000000000000000e+00 0.000000000000000000e+00 0.000000000000000000e+00 0.000000000000000000e+00 0.000000000000000000e+00 0.000000000000000000e+00 0.000000000000000000e+00 0.000000000000000000e+00 0.000000000000000000e+00 0.000000000000000000e+00 0.000000000000000000e+00 0.000000000000000000e+00 0.000000000000000000e+00 0.000000000000000000e+00 0.000000000000000000e+00 0.000000000000000000e+00 0.000000000000000000e+00 0.000000000000000000e+00 0.000000000000000000e+00 0.000000000000000000e+00 0.000000000000000000e+00 0.000000000000000000e+00 0.000000000000000000e+00 0.000000000000000000e+00 0.000000000000000000e+00 0.000000000000000000e+00 0.000000000000000000e+00 0.000000000000000000e+00 0.000000000000000000e+00 0.000000000000000000e+00 4.868101139461656857e+01 4.025553862598362231e-01 -1.915938721354835672e-01 4.940603636611536897e-01 6.089119668049618461e-01 -1.556904797867662005e-01 3.623781422111463923e-01 5.974934576076811332e-01 7.928130483444361110e-01 5.089537909391168569e-01 4.839982647086434886e-01
0.000000000000000000e+00 0.000000000000000000e+00 0.000000000000000000e+00 0.000000000000000000e+00 0.000000000000000000e+00 0.000000000000000000e+00 0.000000000000000000e+00 0.000000000000000000e+00 0.000000000000000000e+00 0.000000000000000000e+00 0.000000000000000000e+00 0.000000000000000000e+00 0.000000000000000000e+00 0.000000000000000000e+00 0.000000000000000000e+00 0.000000000000000000e+00 0.000000000000000000e+00 0.000000000000000000e+00 0.000000000000000000e+00 0.000000000000000000e+00 0.000000000000000000e+00 0.000000000000000000e+00 0.000000000000000000e+00 0.000000000000000000e+00 0.000000000000000000e+00 0.000000000000000000e+00 0.000000000000000000e+00 0.000000000000000000e+00 0.000000000000000000e+00 0.000000000000000000e+00 0.000000000000000000e+00 0.000000000000000000e+00 0.000000000000000000e+00 0.000000000000000000e+00 0.000000000000000000e+00 0.000000000000000000e+00 0.000000000000000000e+00 0.000000000000000000e+00 0.000000000000000000e+00 0.000000000000000000e+00 0.000000000000000000e+00 0.000000000000000000e+00 0.000000000000000000e+00 0.000000000000000000e+00 0.000000000000000000e+00 0.000000000000000000e+00 0.000000000000000000e+00 0.000000000000000000e+00 0.000000000000000000e+00 0.000000000000000000e+00 0.000000000000000000e+00 0.000000000000000000e+00 0.000000000000000000e+00 0.000000000000000000e+00 0.000000000000000000e+00 0.000000000000000000e+00 0.000000000000000000e+00 0.000000000000000000e+00 0.000000000000000000e+00 0.000000000000000000e+00 0.000000000000000000e+00 0.000000000000000000e+00 0.000000000000000000e+00 0.000000000000000000e+00 0.000000000000000000e+00 0.000000000000000000e+00 0.000000000000000000e+00 0.000000000000000000e+00 0.000000000000000000e+00 0.000000000000000000e+00 0.000000000000000000e+00 0.000000000000000000e+00 0.000000000000000000e+00 0.000000000000000000e+00 0.000000000000000000e+00 0.000000000000000000e+00 0.000000000000000000e+00 0.000000000000000000e+00 0.000000000000000000e+00 0.000000000000000000e+00 0.000000000000000000e+00 0.000000000000000000e+00 0.000000000000000000e+00 0.000000000000000000e+00 0.000000000000000000e+00 0.000000000000000000e+00 0.000000000000000000e+00 0.000000000000000000e+00 0.000000000000000000e+00 0.000000000000000000e+00 4.951226316012805739e+01 3.848883695447471442e-01 -1.271190458200980866e-01 2.658221044927000509e-01 3.724570918653802298e-02 -2.847628161877641118e-02 -1.869470376075730300e-01 7.244748202362353284e-01 5.491450339496825039e-01 -9.401167967718029872e-02
0.000000000000000000e+00 0.000000000000000000e+00 0.000000000000000000e+00 0.000000000000000000e+00 0.000000000000000000e+00 0.000000000000000000e+00 0.000000000000000000e+00 0.000000000000000000e+00 0.000000000000000000e+00 0.000000000000000000e+00 0.000000000000000000e+00 0.000000000000000000e+00 0.000000000000000000e+00 0.000000000000000000e+00 0.000000000000000000e+00 0.000000000000000000e+00 0.000000000000000000e+00 0.000000000000000000e+00 0.000000000000000000e+00 0.000000000000000000e+00 0.000000000000000000e+00 0.000000000000000000e+00 0.000000000000000000e+00 0.000000000000000000e+00 0.000000000000000000e+00 0.000000000000000000e+00 0.000000000000000000e+00 0.000000000000000000e+00 0.000000000000000000e+00 0.000000000000000000e+00 0.000000000000000000e+00 0.000000000000000000e+00 0.000000000000000000e+00 0.000000000000000000e+00 0.000000000000000000e+00 0.000000000000000000e+00 0.000000000000000000e+00 0.000000000000000000e+00 0.000000000000000000e+00 0.000000000000000000e+00 0.000000000000000000e+00 0.000000000000000000e+00 0.000000000000000000e+00 0.000000000000000000e+00 0.000000000000000000e+00 0.000000000000000000e+00 0.000000000000000000e+00 0.000000000000000000e+00 0.000000000000000000e+00 0.000000000000000000e+00 0.000000000000000000e+00 0.000000000000000000e+00 0.000000000000000000e+00 0.000000000000000000e+00 0.000000000000000000e+00 0.000000000000000000e+00 0.000000000000000000e+00 0.000000000000000000e+00 0.000000000000000000e+00 0.000000000000000000e+00 0.000000000000000000e+00 0.000000000000000000e+00 0.000000000000000000e+00 0.000000000000000000e+00 0.000000000000000000e+00 0.000000000000000000e+00 0.000000000000000000e+00 0.000000000000000000e+00 0.000000000000000000e+00 0.000000000000000000e+00 0.000000000000000000e+00 0.000000000000000000e+00 0.000000000000000000e+00 0.000000000000000000e+00 0.000000000000000000e+00 0.000000000000000000e+00 0.000000000000000000e+00 0.000000000000000000e+00 0.000000000000000000e+00 0.000000000000000000e+00 0.000000000000000000e+00 0.000000000000000000e+00 0.000000000000000000e+00 0.000000000000000000e+00 0.000000000000000000e+00 0.000000000000000000e+00 0.000000000000000000e+00 0.000000000000000000e+00 0.000000000000000000e+00 0.000000000000000000e+00 0.000000000000000000e+00 4.965737863390264550e+01 -8.973479629581795902e-02 4.499182879174034033e-01 6.900734051690290416e-01 5.710791335851503892e-01 4.075567517356482039e-02 -1.982810562414854261e-01 -2.133135418643816172e-01 -1.849478384210722637e-01
0.000000000000000000e+00 0.000000000000000000e+00 0.000000000000000000e+00 0.000000000000000000e+00 0.000000000000000000e+00 0.000000000000000000e+00 0.000000000000000000e+00 0.000000000000000000e+00 0.000000000000000000e+00 0.000000000000000000e+00 0.000000000000000000e+00 0.000000000000000000e+00 0.000000000000000000e+00 0.000000000000000000e+00 0.000000000000000000e+00 0.000000000000000000e+00 0.000000000000000000e+00 0.000000000000000000e+00 0.000000000000000000e+00 0.000000000000000000e+00 0.000000000000000000e+00 0.000000000000000000e+00 0.000000000000000000e+00 0.000000000000000000e+00 0.000000000000000000e+00 0.000000000000000000e+00 0.000000000000000000e+00 0.000000000000000000e+00 0.000000000000000000e+00 0.000000000000000000e+00 0.000000000000000000e+00 0.000000000000000000e+00 0.000000000000000000e+00 0.000000000000000000e+00 0.000000000000000000e+00 0.000000000000000000e+00 0.000000000000000000e+00 0.000000000000000000e+00 0.000000000000000000e+00 0.000000000000000000e+00 0.000000000000000000e+00 0.000000000000000000e+00 0.000000000000000000e+00 0.000000000000000000e+00 0.000000000000000000e+00 0.000000000000000000e+00 0.000000000000000000e+00 0.000000000000000000e+00 0.000000000000000000e+00 0.000000000000000000e+00 0.000000000000000000e+00 0.000000000000000000e+00 0.000000000000000000e+00 0.000000000000000000e+00 0.000000000000000000e+00 0.000000000000000000e+00 0.000000000000000000e+00 0.000000000000000000e+00 0.000000000000000000e+00 0.000000000000000000e+00 0.000000000000000000e+00 0.000000000000000000e+00 0.000000000000000000e+00 0.000000000000000000e+00 0.000000000000000000e+00 0.000000000000000000e+00 0.000000000000000000e+00 0.000000000000000000e+00 0.000000000000000000e+00 0.000000000000000000e+00 0.000000000000000000e+00 0.000000000000000000e+00 0.000000000000000000e+00 0.000000000000000000e+00 0.000000000000000000e+00 0.000000000000000000e+00 0.000000000000000000e+00 0.000000000000000000e+00 0.000000000000000000e+00 0.000000000000000000e+00 0.000000000000000000e+00 0.000000000000000000e+00 0.000000000000000000e+00 0.000000000000000000e+00 0.000000000000000000e+00 0.000000000000000000e+00 0.000000000000000000e+00 0.000000000000000000e+00 0.000000000000000000e+00 0.000000000000000000e+00 0.000000000000000000e+00 0.000000000000000000e+00 5.419158148819587950e+01 -2.117008741787809456e-01 6.598730267315379150e-01 7.631122883118623967e-03 6.191196329538278809e-01 4.251358046644428956e-01 4.869708240044532954e-01 5.267180357338387964e-01
0.000000000000000000e+00 0.000000000000000000e+00 0.000000000000000000e+00 0.000000000000000000e+00 0.000000000000000000e+00 0.000000000000000000e+00 0.000000000000000000e+00 0.000000000000000000e+00 0.000000000000000000e+00 0.000000000000000000e+00 0.000000000000000000e+00 0.000000000000000000e+00 0.000000000000000000e+00 0.000000000000000000e+00 0.000000000000000000e+00 0.000000000000000000e+00 0.000000000000000000e+00 0.000000000000000000e+00 0.000000000000000000e+00 0.000000000000000000e+00 0.000000000000000000e+00 0.000000000000000000e+00 0.000000000000000000e+00 0.000000000000000000e+00 0.000000000000000000e+00 0.000000000000000000e+00 0.000000000000000000e+00 0.000000000000000000e+00 0.000000000000000000e+00 0.000000000000000000e+00 0.000000000000000000e+00 0.000000000000000000e+00 0.000000000000000000e+00 0.000000000000000000e+00 0.000000000000000000e+00 0.000000000000000000e+00 0.000000000000000000e+00 0.000000000000000000e+00 0.000000000000000000e+00 0.000000000000000000e+00 0.000000000000000000e+00 0.000000000000000000e+00 0.000000000000000000e+00 0.000000000000000000e+00 0.000000000000000000e+00 0.000000000000000000e+00 0.000000000000000000e+00 0.000000000000000000e+00 0.000000000000000000e+00 0.000000000000000000e+00 0.000000000000000000e+00 0.000000000000000000e+00 0.000000000000000000e+00 0.000000000000000000e+00 0.000000000000000000e+00 0.000000000000000000e+00 0.000000000000000000e+00 0.000000000000000000e+00 0.000000000000000000e+00 0.000000000000000000e+00 0.000000000000000000e+00 0.000000000000000000e+00 0.000000000000000000e+00 0.000000000000000000e+00 0.000000000000000000e+00 0.000000000000000000e+00 0.000000000000000000e+00 0.000000000000000000e+00 0.000000000000000000e+00 0.000000000000000000e+00 0.000000000000000000e+00 0.000000000000000000e+00 0.000000000000000000e+00 0.000000000000000000e+00 0.000000000000000000e+00 0.000000000000000000e+00 0.000000000000000000e+00 0.000000000000000000e+00 0.000000000000000000e+00 0.000000000000000000e+00 0.000000000000000000e+00 0.000000000000000000e+00 0.000000000000000000e+00 0.000000000000000000e+00 0.000000000000000000e+00 0.000000000000000000e+00 0.000000000000000000e+00 0.000000000000000000e+00 0.000000000000000000e+00 0.000000000000000000e+00 0.000000000000000000e+00 0.000000000000000000e+00 0.000000000000000000e+00 4.878115460243088108e+01 1.509471221597861734e-01 5.713759791580999003e-01 6.394935267965026204e-01 4.674047461628140776e-01 -1.460339619945724698e-02 -1.268332173672350183e-01
0.000000000000000000e+00 0.000000000000000000e+00 0.000000000000000000e+00 0.000000000000000000e+00 0.000000000000000000e+00 0.000000000000000000e+00 0.000000000000000000e+00 0.000000000000000000e+00 0.000000000000000000e+00 0.000000000000000000e+00 0.000000000000000000e+00 0.000000000000000000e+00 0.000000000000000000e+00 0.000000000000000000e+00 0.000000000000000000e+00 0.000000000000000000e+00 0.000000000000000000e+00 0.000000000000000000e+00 0.000000000000000000e+00 0.000000000000000000e+00 0.000000000000000000e+00 0.000000000000000000e+00 0.000000000000000000e+00 0.000000000000000000e+00 0.000000000000000000e+00 0.000000000000000000e+00 0.000000000000000000e+00 0.000000000000000000e+00 0.000000000000000000e+00 0.000000000000000000e+00 0.000000000000000000e+00 0.000000000000000000e+00 0.000000000000000000e+00 0.000000000000000000e+00 0.000000000000000000e+00 0.000000000000000000e+00 0.000000000000000000e+00 0.000000000000000000e+00 0.000000000000000000e+00 0.000000000000000000e+00 0.000000000000000000e+00 0.000000000000000000e+00 0.000000000000000000e+00 0.000000000000000000e+00 0.000000000000000000e+00 0.000000000000000000e+00 0.000000000000000000e+00 0.000000000000000000e+00 0.000000000000000000e+00 0.000000000000000000e+00 0.000000000000000000e+00 0.000000000000000000e+00 0.000000000000000000e+00 0.000000000000000000e+00 0.000000000000000000e+00 0.000000000000000000e+00 0.000000000000000000e+00 0.000000000000000000e+00 0.000000000000000000e+00 0.000000000000000000e+00 0.000000000000000000e+00 0.000000000000000000e+00 0.000000000000000000e+00 0.000000000000000000e+00 0.000000000000000000e+00 0.000000000000000000e+00 0.000000000000000000e+00 0.000000000000000000e+00 0.000000000000000000e+00 0.000000000000000000e+00 0.000000000000000000e+00 0.000000000000000000e+00 0.000000000000000000e+00 0.000000000000000000e+00 0.000000000000000000e+00 0.000000000000000000e+00 0.000000000000000000e+00 0.000000000000000000e+00 0.000000000000000000e+00 0.000000000000000000e+00 0.000000000000000000e+00 0.000000000000000000e+00 0.000000000000000000e+00 0.000000000000000000e+00 0.000000000000000000e+00 0.000000000000000000e+00 0.000000000000000000e+00 0.000000000000000000e+00 0.000000000000000000e+00 0.000000000000000000e+00 0.000000000000000000e+00 0.000000000000000000e+00 0.000000000000000000e+00 0.000000000000000000e+00 4.937469438256358245e+01 5.946051700413272911e-01 -8.303389075344747017e-02 4.056552204457395394e-01 -1.807611552538855304e-01 2.288923879214562196e-01
0.000000000000000000e+00 0.000000000000000000e+00 0.000000000000000000e+00 0.000000000000000000e+00 0.000000000000000000e+00 0.000000000000000000e+00 0.000000000000000000e+00 0.000000000000000000e+00 0.000000000000000000e+00 0.000000000000000000e+00 0.000000000000000000e+00 0.000000000000000000e+00 0.000000000000000000e+00 0.000000000000000000e+00 0.000000000000000000e+00 0.000000000000000000e+00 0.000000000000000000e+00 0.000000000000000000e+00 0.000000000000000000e+00 0.000000000000000000e+00 0.000000000000000000e+00 0.000000000000000000e+00 0.000000000000000000e+00 0.000000000000000000e+00 0.000000000000000000e+00 0.000000000000000000e+00 0.000000000000000000e+00 0.000000000000000000e+00 0.000000000000000000e+00 0.000000000000000000e+00 0.000000000000000000e+00 0.000000000000000000e+00 0.000000000000000000e+00 0.000000000000000000e+00 0.000000000000000000e+00 0.000000000000000000e+00 0.000000000000000000e+00 0.000000000000000000e+00 0.000000000000000000e+00 0.000000000000000000e+00 0.000000000000000000e+00 0.000000000000000000e+00 0.000000000000000000e+00 0.000000000000000000e+00 0.000000000000000000e+00 0.000000000000000000e+00 0.000000000000000000e+00 0.000000000000000000e+00 0.000000000000000000e+00 0.000000000000000000e+00 0.000000000000000000e+00 0.000000000000000000e+00 0.000000000000000000e+00 0.000000000000000000e+00 0.000000000000000000e+00 0.000000000000000000e+00 0.000000000000000000e+00 0.000000000000000000e+00 0.000000000000000000e+00 0.000000000000000000e+00 0.000000000000000000e+00 0.000000000000000000e+00 0.000000000000000000e+00 0.000000000000000000e+00 0.000000000000000000e+00 0.000000000000000000e+00 0.000000000000000000e+00 0.000000000000000000e+00 0.000000000000000000e+00 0.000000000000000000e+00 0.000000000000000000e+00 0.000000000000000000e+00 0.000000000000000000e+00 0.000000000000000000e+00 0.000000000000000000e+00 0.000000000000000000e+00 0.000000000000000000e+00 0.000000000000000000e+00 0.000000000000000000e+00 0.000000000000000000e+00 0.000000000000000000e+00 0.000000000000000000e+00 0.000000000000000000e+00 0.000000000000000000e+00 0.000000000000000000e+00 0.000000000000000000e+00 0.000000000000000000e+00 0.000000000000000000e+00 0.000000000000000000e+00 0.000000000000000000e+00 0.000000000000000000e+00 0.000000000000000000e+00 0.000000000000000000e+00 0.000000000000000000e+00 0.000000000000000000e+00 4.876334801400692953e+01 5.276653845950685096e-01 2.032792822602138560e-01 1.402906073782271834e-01 1.018631213395346791e-01
0.000000000000000000e+00 0.000000000000000000e+00 0.000000000000000000e+00 0.000000000000000000e+00 0.000000000000000000e+00 0.000000000000000000e+00 0.000000000000000000e+00 0.000000000000000000e+00 0.000000000000000000e+00 0.000000000000000000e+00 0.000000000000000000e+00 0.000000000000000000e+00 0.000000000000000000e+00 0.000000000000000000e+00 0.000000000000000000e+00 0.000000000000000000e+00 0.000000000000000000e+00 0.000000000000000000e+00 0.000000000000000000e+00 0.000000000000000000e+00 0.000000000000000000e+00 0.000000000000000000e+00 0.000000000000000000e+00 0.000000000000000000e+00 0.000000000000000000e+00 0.000000000000000000e+00 0.000000000000000000e+00 0.000000000000000000e+00 0.000000000000000000e+00 0.000000000000000000e+00 0.000000000000000000e+00 0.000000000000000000e+00 0.000000000000000000e+00 0.000000000000000000e+00 0.000000000000000000e+00 0.000000000000000000e+00 0.000000000000000000e+00 0.000000000000000000e+00 0.000000000000000000e+00 0.000000000000000000e+00 0.000000000000000000e+00 0.000000000000000000e+00 0.000000000000000000e+00 0.000000000000000000e+00 0.000000000000000000e+00 0.000000000000000000e+00 0.000000000000000000e+00 0.000000000000000000e+00 0.000000000000000000e+00 0.000000000000000000e+00 0.000000000000000000e+00 0.000000000000000000e+00 0.000000000000000000e+00 0.000000000000000000e+00 0.000000000000000000e+00 0.000000000000000000e+00 0.000000000000000000e+00 0.000000000000000000e+00 0.000000000000000000e+00 0.000000000000000000e+00 0.000000000000000000e+00 0.000000000000000000e+00 0.000000000000000000e+00 0.000000000000000000e+00 0.000000000000000000e+00 0.000000000000000000e+00 0.000000000000000000e+00 0.000000000000000000e+00 0.000000000000000000e+00 0.000000000000000000e+00 0.000000000000000000e+00 0.000000000000000000e+00 0.000000000000000000e+00 0.000000000000000000e+00 0.000000000000000000e+00 0.000000000000000000e+00 0.000000000000000000e+00 0.000000000000000000e+00 0.000000000000000000e+00 0.000000000000000000e+00 0.000000000000000000e+00 0.000000000000000000e+00 0.000000000000000000e+00 0.000000000000000000e+00 0.000000000000000000e+00 0.000000000000000000e+00 0.000000000000000000e+00 0.000000000000000000e+00 0.000000000000000000e+00 0.000000000000000000e+00 0.000000000000000000e+00 0.000000000000000000e+00 0.000000000000000000e+00 0.000000000000000000e+00 0.000000000000000000e+00 0.000000000000000000e+00 5.111294762491443322e+01 -1.911602210743208186e-01 -6.067776711444039517e-03 -1.253951460587431899e-01
0.000000000000000000e+00 0.000000000000000000e+00 0.000000000000000000e+00 0.000000000000000000e+00 0.000000000000000000e+00 0.000000000000000000e+00 0.000000000000000000e+00 0.000000000000000000e+00 0.000000000000000000e+00 0.000000000000000000e+00 0.000000000000000000e+00 0.000000000000000000e+00 0.000000000000000000e+00 0.000000000000000000e+00 0.000000000000000000e+00 0.000000000000000000e+00 0.000000000000000000e+00 0.000000000000000000e+00 0.000000000000000000e+00 0.000000000000000000e+00 0.000000000000000000e+00 0.000000000000000000e+00 0.000000000000000000e+00 0.000000000000000000e+00 0.000000000000000000e+00 0.000000000000000000e+00 0.000000000000000000e+00 0.000000000000000000e+00 0.000000000000000000e+00 0.000000000000000000e+00 0.000000000000000000e+00 0.000000000000000000e+00 0.000000000000000000e+00 0.000000000000000000e+00 0.000000000000000000e+00 0.000000000000000000e+00 0.000000000000000000e+00 0.000000000000000000e+00 0.000000000000000000e+00 0.000000000000000000e+00 0.000000000000000000e+00 0.000000000000000000e+00 0.000000000000000000e+00 0.000000000000000000e+00 0.000000000000000000e+00 0.000000000000000000e+00 0.000000000000000000e+00 0.000000000000000000e+00 0.000000000000000000e+00 0.000000000000000000e+00 0.000000000000000000e+00 0.000000000000000000e+00 0.000000000000000000e+00 0.000000000000000000e+00 0.000000000000000000e+00 0.000000000000000000e+00 0.000000000000000000e+00 0.000000000000000000e+00 0.000000000000000000e+00 0.000000000000000000e+00 0.000000000000000000e+00 0.000000000000000000e+00 0.000000000000000000e+00 0.000000000000000000e+00 0.000000000000000000e+00 0.000000000000000000e+00 0.000000000000000000e+00 0.000000000000000000e+00 0.000000000000000000e+00 0.000000000000000000e+00 0.000000000000000000e+00 0.000000000000000000e+00 0.000000000000000000e+00 0.000000000000000000e+00 0.000000000000000000e+00 0.000000000000000000e+00 0.000000000000000000e+00 0.000000000000000000e+00 0.000000000000000000e+00 0.000000000000000000e+00 0.000000000000000000e+00 0.000000000000000000e+00 0.000000000000000000e+00 0.000000000000000000e+00 0.000000000000000000e+00 0.000000000000000000e+00 0.000000000000000000e+00 0.000000000000000000e+00 0.000000000000000000e+00 0.000000000000000000e+00 0.000000000000000000e+00 0.000000000000000000e+00 0.000000000000000000e+00 0.000000000000000000e+00 0.000000000000000000e+00 0.000000000000000000e+00 0.000000000000000000e+00 4.781640184489265977e+01 4.016009254786356286e-01 -3.238426711640349231e-02
0.000000000000000000e+00 0.000000000000000000e+00 0.000000000000000000e+00 0.000000000000000000e+00 0.000000000000000000e+00 0.000000000000000000e+00 0.000000000000000000e+00 0.000000000000000000e+00 0.000000000000000000e+00 0.000000000000000000e+00 0.000000000000000000e+00 0.000000000000000000e+00 0.000000000000000000e+00 0.000000000000000000e+00 0.000000000000000000e+00 0.000000000000000000e+00 0.000000000000000000e+00 0.000000000000000000e+00 0.000000000000000000e+00 0.000000000000000000e+00 0.000000000000000000e+00 0.000000000000000000e+00 0.000000000000000000e+00 0.000000000000000000e+00 0.000000000000000000e+00 0.000000000000000000e+00 0.000000000000000000e+00 0.000000000000000000e+00 0.000000000000000000e+00 0.000000000000000000e+00 0.000000000000000000e+00 0.000000000000000000e+00 0.000000000000000000e+00 0.000000000000000000e+00 0.000000000000000000e+00 0.000000000000000000e+00 0.000000000000000000e+00 0.000000000000000000e+00 0.000000000000000000e+00 0.000000000000000000e+00 0.000000000000000000e+00 0.000000000000000000e+00 0.000000000000000000e+00 0.000000000000000000e+00 0.000000000000000000e+00 0.000000000000000000e+00 0.000000000000000000e+00 0.000000000000000000e+00 0.000000000000000000e+00 0.000000000000000000e+00 0.000000000000000000e+00 0.000000000000000000e+00 0.000000000000000000e+00 0.000000000000000000e+00 0.000000000000000000e+00 0.000000000000000000e+00 0.000000000000000000e+00 0.000000000000000000e+00 0.000000000000000000e+00 0.000000000000000000e+00 0.000000000000000000e+00 0.000000000000000000e+00 0.000000000000000000e+00 0.000000000000000000e+00 0.000000000000000000e+00 0.000000000000000000e+00 0.000000000000000000e+00 0.000000000000000000e+00 0.000000000000000000e+00 0.000000000000000000e+00 0.000000000000000000e+00 0.000000000000000000e+00 0.000000000000000000e+00 0.000000000000000000e+00 0.000000000000000000e+00 0.000000000000000000e+00 0.000000000000000000e+00 0.000000000000000000e+00 0.000000000000000000e+00 0.000000000000000000e+00 0.000000000000000000e+00 0.000000000000000000e+00 0.000000000000000000e+00 0.000000000000000000e+00 0.000000000000000000e+00 0.000000000000000000e+00 0.000000000000000000e+00 0.000000000000000000e+00 0.000000000000000000e+00 0.000000000000000000e+00 0.000000000000000000e+00 0.000000000000000000e+00 0.000000000000000000e+00 0.000000000000000000e+00 0.000000000000000000e+00 0.000000000000000000e+00 0.000000000000000000e+00 0.000000000000000000e+00 5.193490925882142051e+01 5.516529447138668329e-02
0.000000000000000000e+00 0.000000000000000000e+00 0.000000000000000000e+00 0.000000000000000000e+00 0.000000000000000000e+00 0.000000000000000000e+00 0.000000000000000000e+00 0.000000000000000000e+00 0.000000000000000000e+00 0.000000000000000000e+00 0.000000000000000000e+00 0.000000000000000000e+00 0.000000000000000000e+00 0.000000000000000000e+00 0.000000000000000000e+00 0.000000000000000000e+00 0.000000000000000000e+00 0.000000000000000000e+00 0.000000000000000000e+00 0.000000000000000000e+00 0.000000000000000000e+00 0.000000000000000000e+00 0.000000000000000000e+00 0.000000000000000000e+00 0.000000000000000000e+00 0.000000000000000000e+00 0.000000000000000000e+00 0.000000000000000000e+00 0.000000000000000000e+00 0.000000000000000000e+00 0.000000000000000000e+00 0.000000000000000000e+00 0.000000000000000000e+00 0.000000000000000000e+00 0.000000000000000000e+00 0.000000000000000000e+00 0.000000000000000000e+00 0.000000000000000000e+00 0.000000000000000000e+00 0.000000000000000000e+00 0.000000000000000000e+00 0.000000000000000000e+00 0.000000000000000000e+00 0.000000000000000000e+00 0.000000000000000000e+00 0.000000000000000000e+00 0.000000000000000000e+00 0.000000000000000000e+00 0.000000000000000000e+00 0.000000000000000000e+00 0.000000000000000000e+00 0.000000000000000000e+00 0.000000000000000000e+00 0.000000000000000000e+00 0.000000000000000000e+00 0.000000000000000000e+00 0.000000000000000000e+00 0.000000000000000000e+00 0.000000000000000000e+00 0.000000000000000000e+00 0.000000000000000000e+00 0.000000000000000000e+00 0.000000000000000000e+00 0.000000000000000000e+00 0.000000000000000000e+00 0.000000000000000000e+00 0.000000000000000000e+00 0.000000000000000000e+00 0.000000000000000000e+00 0.000000000000000000e+00 0.000000000000000000e+00 0.000000000000000000e+00 0.000000000000000000e+00 0.000000000000000000e+00 0.000000000000000000e+00 0.000000000000000000e+00 0.000000000000000000e+00 0.000000000000000000e+00 0.000000000000000000e+00 0.000000000000000000e+00 0.000000000000000000e+00 0.000000000000000000e+00 0.000000000000000000e+00 0.000000000000000000e+00 0.000000000000000000e+00 0.000000000000000000e+00 0.000000000000000000e+00 0.000000000000000000e+00 0.000000000000000000e+00 0.000000000000000000e+00 0.000000000000000000e+00 0.000000000000000000e+00 0.000000000000000000e+00 0.000000000000000000e+00 0.000000000000000000e+00 0.000000000000000000e+00 0.000000000000000000e+00 0.000000000000000000e+00 0.000000000000000000e+00 4.257411853829474779e+01
