1.000000000000000000e+00 0.000000000000000000e+00 0.000000000000000000e+00 0.000000000000000000e+00 0.000000000000000000e+00 0.000000000000000000e+00 0.000000000000000000e+00 0.000000000000000000e+00 0.000000000000000000e+00 0.000000000000000000e+00 0.000000000000000000e+00 0.000000000000000000e+00 0.000000000000000000e+00 0.000000000000000000e+00 0.000000000000000000e+00 0.000000000000000000e+00 0.000000000000000000e+00 0.000000000000000000e+00 0.000000000000000000e+00 0.000000000000000000e+00 0.000000000000000000e+00 0.000000000000000000e+00 0.000000000000000000e+00 0.000000000000000000e+00 0.000000000000000000e+00 0.000000000000000000e+00 0.000000000000000000e+00 0.000000000000000000e+00 0.000000000000000000e+00 0.000000000000000000e+00 0.000000000000000000e+00 0.000000000000000000e+00 0.000000000000000000e+00 0.000000000000000000e+00 0.000000000000000000e+00 0.000000000000000000e+00 0.000000000000000000e+00 0.000000000000000000e+00 0.000000000000000000e+00 0.000000000000000000e+00 0.000000000000000000e+00 0.000000000000000000e+00 0.000000000000000000e+00 0.000000000000000000e+00 0.000000000000000000e+00 0.000000000000000000e+00 0.000000000000000000e+00 0.000000000000000000e+00 0.000000000000000000e+00 0.000000000000000000e+00 0.000000000000000000e+00 0.000000000000000000e+00 0.000000000000000000e+00 0.000000000000000000e+00 0.000000000000000000e+00 0.000000000000000000e+00 0.000000000000000000e+00 0.000000000000000000e+00 0.000000000000000000e+00 0.000000000000000000e+00 0.000000000000000000e+00 0.000000000000000000e+00 0.000000000000000000e+00 0.000000000000000000e+00 0.000000000000000000e+00 0.000000000000000000e+00 0.000000000000000000e+00 0.000000000000000000e+00 0.000000000000000000e+00 0.000000000000000000e+00 0.000000000000000000e+00 0.000000000000000000e+00 0.000000000000000000e+00 0.000000000000000000e+00 0.000000000000000000e+00 0.000000000000000000e+00 0.000000000000000000e+00 0.000000000000000000e+00 0.000000000000000000e+00 0.000000000000000000e+00 0.000000000000000000e+00 0.000000000000000000e+00 0.000000000000000000e+00 0.000000000000000000e+00 0.000000000000000000e+00 0.000000000000000000e+00 0.000000000000000000e+00 0.000000000000000000e+00 0.000000000000000000e+00 0.000000000000000000e+00 0.000000000000000000e+00 0.000000000000000000e+00 0.000000000000000000e+00 0.000000000000000000e+00 0.000000000000000000e+00 0.000000000000000000e+00 0.000000000000000000e+00 0.000000000000000000e+00 0.000000000000000000e+00 0.000000000000000000e+00
1.740773302773581527e-02 1.000000000000000000e+00 0.000000000000000000e+00 0.000000000000000000e+00 0.000000000000000000e+00 0.000000000000000000e+00 0.000000000000000000e+00 0.000000000000000000e+00 0.000000000000000000e+00 0.000000000000000000e+00 0.000000000000000000e+00 0.000000000000000000e+00 0.000000000000000000e+00 0.000000000000000000e+00 0.000000000000000000e+00 0.000000000000000000e+00 0.000000000000000000e+00 0.000000000000000000e+00 0.000000000000000000e+00 0.000000000000000000e+00 0.000000000000000000e+00 0.000000000000000000e+00 0.000000000000000000e+00 0.000000000000000000e+00 0.000000000000000000e+00 0.000000000000000000e+00 0.000000000000000000e+00 0.000000000000000000e+00 0.000000000000000000e+00 0.000000000000000000e+00 0.000000000000000000e+00 0.000000000000000000e+00 0.000000000000000000e+00 0.000000000000000000e+00 0.000000000000000000e+00 0.000000000000000000e+00 0.000000000000000000e+00 0.000000000000000000e+00 0.000000000000000000e+00 0.000000000000000000e+00 0.000000000000000000e+00 0.000000000000000000e+00 0.000000000000000000e+00 0.000000000000000000e+00 0.000000000000000000e+00 0.000000000000000000e+00 0.000000000000000000e+00 0.000000000000000000e+00 0.000000000000000000e+00 0.000000000000000000e+00 0.000000000000000000e+00 0.000000000000000000e+00 0.000000000000000000e+00 0.000000000000000000e+00 0.000000000000000000e+00 0.000000000000000000e+00 0.000000000000000000e+00 0.000000000000000000e+00 0.000000000000000000e+00 0.000000000000000000e+00 0.000000000000000000e+00 0.000000000000000000e+00 0.000000000000000000e+00 0.000000000000000000e+00 0.000000000000000000e+00 0.000000000000000000e+00 0.000000000000000000e+00 0.000000000000000000e+00 0.000000000000000000e+00 0.000000000000000000e+00 0.000000000000000000e+00 0.000000000000000000e+00 0.000000000000000000e+00 0.000000000000000000e+00 0.000000000000000000e+00 0.000000000000000000e+00 0.000000000000000000e+00 0.000000000000000000e+00 0.000000000000000000e+00 0.000000000000000000e+00 0.000000000000000000e+00 0.000000000000000000e+00 0.000000000000000000e+00 0.000000000000000000e+00 0.000000000000000000e+00 0.000000000000000000e+00 0.000000000000000000e+00 0.000000000000000000e+00 0.000000000000000000e+00 0.000000000000000000e+00 0.000000000000000000e+00 0.000000000000000000e+00 0.000000000000000000e+00 0.000000000000000000e+00 0.000000000000000000e+00 0.000000000000000000e+00 0.000000000000000000e+00 0.000000000000000000e+00 0.000000000000000000e+00 0.000000000000000000e+00
5.613322916967661107e-03 1.190990079435222393e-02 1.000000000000000000e+00 0.000000000000000000e+00 0.000000000000000000e+00 0.000000000000000000e+00 0.000000000000000000e+00 0.000000000000000000e+00 0.000000000000000000e+00 0.000000000000000000e+00 0.000000000000000000e+00 0.000000000000000000e+00 0.000000000000000000e+00 0.000000000000000000e+00 0.000000000000000000e+00 0.000000000000000000e+00 0.000000000000000000e+00 0.000000000000000000e+00 0.000000000000000000e+00 0.000000000000000000e+00 0.000000000000000000e+00 0.000000000000000000e+00 0.000000000000000000e+00 0.000000000000000000e+00 0.000000000000000000e+00 0.000000000000000000e+00 0.000000000000000000e+00 0.000000000000000000e+00 0.000000000000000000e+00 0.000000000000000000e+00 0.000000000000000000e+00 0.000000000000000000e+00 0.000000000000000000e+00 0.000000000000000000e+00 0.000000000000000000e+00 0.000000000000000000e+00 0.000000000000000000e+00 0.000000000000000000e+00 0.000000000000000000e+00 0.000000000000000000e+00 0.000000000000000000e+00 0.000000000000000000e+00 0.000000000000000000e+00 0.000000000000000000e+00 0.000000000000000000e+00 0.000000000000000000e+00 0.000000000000000000e+00 0.000000000000000000e+00 0.000000000000000000e+00 0.000000000000000000e+00 0.000000000000000000e+00 0.000000000000000000e+00 0.000000000000000000e+00 0.000000000000000000e+00 0.000000000000000000e+00 0.000000000000000000e+00 0.000000000000000000e+00 0.000000000000000000e+00 0.000000000000000000e+00 0.000000000000000000e+00 0.000000000000000000e+00 0.000000000000000000e+00 0.000000000000000000e+00 0.000000000000000000e+00 0.000000000000000000e+00 0.000000000000000000e+00 0.000000000000000000e+00 0.000000000000000000e+00 0.000000000000000000e+00 0.000000000000000000e+00 0.000000000000000000e+00 0.000000000000000000e+00 0.000000000000000000e+00 0.000000000000000000e+00 0.000000000000000000e+00 0.000000000000000000e+00 0.000000000000000000e+00 0.000000000000000000e+00 0.000000000000000000e+00 0.000000000000000000e+00 0.000000000000000000e+00 0.000000000000000000e+00 0.000000000000000000e+00 0.000000000000000000e+00 0.000000000000000000e+00 0.000000000000000000e+00 0.000000000000000000e+00 0.000000000000000000e+00 0.000000000000000000e+00 0.000000000000000000e+00 0.000000000000000000e+00 0.000000000000000000e+00 0.000000000000000000e+00 0.000000000000000000e+00 0.000000000000000000e+00 0.000000000000000000e+00 0.000000000000000000e+00 0.000000000000000000e+00 0.000000000000000000e+00 0.000000000000000000e+00
2.018964193393038911e-02 1.045617970687229802e-02 6.279445974140332454e-03 1.000000000000000000e+00 0.000000000000000000e+00 0.000000000000000000e+00 0.000000000000000000e+00 0.000000000000000000e+00 0.000000000000000000e+00 0.000000000000000000e+00 0.000000000000000000e+00 0.000000000000000000e+00 0.000000000000000000e+00 0.000000000000000000e+00 0.000000000000000000e+00 0.000000000000000000e+00 0.000000000000000000e+00 0.000000000000000000e+00 0.000000000000000000e+00 0.000000000000000000e+00 0.000000000000000000e+00 0.000000000000000000e+00 0.000000000000000000e+00 0.000000000000000000e+00 0.000000000000000000e+00 0.000000000000000000e+00 0.000000000000000000e+00 0.000000000000000000e+00 0.000000000000000000e+00 0.000000000000000000e+00 0.000000000000000000e+00 0.000000000000000000e+00 0.000000000000000000e+00 0.000000000000000000e+00 0.000000000000000000e+00 0.000000000000000000e+00 0.000000000000000000e+00 0.000000000000000000e+00 0.000000000000000000e+00 0.000000000000000000e+00 0.000000000000000000e+00 0.000000000000000000e+00 0.000000000000000000e+00 0.000000000000000000e+00 0.000000000000000000e+00 0.000000000000000000e+00 0.000000000000000000e+00 0.000000000000000000e+00 0.000000000000000000e+00 0.000000000000000000e+00 0.000000000000000000e+00 0.000000000000000000e+00 0.000000000000000000e+00 0.000000000000000000e+00 0.000000000000000000e+00 0.000000000000000000e+00 0.000000000000000000e+00 0.000000000000000000e+00 0.000000000000000000e+00 0.000000000000000000e+00 0.000000000000000000e+00 0.000000000000000000e+00 0.000000000000000000e+00 0.000000000000000000e+00 0.000000000000000000e+00 0.000000000000000000e+00 0.000000000000000000e+00 0.000000000000000000e+00 0.000000000000000000e+00 0.000000000000000000e+00 0.000000000000000000e+00 0.000000000000000000e+00 0.000000000000000000e+00 0.000000000000000000e+00 0.000000000000000000e+00 0.000000000000000000e+00 0.000000000000000000e+00 0.000000000000000000e+00 0.000000000000000000e+00 0.000000000000000000e+00 0.000000000000000000e+00 0.000000000000000000e+00 0.000000000000000000e+00 0.000000000000000000e+00 0.000000000000000000e+00 0.000000000000000000e+00 0.000000000000000000e+00 0.000000000000000000e+00 0.000000000000000000e+00 0.000000000000000000e+00 0.000000000000000000e+00 0.000000000000000000e+00 0.000000000000000000e+00 0.000000000000000000e+00 0.000000000000000000e+00 0.000000000000000000e+00 0.000000000000000000e+00 0.000000000000000000e+00 0.000000000000000000e+00 0.000000000000000000e+00
1.809179009713818981e-02 8.082886315434799004e-03 4.967008105448558926e-03 1.823234747348319654e-02 1.000000000000000000e+00 0.000000000000000000e+00 0.000000000000000000e+00 0.000000000000000000e+00 0.000000000000000000e+00 0.000000000000000000e+00 0.000000000000000000e+00 0.000000000000000000e+00 0.000000000000000000e+00 0.000000000000000000e+00 0.000000000000000000e+00 0.000000000000000000e+00 0.000000000000000000e+00 0.000000000000000000e+00 0.000000000000000000e+00 0.000000000000000000e+00 0.000000000000000000e+00 0.000000000000000000e+00 0.000000000000000000e+00 0.000000000000000000e+00 0.000000000000000000e+00 0.000000000000000000e+00 0.000000000000000000e+00 0.000000000000000000e+00 0.000000000000000000e+00 0.000000000000000000e+00 0.000000000000000000e+00 0.000000000000000000e+00 0.000000000000000000e+00 0.000000000000000000e+00 0.000000000000000000e+00 0.000000000000000000e+00 0.000000000000000000e+00 0.000000000000000000e+00 0.000000000000000000e+00 0.000000000000000000e+00 0.000000000000000000e+00 0.000000000000000000e+00 0.000000000000000000e+00 0.000000000000000000e+00 0.000000000000000000e+00 0.000000000000000000e+00 0.000000000000000000e+00 0.000000000000000000e+00 0.000000000000000000e+00 0.000000000000000000e+00 0.000000000000000000e+00 0.000000000000000000e+00 0.000000000000000000e+00 0.000000000000000000e+00 0.000000000000000000e+00 0.000000000000000000e+00 0.000000000000000000e+00 0.000000000000000000e+00 0.000000000000000000e+00 0.000000000000000000e+00 0.000000000000000000e+00 0.000000000000000000e+00 0.000000000000000000e+00 0.000000000000000000e+00 0.000000000000000000e+00 0.000000000000000000e+00 0.000000000000000000e+00 0.000000000000000000e+00 0.000000000000000000e+00 0.000000000000000000e+00 0.000000000000000000e+00 0.000000000000000000e+00 0.000000000000000000e+00 0.000000000000000000e+00 0.000000000000000000e+00 0.000000000000000000e+00 0.000000000000000000e+00 0.000000000000000000e+00 0.000000000000000000e+00 0.000000000000000000e+00 0.000000000000000000e+00 0.000000000000000000e+00 0.000000000000000000e+00 0.000000000000000000e+00 0.000000000000000000e+00 0.000000000000000000e+00 0.000000000000000000e+00 0.000000000000000000e+00 0.000000000000000000e+00 0.000000000000000000e+00 0.000000000000000000e+00 0.000000000000000000e+00 0.000000000000000000e+00 0.000000000000000000e+00 0.000000000000000000e+00 0.000000000000000000e+00 0.000000000000000000e+00 0.000000000000000000e+00 0.000000000000000000e+00 0.000000000000000000e+00
1.063710447044236354e-02 3.552478965579424983e-03 8.932175915278221801e-03 5.156251249130276455e-04 1.234837786909269951e-02 1.000000000000000000e+00 0.000000000000000000e+00 0.000000000000000000e+00 0.000000000000000000e+00 0.000000000000000000e+00 0.000000000000000000e+00 0.000000000000000000e+00 0.000000000000000000e+00 0.000000000000000000e+00 0.000000000000000000e+00 0.000000000000000000e+00 0.000000000000000000e+00 0.000000000000000000e+00 0.000000000000000000e+00 0.000000000000000000e+00 0.000000000000000000e+00 0.000000000000000000e+00 0.000000000000000000e+00 0.000000000000000000e+00 0.000000000000000000e+00 0.000000000000000000e+00 0.000000000000000000e+00 0.000000000000000000e+00 0.000000000000000000e+00 0.000000000000000000e+00 0.000000000000000000e+00 0.000000000000000000e+00 0.000000000000000000e+00 0.000000000000000000e+00 0.000000000000000000e+00 0.000000000000000000e+00 0.000000000000000000e+00 0.000000000000000000e+00 0.000000000000000000e+00 0.000000000000000000e+00 0.000000000000000000e+00 0.000000000000000000e+00 0.000000000000000000e+00 0.000000000000000000e+00 0.000000000000000000e+00 0.000000000000000000e+00 0.000000000000000000e+00 0.000000000000000000e+00 0.000000000000000000e+00 0.000000000000000000e+00 0.000000000000000000e+00 0.000000000000000000e+00 0.000000000000000000e+00 0.000000000000000000e+00 0.000000000000000000e+00 0.000000000000000000e+00 0.000000000000000000e+00 0.000000000000000000e+00 0.000000000000000000e+00 0.000000000000000000e+00 0.000000000000000000e+00 0.000000000000000000e+00 0.000000000000000000e+00 0.000000000000000000e+00 0.000000000000000000e+00 0.000000000000000000e+00 0.000000000000000000e+00 0.000000000000000000e+00 0.000000000000000000e+00 0.000000000000000000e+00 0.000000000000000000e+00 0.000000000000000000e+00 0.000000000000000000e+00 0.000000000000000000e+00 0.000000000000000000e+00 0.000000000000000000e+00 0.000000000000000000e+00 0.000000000000000000e+00 0.000000000000000000e+00 0.000000000000000000e+00 0.000000000000000000e+00 0.000000000000000000e+00 0.000000000000000000e+00 0.000000000000000000e+00 0.000000000000000000e+00 0.000000000000000000e+00 0.000000000000000000e+00 0.000000000000000000e+00 0.000000000000000000e+00 0.000000000000000000e+00 0.000000000000000000e+00 0.000000000000000000e+00 0.000000000000000000e+00 0.000000000000000000e+00 0.000000000000000000e+00 0.000000000000000000e+00 0.000000000000000000e+00 0.000000000000000000e+00 0.000000000000000000e+00 0.000000000000000000e+00
3.930993532337720593e-03 6.340752201249042451e-03 1.117006083967160036e-02 1.110908987526525518e-02 2.038281917165804969e-03 8.101245873707959471e-04 1.000000000000000000e+00 0.000000000000000000e+00 0.000000000000000000e+00 0.000000000000000000e+00 0.000000000000000000e+00 0.000000000000000000e+00 0.000000000000000000e+00 0.000000000000000000e+00 0.000000000000000000e+00 0.000000000000000000e+00 0.000000000000000000e+00 0.000000000000000000e+00 0.000000000000000000e+00 0.000000000000000000e+00 0.000000000000000000e+00 0.000000000000000000e+00 0.000000000000000000e+00 0.000000000000000000e+00 0.000000000000000000e+00 0.000000000000000000e+00 0.000000000000000000e+00 0.000000000000000000e+00 0.000000000000000000e+00 0.000000000000000000e+00 0.000000000000000000e+00 0.000000000000000000e+00 0.000000000000000000e+00 0.000000000000000000e+00 0.000000000000000000e+00 0.000000000000000000e+00 0.000000000000000000e+00 0.000000000000000000e+00 0.000000000000000000e+00 0.000000000000000000e+00 0.000000000000000000e+00 0.000000000000000000e+00 0.000000000000000000e+00 0.000000000000000000e+00 0.000000000000000000e+00 0.000000000000000000e+00 0.000000000000000000e+00 0.000000000000000000e+00 0.000000000000000000e+00 0.000000000000000000e+00 0.000000000000000000e+00 0.000000000000000000e+00 0.000000000000000000e+00 0.000000000000000000e+00 0.000000000000000000e+00 0.000000000000000000e+00 0.000000000000000000e+00 0.000000000000000000e+00 0.000000000000000000e+00 0.000000000000000000e+00 0.000000000000000000e+00 0.000000000000000000e+00 0.000000000000000000e+00 0.000000000000000000e+00 0.000000000000000000e+00 0.000000000000000000e+00 0.000000000000000000e+00 0.000000000000000000e+00 0.000000000000000000e+00 0.000000000000000000e+00 0.000000000000000000e+00 0.000000000000000000e+00 0.000000000000000000e+00 0.000000000000000000e+00 0.000000000000000000e+00 0.000000000000000000e+00 0.000000000000000000e+00 0.000000000000000000e+00 0.000000000000000000e+00 0.000000000000000000e+00 0.000000000000000000e+00 0.000000000000000000e+00 0.000000000000000000e+00 0.000000000000000000e+00 0.000000000000000000e+00 0.000000000000000000e+00 0.000000000000000000e+00 0.000000000000000000e+00 0.000000000000000000e+00 0.000000000000000000e+00 0.000000000000000000e+00 0.000000000000000000e+00 0.000000000000000000e+00 0.000000000000000000e+00 0.000000000000000000e+00 0.000000000000000000e+00 0.000000000000000000e+00 0.000000000000000000e+00 0.000000000000000000e+00 0.000000000000000000e+00
1.282179993927397288e-02 9.612745628262323039e-03 3.310968194339167225e-03 8.326110562034305012e-04 1.991753320118755909e-03 8.503650511381298169e-03 1.987515447963196860e-02 1.000000000000000000e+00 0.000000000000000000e+00 0.000000000000000000e+00 0.000000000000000000e+00 0.000000000000000000e+00 0.000000000000000000e+00 0.000000000000000000e+00 0.000000000000000000e+00 0.000000000000000000e+00 0.000000000000000000e+00 0.000000000000000000e+00 0.000000000000000000e+00 0.000000000000000000e+00 0.000000000000000000e+00 0.000000000000000000e+00 0.000000000000000000e+00 0.000000000000000000e+00 0.000000000000000000e+00 0.000000000000000000e+00 0.000000000000000000e+00 0.000000000000000000e+00 0.000000000000000000e+00 0.000000000000000000e+00 0.000000000000000000e+00 0.000000000000000000e+00 0.000000000000000000e+00 0.000000000000000000e+00 0.000000000000000000e+00 0.000000000000000000e+00 0.000000000000000000e+00 0.000000000000000000e+00 0.000000000000000000e+00 0.000000000000000000e+00 0.000000000000000000e+00 0.000000000000000000e+00 0.000000000000000000e+00 0.000000000000000000e+00 0.000000000000000000e+00 0.000000000000000000e+00 0.000000000000000000e+00 0.000000000000000000e+00 0.000000000000000000e+00 0.000000000000000000e+00 0.000000000000000000e+00 0.000000000000000000e+00 0.000000000000000000e+00 0.000000000000000000e+00 0.000000000000000000e+00 0.000000000000000000e+00 0.000000000000000000e+00 0.000000000000000000e+00 0.000000000000000000e+00 0.000000000000000000e+00 0.000000000000000000e+00 0.000000000000000000e+00 0.000000000000000000e+00 0.000000000000000000e+00 0.000000000000000000e+00 0.000000000000000000e+00 0.000000000000000000e+00 0.000000000000000000e+00 0.000000000000000000e+00 0.000000000000000000e+00 0.000000000000000000e+00 0.000000000000000000e+00 0.000000000000000000e+00 0.000000000000000000e+00 0.000000000000000000e+00 0.000000000000000000e+00 0.000000000000000000e+00 0.000000000000000000e+00 0.000000000000000000e+00 0.000000000000000000e+00 0.000000000000000000e+00 0.000000000000000000e+00 0.000000000000000000e+00 0.000000000000000000e+00 0.000000000000000000e+00 0.000000000000000000e+00 0.000000000000000000e+00 0.000000000000000000e+00 0.000000000000000000e+00 0.000000000000000000e+00 0.000000000000000000e+00 0.000000000000000000e+00 0.000000000000000000e+00 0.000000000000000000e+00 0.000000000000000000e+00 0.000000000000000000e+00 0.000000000000000000e+00 0.000000000000000000e+00 0.000000000000000000e+00 0.000000000000000000e+00
2.726882045745075180e-03 1.602259894011194910e-02 8.507640935058350534e-03 1.689196630784887271e-02 1.289116681719394870e-02 4.540928393347704733e-03 1.531428747097723572e-02 1.105449848962310883e-02 1.000000000000000000e+00 0.000000000000000000e+00 0.000000000000000000e+00 0.000000000000000000e+00 0.000000000000000000e+00 0.000000000000000000e+00 0.000000000000000000e+00 0.000000000000000000e+00 0.000000000000000000e+00 0.000000000000000000e+00 0.000000000000000000e+00 0.000000000000000000e+00 0.000000000000000000e+00 0.000000000000000000e+00 0.000000000000000000e+00 0.000000000000000000e+00 0.000000000000000000e+00 0.000000000000000000e+00 0.000000000000000000e+00 0.000000000000000000e+00 0.000000000000000000e+00 0.000000000000000000e+00 0.000000000000000000e+00 0.000000000000000000e+00 0.000000000000000000e+00 0.000000000000000000e+00 0.000000000000000000e+00 0.000000000000000000e+00 0.000000000000000000e+00 0.000000000000000000e+00 0.000000000000000000e+00 0.000000000000000000e+00 0.000000000000000000e+00 0.000000000000000000e+00 0.000000000000000000e+00 0.000000000000000000e+00 0.000000000000000000e+00 0.000000000000000000e+00 0.000000000000000000e+00 0.000000000000000000e+00 0.000000000000000000e+00 0.000000000000000000e+00 0.000000000000000000e+00 0.000000000000000000e+00 0.000000000000000000e+00 0.000000000000000000e+00 0.000000000000000000e+00 0.000000000000000000e+00 0.000000000000000000e+00 0.000000000000000000e+00 0.000000000000000000e+00 0.000000000000000000e+00 0.000000000000000000e+00 0.000000000000000000e+00 0.000000000000000000e+00 0.000000000000000000e+00 0.000000000000000000e+00 0.000000000000000000e+00 0.000000000000000000e+00 0.000000000000000000e+00 0.000000000000000000e+00 0.000000000000000000e+00 0.000000000000000000e+00 0.000000000000000000e+00 0.000000000000000000e+00 0.000000000000000000e+00 0.000000000000000000e+00 0.000000000000000000e+00 0.000000000000000000e+00 0.000000000000000000e+00 0.000000000000000000e+00 0.000000000000000000e+00 0.000000000000000000e+00 0.000000000000000000e+00 0.000000000000000000e+00 0.000000000000000000e+00 0.000000000000000000e+00 0.000000000000000000e+00 0.000000000000000000e+00 0.000000000000000000e+00 0.000000000000000000e+00 0.000000000000000000e+00 0.000000000000000000e+00 0.000000000000000000e+00 0.000000000000000000e+00 0.000000000000000000e+00 0.000000000000000000e+00 0.000000000000000000e+00 0.000000000000000000e+00 0.000000000000000000e+00 0.000000000000000000e+00 0.000000000000000000e+00
8.490119509706867823e-03 1.749075470812458399e-02 9.932168204928095226e-03 1.386180361545738364e-02 3.119370732990714781e-03 3.692776122005134772e-03 1.615288542055230703e-02 1.675221365836614476e-02 1.714607545715691669e-02 1.000000000000000000e+00 0.000000000000000000e+00 0.000000000000000000e+00 0.000000000000000000e+00 0.000000000000000000e+00 0.000000000000000000e+00 0.000000000000000000e+00 0.000000000000000000e+00 0.000000000000000000e+00 0.000000000000000000e+00 0.000000000000000000e+00 0.000000000000000000e+00 0.000000000000000000e+00 0.000000000000000000e+00 0.000000000000000000e+00 0.000000000000000000e+00 0.000000000000000000e+00 0.000000000000000000e+00 0.000000000000000000e+00 0.000000000000000000e+00 0.000000000000000000e+00 0.000000000000000000e+00 0.000000000000000000e+00 0.000000000000000000e+00 0.000000000000000000e+00 0.000000000000000000e+00 0.000000000000000000e+00 0.000000000000000000e+00 0.000000000000000000e+00 0.000000000000000000e+00 0.000000000000000000e+00 0.000000000000000000e+00 0.000000000000000000e+00 0.000000000000000000e+00 0.000000000000000000e+00 0.000000000000000000e+00 0.000000000000000000e+00 0.000000000000000000e+00 0.000000000000000000e+00 0.000000000000000000e+00 0.000000000000000000e+00 0.000000000000000000e+00 0.000000000000000000e+00 0.000000000000000000e+00 0.000000000000000000e+00 0.000000000000000000e+00 0.000000000000000000e+00 0.000000000000000000e+00 0.000000000000000000e+00 0.000000000000000000e+00 0.000000000000000000e+00 0.000000000000000000e+00 0.000000000000000000e+00 0.000000000000000000e+00 0.000000000000000000e+00 0.000000000000000000e+00 0.000000000000000000e+00 0.000000000000000000e+00 0.000000000000000000e+00 0.000000000000000000e+00 0.000000000000000000e+00 0.000000000000000000e+00 0.000000000000000000e+00 0.000000000000000000e+00 0.000000000000000000e+00 0.000000000000000000e+00 0.000000000000000000e+00 0.000000000000000000e+00 0.000000000000000000e+00 0.000000000000000000e+00 0.000000000000000000e+00 0.000000000000000000e+00 0.000000000000000000e+00 0.000000000000000000e+00 0.000000000000000000e+00 0.000000000000000000e+00 0.000000000000000000e+00 0.000000000000000000e+00 0.000000000000000000e+00 0.000000000000000000e+00 0.000000000000000000e+00 0.000000000000000000e+00 0.000000000000000000e+00 0.000000000000000000e+00 0.000000000000000000e+00 0.000000000000000000e+00 0.000000000000000000e+00 0.000000000000000000e+00 0.000000000000000000e+00 0.000000000000000000e+00 0.000000000000000000e+00
1.220094186699021907e-02 4.975887814073401590e-03 1.848581532770711064e-02 2.840291920674266855e-03 3.122491591063188653e-03 9.394478202996917396e-03 1.229285468265922015e-03 1.069936642394729576e-02 1.391598196748818246e-02 1.622841607307489234e-02 1.000000000000000000e+00 0.000000000000000000e+00 0.000000000000000000e+00 0.000000000000000000e+00 0.000000000000000000e+00 0.000000000000000000e+00 0.000000000000000000e+00 0.000000000000000000e+00 0.000000000000000000e+00 0.000000000000000000e+00 0.000000000000000000e+00 0.000000000000000000e+00 0.000000000000000000e+00 0.000000000000000000e+00 0.000000000000000000e+00 0.000000000000000000e+00 0.000000000000000000e+00 0.000000000000000000e+00 0.000000000000000000e+00 0.000000000000000000e+00 0.000000000000000000e+00 0.000000000000000000e+00 0.000000000000000000e+00 0.000000000000000000e+00 0.000000000000000000e+00 0.000000000000000000e+00 0.000000000000000000e+00 0.000000000000000000e+00 0.000000000000000000e+00 0.000000000000000000e+00 0.000000000000000000e+00 0.000000000000000000e+00 0.000000000000000000e+00 0.000000000000000000e+00 0.000000000000000000e+00 0.000000000000000000e+00 0.000000000000000000e+00 0.000000000000000000e+00 0.000000000000000000e+00 0.000000000000000000e+00 0.000000000000000000e+00 0.000000000000000000e+00 0.000000000000000000e+00 0.000000000000000000e+00 0.000000000000000000e+00 0.000000000000000000e+00 0.000000000000000000e+00 0.000000000000000000e+00 0.000000000000000000e+00 0.000000000000000000e+00 0.000000000000000000e+00 0.000000000000000000e+00 0.000000000000000000e+00 0.000000000000000000e+00 0.000000000000000000e+00 0.000000000000000000e+00 0.000000000000000000e+00 0.000000000000000000e+00 0.000000000000000000e+00 0.000000000000000000e+00 0.000000000000000000e+00 0.000000000000000000e+00 0.000000000000000000e+00 0.000000000000000000e+00 0.000000000000000000e+00 0.000000000000000000e+00 0.000000000000000000e+00 0.000000000000000000e+00 0.000000000000000000e+00 0.000000000000000000e+00 0.000000000000000000e+00 0.000000000000000000e+00 0.000000000000000000e+00 0.000000000000000000e+00 0.000000000000000000e+00 0.000000000000000000e+00 0.000000000000000000e+00 0.000000000000000000e+00 0.000000000000000000e+00 0.000000000000000000e+00 0.000000000000000000e+00 0.000000000000000000e+00 0.000000000000000000e+00 0.000000000000000000e+00 0.000000000000000000e+00 0.000000000000000000e+00 0.000000000000000000e+00 0.000000000000000000e+00 0.000000000000000000e+00 0.000000000000000000e+00
1.921685492991827282e-02 2.899508129070610830e-04 1.770131017664642800e-02 1.078148811217380029e-02 1.156301879866520818e-02 -1.908592119905935195e-04 8.594327098220846950e-03 6.941023687797839674e-03 3.418894505082426417e-03 3.792898119844516098e-03 1.949439040289728531e-02 1.000000000000000000e+00 0.000000000000000000e+00 0.000000000000000000e+00 0.000000000000000000e+00 0.000000000000000000e+00 0.000000000000000000e+00 0.000000000000000000e+00 0.000000000000000000e+00 0.000000000000000000e+00 0.000000000000000000e+00 0.000000000000000000e+00 0.000000000000000000e+00 0.000000000000000000e+00 0.000000000000000000e+00 0.000000000000000000e+00 0.000000000000000000e+00 0.000000000000000000e+00 0.000000000000000000e+00 0.000000000000000000e+00 0.000000000000000000e+00 0.000000000000000000e+00 0.000000000000000000e+00 0.000000000000000000e+00 0.000000000000000000e+00 0.000000000000000000e+00 0.000000000000000000e+00 0.000000000000000000e+00 0.000000000000000000e+00 0.000000000000000000e+00 0.000000000000000000e+00 0.000000000000000000e+00 0.000000000000000000e+00 0.000000000000000000e+00 0.000000000000000000e+00 0.000000000000000000e+00 0.000000000000000000e+00 0.000000000000000000e+00 0.000000000000000000e+00 0.000000000000000000e+00 0.000000000000000000e+00 0.000000000000000000e+00 0.000000000000000000e+00 0.000000000000000000e+00 0.000000000000000000e+00 0.000000000000000000e+00 0.000000000000000000e+00 0.000000000000000000e+00 0.000000000000000000e+00 0.000000000000000000e+00 0.000000000000000000e+00 0.000000000000000000e+00 0.000000000000000000e+00 0.000000000000000000e+00 0.000000000000000000e+00 0.000000000000000000e+00 0.000000000000000000e+00 0.000000000000000000e+00 0.000000000000000000e+00 0.000000000000000000e+00 0.000000000000000000e+00 0.000000000000000000e+00 0.000000000000000000e+00 0.000000000000000000e+00 0.000000000000000000e+00 0.000000000000000000e+00 0.000000000000000000e+00 0.000000000000000000e+00 0.000000000000000000e+00 0.000000000000000000e+00 0.000000000000000000e+00 0.000000000000000000e+00 0.000000000000000000e+00 0.000000000000000000e+00 0.000000000000000000e+00 0.000000000000000000e+00 0.000000000000000000e+00 0.000000000000000000e+00 0.000000000000000000e+00 0.000000000000000000e+00 0.000000000000000000e+00 0.000000000000000000e+00 0.000000000000000000e+00 0.000000000000000000e+00 0.000000000000000000e+00 0.000000000000000000e+00 0.000000000000000000e+00 0.000000000000000000e+00 0.000000000000000000e+00 0.000000000000000000e+00
1.130273440033983771e-02 1.518143256804165876e-02 1.849695289560310610e-02 1.173192112129369663e-02 8.572493081083671501e-03 3.459774085728449609e-03 1.037421594409489688e-02 1.456444883271061815e-02 1.323419417859527519e-02 1.507152747553561732e-02 8.711397330984969531e-03 1.454330016495027945e-02 1.000000000000000000e+00 0.000000000000000000e+00 0.000000000000000000e+00 0.000000000000000000e+00 0.000000000000000000e+00 0.000000000000000000e+00 0.000000000000000000e+00 0.000000000000000000e+00 0.000000000000000000e+00 0.000000000000000000e+00 0.000000000000000000e+00 0.000000000000000000e+00 0.000000000000000000e+00 0.000000000000000000e+00 0.000000000000000000e+00 0.000000000000000000e+00 0.000000000000000000e+00 0.000000000000000000e+00 0.000000000000000000e+00 0.000000000000000000e+00 0.000000000000000000e+00 0.000000000000000000e+00 0.000000000000000000e+00 0.000000000000000000e+00 0.000000000000000000e+00 0.000000000000000000e+00 0.000000000000000000e+00 0.000000000000000000e+00 0.000000000000000000e+00 0.000000000000000000e+00 0.000000000000000000e+00 0.000000000000000000e+00 0.000000000000000000e+00 0.000000000000000000e+00 0.000000000000000000e+00 0.000000000000000000e+00 0.000000000000000000e+00 0.000000000000000000e+00 0.000000000000000000e+00 0.000000000000000000e+00 0.000000000000000000e+00 0.000000000000000000e+00 0.000000000000000000e+00 0.000000000000000000e+00 0.000000000000000000e+00 0.000000000000000000e+00 0.000000000000000000e+00 0.000000000000000000e+00 0.000000000000000000e+00 0.000000000000000000e+00 0.000000000000000000e+00 0.000000000000000000e+00 0.000000000000000000e+00 0.000000000000000000e+00 0.000000000000000000e+00 0.000000000000000000e+00 0.000000000000000000e+00 0.000000000000000000e+00 0.000000000000000000e+00 0.000000000000000000e+00 0.000000000000000000e+00 0.000000000000000000e+00 0.000000000000000000e+00 0.000000000000000000e+00 0.000000000000000000e+00 0.000000000000000000e+00 0.000000000000000000e+00 0.000000000000000000e+00 0.000000000000000000e+00 0.000000000000000000e+00 0.000000000000000000e+00 0.000000000000000000e+00 0.000000000000000000e+00 0.000000000000000000e+00 0.000000000000000000e+00 0.000000000000000000e+00 0.000000000000000000e+00 0.000000000000000000e+00 0.000000000000000000e+00 0.000000000000000000e+00 0.000000000000000000e+00 0.000000000000000000e+00 0.000000000000000000e+00 0.000000000000000000e+00 0.000000000000000000e+00 0.000000000000000000e+00 0.000000000000000000e+00 0.000000000000000000e+00
6.938405204242359924e-03 5.877973903329040788e-03 6.578449710768908242e-03 9.094894273579427410e-03 5.344423652148703801e-04 1.172365943270874643e-02 5.820314495672124482e-04 1.703277222628740706e-02 1.769964838784769331e-02 5.208202452903169279e-03 9.113606631104994443e-03 7.587683798811233754e-03 1.165333027626160728e-02 1.000000000000000000e+00 0.000000000000000000e+00 0.000000000000000000e+00 0.000000000000000000e+00 0.000000000000000000e+00 0.000000000000000000e+00 0.000000000000000000e+00 0.000000000000000000e+00 0.000000000000000000e+00 0.000000000000000000e+00 0.000000000000000000e+00 0.000000000000000000e+00 0.000000000000000000e+00 0.000000000000000000e+00 0.000000000000000000e+00 0.000000000000000000e+00 0.000000000000000000e+00 0.000000000000000000e+00 0.000000000000000000e+00 0.000000000000000000e+00 0.000000000000000000e+00 0.000000000000000000e+00 0.000000000000000000e+00 0.000000000000000000e+00 0.000000000000000000e+00 0.000000000000000000e+00 0.000000000000000000e+00 0.000000000000000000e+00 0.000000000000000000e+00 0.000000000000000000e+00 0.000000000000000000e+00 0.000000000000000000e+00 0.000000000000000000e+00 0.000000000000000000e+00 0.000000000000000000e+00 0.000000000000000000e+00 0.000000000000000000e+00 0.000000000000000000e+00 0.000000000000000000e+00 0.000000000000000000e+00 0.000000000000000000e+00 0.000000000000000000e+00 0.000000000000000000e+00 0.000000000000000000e+00 0.000000000000000000e+00 0.000000000000000000e+00 0.000000000000000000e+00 0.000000000000000000e+00 0.000000000000000000e+00 0.000000000000000000e+00 0.000000000000000000e+00 0.000000000000000000e+00 0.000000000000000000e+00 0.000000000000000000e+00 0.000000000000000000e+00 0.000000000000000000e+00 0.000000000000000000e+00 0.000000000000000000e+00 0.000000000000000000e+00 0.000000000000000000e+00 0.000000000000000000e+00 0.000000000000000000e+00 0.000000000000000000e+00 0.000000000000000000e+00 0.000000000000000000e+00 0.000000000000000000e+00 0.000000000000000000e+00 0.000000000000000000e+00 0.000000000000000000e+00 0.000000000000000000e+00 0.000000000000000000e+00 0.000000000000000000e+00 0.000000000000000000e+00 0.000000000000000000e+00 0.000000000000000000e+00 0.000000000000000000e+00 0.000000000000000000e+00 0.000000000000000000e+00 0.000000000000000000e+00 0.000000000000000000e+00 0.000000000000000000e+00 0.000000000000000000e+00 0.000000000000000000e+00 0.000000000000000000e+00 0.000000000000000000e+00 0.000000000000000000e+00 0.000000000000000000e+00
8.128702774096630349e-03 2.227807058501500624e-04 9.270911209461409758e-03 6.059242812233067536e-03 1.075978722830941807e-02 1.472685487424831366e-02 8.867188392294082441e-03 1.014961036092629221e-02 1.322704846789299858e-02 -1.624334489801071023e-04 2.432180181291871204e-03 2.493786476968688944e-03 6.941327351038736881e-03 1.145639772929584604e-02 1.000000000000000000e+00 0.000000000000000000e+00 0.000000000000000000e+00 0.000000000000000000e+00 0.000000000000000000e+00 0.000000000000000000e+00 0.000000000000000000e+00 0.000000000000000000e+00 0.000000000000000000e+00 0.000000000000000000e+00 0.000000000000000000e+00 0.000000000000000000e+00 0.000000000000000000e+00 0.000000000000000000e+00 0.000000000000000000e+00 0.000000000000000000e+00 0.000000000000000000e+00 0.000000000000000000e+00 0.000000000000000000e+00 0.000000000000000000e+00 0.000000000000000000e+00 0.000000000000000000e+00 0.000000000000000000e+00 0.000000000000000000e+00 0.000000000000000000e+00 0.000000000000000000e+00 0.000000000000000000e+00 0.000000000000000000e+00 0.000000000000000000e+00 0.000000000000000000e+00 0.000000000000000000e+00 0.000000000000000000e+00 0.000000000000000000e+00 0.000000000000000000e+00 0.000000000000000000e+00 0.000000000000000000e+00 0.000000000000000000e+00 0.000000000000000000e+00 0.000000000000000000e+00 0.000000000000000000e+00 0.000000000000000000e+00 0.000000000000000000e+00 0.000000000000000000e+00 0.000000000000000000e+00 0.000000000000000000e+00 0.000000000000000000e+00 0.000000000000000000e+00 0.000000000000000000e+00 0.000000000000000000e+00 0.000000000000000000e+00 0.000000000000000000e+00 0.000000000000000000e+00 0.000000000000000000e+00 0.000000000000000000e+00 0.000000000000000000e+00 0.000000000000000000e+00 0.000000000000000000e+00 0.000000000000000000e+00 0.000000000000000000e+00 0.000000000000000000e+00 0.000000000000000000e+00 0.000000000000000000e+00 0.000000000000000000e+00 0.000000000000000000e+00 0.000000000000000000e+00 0.000000000000000000e+00 0.000000000000000000e+00 0.000000000000000000e+00 0.000000000000000000e+00 0.000000000000000000e+00 0.000000000000000000e+00 0.000000000000000000e+00 0.000000000000000000e+00 0.000000000000000000e+00 0.000000000000000000e+00 0.000000000000000000e+00 0.000000000000000000e+00 0.000000000000000000e+00 0.000000000000000000e+00 0.000000000000000000e+00 0.000000000000000000e+00 0.000000000000000000e+00 0.000000000000000000e+00 0.000000000000000000e+00 0.000000000000000000e+00 0.000000000000000000e+00
2.477502999547042707e-03 3.479531431870450976e-03 1.165738739314088612e-02 1.716487905738729031e-02 1.256865990712105301e-02 8.663920960442850552e-03 3.514356444461212898e-04 1.289211726588219455e-02 3.994572776754704881e-03 9.247437271454002350e-03 7.830891405688173573e-03 1.427346275598036576e-02 1.716235058830031801e-02 3.449843272949873821e-03 5.532438744815635148e-03 1.000000000000000000e+00 0.000000000000000000e+00 0.000000000000000000e+00 0.000000000000000000e+00 0.000000000000000000e+00 0.000000000000000000e+00 0.000000000000000000e+00 0.000000000000000000e+00 0.000000000000000000e+00 0.000000000000000000e+00 0.000000000000000000e+00 0.000000000000000000e+00 0.000000000000000000e+00 0.000000000000000000e+00 0.000000000000000000e+00 0.000000000000000000e+00 0.000000000000000000e+00 0.000000000000000000e+00 0.000000000000000000e+00 0.000000000000000000e+00 0.000000000000000000e+00 0.000000000000000000e+00 0.000000000000000000e+00 0.000000000000000000e+00 0.000000000000000000e+00 0.000000000000000000e+00 0.000000000000000000e+00 0.000000000000000000e+00 0.000000000000000000e+00 0.000000000000000000e+00 0.000000000000000000e+00 0.000000000000000000e+00 0.000000000000000000e+00 0.000000000000000000e+00 0.000000000000000000e+00 0.000000000000000000e+00 0.000000000000000000e+00 0.000000000000000000e+00 0.000000000000000000e+00 0.000000000000000000e+00 0.000000000000000000e+00 0.000000000000000000e+00 0.000000000000000000e+00 0.000000000000000000e+00 0.000000000000000000e+00 0.000000000000000000e+00 0.000000000000000000e+00 0.000000000000000000e+00 0.000000000000000000e+00 0.000000000000000000e+00 0.000000000000000000e+00 0.000000000000000000e+00 0.000000000000000000e+00 0.000000000000000000e+00 0.000000000000000000e+00 0.000000000000000000e+00 0.000000000000000000e+00 0.000000000000000000e+00 0.000000000000000000e+00 0.000000000000000000e+00 0.000000000000000000e+00 0.000000000000000000e+00 0.000000000000000000e+00 0.000000000000000000e+00 0.000000000000000000e+00 0.000000000000000000e+00 0.000000000000000000e+00 0.000000000000000000e+00 0.000000000000000000e+00 0.000000000000000000e+00 0.000000000000000000e+00 0.000000000000000000e+00 0.000000000000000000e+00 0.000000000000000000e+00 0.000000000000000000e+00 0.000000000000000000e+00 0.000000000000000000e+00 0.000000000000000000e+00 0.000000000000000000e+00 0.000000000000000000e+00 0.000000000000000000e+00 0.000000000000000000e+00 0.000000000000000000e+00 0.000000000000000000e+00 0.000000000000000000e+00
5.952821519813082836e-03 3.199515333478415019e-03 8.578376906948011887e-03 1.262846015370480170e-02 9.135482173442269552e-03 1.782141987697605581e-02 3.267424070388365385e-03 1.480895638790055181e-02 1.221778840666575819e-03 3.335158712984208091e-03 1.129314929500756237e-02 1.455339142044058572e-02 1.447792469158597738e-02 2.875191451993913249e-03 1.201697573085799657e-02 1.534963768145059361e-03 1.000000000000000000e+00 0.000000000000000000e+00 0.000000000000000000e+00 0.000000000000000000e+00 0.000000000000000000e+00 0.000000000000000000e+00 0.000000000000000000e+00 0.000000000000000000e+00 0.000000000000000000e+00 0.000000000000000000e+00 0.000000000000000000e+00 0.000000000000000000e+00 0.000000000000000000e+00 0.000000000000000000e+00 0.000000000000000000e+00 0.000000000000000000e+00 0.000000000000000000e+00 0.000000000000000000e+00 0.000000000000000000e+00 0.000000000000000000e+00 0.000000000000000000e+00 0.000000000000000000e+00 0.000000000000000000e+00 0.000000000000000000e+00 0.000000000000000000e+00 0.000000000000000000e+00 0.000000000000000000e+00 0.000000000000000000e+00 0.000000000000000000e+00 0.000000000000000000e+00 0.000000000000000000e+00 0.000000000000000000e+00 0.000000000000000000e+00 0.000000000000000000e+00 0.000000000000000000e+00 0.000000000000000000e+00 0.000000000000000000e+00 0.000000000000000000e+00 0.000000000000000000e+00 0.000000000000000000e+00 0.000000000000000000e+00 0.000000000000000000e+00 0.000000000000000000e+00 0.000000000000000000e+00 0.000000000000000000e+00 0.000000000000000000e+00 0.000000000000000000e+00 0.000000000000000000e+00 0.000000000000000000e+00 0.000000000000000000e+00 0.000000000000000000e+00 0.000000000000000000e+00 0.000000000000000000e+00 0.000000000000000000e+00 0.000000000000000000e+00 0.000000000000000000e+00 0.000000000000000000e+00 0.000000000000000000e+00 0.000000000000000000e+00 0.000000000000000000e+00 0.000000000000000000e+00 0.000000000000000000e+00 0.000000000000000000e+00 0.000000000000000000e+00 0.000000000000000000e+00 0.000000000000000000e+00 0.000000000000000000e+00 0.000000000000000000e+00 0.000000000000000000e+00 0.000000000000000000e+00 0.000000000000000000e+00 0.000000000000000000e+00 0.000000000000000000e+00 0.000000000000000000e+00 0.000000000000000000e+00 0.000000000000000000e+00 0.000000000000000000e+00 0.000000000000000000e+00 0.000000000000000000e+00 0.000000000000000000e+00 0.000000000000000000e+00 0.000000000000000000e+00 0.000000000000000000e+00 0.000000000000000000e+00
4.212062917386155680e-03 1.736348640274001584e-02 1.408486958669539872e-02 1.371578464488981339e-02 1.354597942721485170e-02 3.533166957427673512e-03 1.277726548757421483e-02 1.438451484317713677e-02 8.897140728871107129e-03 4.933083461862461903e-03 1.079009119693012143e-02 2.354290335057813727e-04 2.834022573764827593e-03 4.651048148697762945e-03 -5.237667095467987569e-04 2.433111249731002975e-04 -6.209125850340803648e-04 1.000000000000000000e+00 0.000000000000000000e+00 0.000000000000000000e+00 0.000000000000000000e+00 0.000000000000000000e+00 0.000000000000000000e+00 0.000000000000000000e+00 0.000000000000000000e+00 0.000000000000000000e+00 0.000000000000000000e+00 0.000000000000000000e+00 0.000000000000000000e+00 0.000000000000000000e+00 0.000000000000000000e+00 0.000000000000000000e+00 0.000000000000000000e+00 0.000000000000000000e+00 0.000000000000000000e+00 0.000000000000000000e+00 0.000000000000000000e+00 0.000000000000000000e+00 0.000000000000000000e+00 0.000000000000000000e+00 0.000000000000000000e+00 0.000000000000000000e+00 0.000000000000000000e+00 0.000000000000000000e+00 0.000000000000000000e+00 0.000000000000000000e+00 0.000000000000000000e+00 0.000000000000000000e+00 0.000000000000000000e+00 0.000000000000000000e+00 0.000000000000000000e+00 0.000000000000000000e+00 0.000000000000000000e+00 0.000000000000000000e+00 0.000000000000000000e+00 0.000000000000000000e+00 0.000000000000000000e+00 0.000000000000000000e+00 0.000000000000000000e+00 0.000000000000000000e+00 0.000000000000000000e+00 0.000000000000000000e+00 0.000000000000000000e+00 0.000000000000000000e+00 0.000000000000000000e+00 0.000000000000000000e+00 0.000000000000000000e+00 0.000000000000000000e+00 0.000000000000000000e+00 0.000000000000000000e+00 0.000000000000000000e+00 0.000000000000000000e+00 0.000000000000000000e+00 0.000000000000000000e+00 0.000000000000000000e+00 0.000000000000000000e+00 0.000000000000000000e+00 0.000000000000000000e+00 0.000000000000000000e+00 0.000000000000000000e+00 0.000000000000000000e+00 0.000000000000000000e+00 0.000000000000000000e+00 0.000000000000000000e+00 0.000000000000000000e+00 0.000000000000000000e+00 0.000000000000000000e+00 0.000000000000000000e+00 0.000000000000000000e+00 0.000000000000000000e+00 0.000000000000000000e+00 0.000000000000000000e+00 0.000000000000000000e+00 0.000000000000000000e+00 0.000000000000000000e+00 0.000000000000000000e+00 0.000000000000000000e+00 0.000000000000000000e+00 0.000000000000000000e+00 0.000000000000000000e+00
5.805523351044260434e-03 3.786154706270743620e-03 1.458659121437967665e-02 1.777881336920142732e-02 2.716261916175630349e-03 1.568704159299545015e-02 1.596238735343405088e-02 5.049540552156340980e-04 1.420505040459953995e-02 2.734661943341674516e-03 -9.309313991970270732e-05 1.569146109204321363e-02 1.518196167052672865e-02 9.191807343265167782e-03 1.645308573167745397e-02 1.713633813020468133e-02 1.224780769564218393e-02 4.258997463067753890e-03 1.000000000000000000e+00 0.000000000000000000e+00 0.000000000000000000e+00 0.000000000000000000e+00 0.000000000000000000e+00 0.000000000000000000e+00 0.000000000000000000e+00 0.000000000000000000e+00 0.000000000000000000e+00 0.000000000000000000e+00 0.000000000000000000e+00 0.000000000000000000e+00 0.000000000000000000e+00 0.000000000000000000e+00 0.000000000000000000e+00 0.000000000000000000e+00 0.000000000000000000e+00 0.000000000000000000e+00 0.000000000000000000e+00 0.000000000000000000e+00 0.000000000000000000e+00 0.000000000000000000e+00 0.000000000000000000e+00 0.000000000000000000e+00 0.000000000000000000e+00 0.000000000000000000e+00 0.000000000000000000e+00 0.000000000000000000e+00 0.000000000000000000e+00 0.000000000000000000e+00 0.000000000000000000e+00 0.000000000000000000e+00 0.000000000000000000e+00 0.000000000000000000e+00 0.000000000000000000e+00 0.000000000000000000e+00 0.000000000000000000e+00 0.000000000000000000e+00 0.000000000000000000e+00 0.000000000000000000e+00 0.000000000000000000e+00 0.000000000000000000e+00 0.000000000000000000e+00 0.000000000000000000e+00 0.000000000000000000e+00 0.000000000000000000e+00 0.000000000000000000e+00 0.000000000000000000e+00 0.000000000000000000e+00 0.000000000000000000e+00 0.000000000000000000e+00 0.000000000000000000e+00 0.000000000000000000e+00 0.000000000000000000e+00 0.000000000000000000e+00 0.000000000000000000e+00 0.000000000000000000e+00 0.000000000000000000e+00 0.000000000000000000e+00 0.000000000000000000e+00 0.000000000000000000e+00 0.000000000000000000e+00 0.000000000000000000e+00 0.000000000000000000e+00 0.000000000000000000e+00 0.000000000000000000e+00 0.000000000000000000e+00 0.000000000000000000e+00 0.000000000000000000e+00 0.000000000000000000e+00 0.000000000000000000e+00 0.000000000000000000e+00 0.000000000000000000e+00 0.000000000000000000e+00 0.000000000000000000e+00 0.000000000000000000e+00 0.000000000000000000e+00 0.000000000000000000e+00 0.000000000000000000e+00 0.000000000000000000e+00 0.000000000000000000e+00 0.000000000000000000e+00
3.926629842935877189e-04 7.495703038405851677e-03 6.416617225472601854e-03 9.561132987086150628e-03 1.113669164089601399e-02 1.611199630512738512e-02 1.481319339546284704e-02 1.210541565496244844e-02 7.402445744096983367e-03 1.195449225018500351e-02 1.297022192969360908e-02 5.070830218877192541e-03 1.166705363248381720e-02 1.235496050453271759e-02 1.778750860503614320e-02 5.756390041962705997e-03 1.504792159483808039e-02 -1.091997212643812864e-03 2.352478982544530840e-04 1.000000000000000000e+00 0.000000000000000000e+00 0.000000000000000000e+00 0.000000000000000000e+00 0.000000000000000000e+00 0.000000000000000000e+00 0.000000000000000000e+00 0.000000000000000000e+00 0.000000000000000000e+00 0.000000000000000000e+00 0.000000000000000000e+00 0.000000000000000000e+00 0.000000000000000000e+00 0.000000000000000000e+00 0.000000000000000000e+00 0.000000000000000000e+00 0.000000000000000000e+00 0.000000000000000000e+00 0.000000000000000000e+00 0.000000000000000000e+00 0.000000000000000000e+00 0.000000000000000000e+00 0.000000000000000000e+00 0.000000000000000000e+00 0.000000000000000000e+00 0.000000000000000000e+00 0.000000000000000000e+00 0.000000000000000000e+00 0.000000000000000000e+00 0.000000000000000000e+00 0.000000000000000000e+00 0.000000000000000000e+00 0.000000000000000000e+00 0.000000000000000000e+00 0.000000000000000000e+00 0.000000000000000000e+00 0.000000000000000000e+00 0.000000000000000000e+00 0.000000000000000000e+00 0.000000000000000000e+00 0.000000000000000000e+00 0.000000000000000000e+00 0.000000000000000000e+00 0.000000000000000000e+00 0.000000000000000000e+00 0.000000000000000000e+00 0.000000000000000000e+00 0.000000000000000000e+00 0.000000000000000000e+00 0.000000000000000000e+00 0.000000000000000000e+00 0.000000000000000000e+00 0.000000000000000000e+00 0.000000000000000000e+00 0.000000000000000000e+00 0.000000000000000000e+00 0.000000000000000000e+00 0.000000000000000000e+00 0.000000000000000000e+00 0.000000000000000000e+00 0.000000000000000000e+00 0.000000000000000000e+00 0.000000000000000000e+00 0.000000000000000000e+00 0.000000000000000000e+00 0.000000000000000000e+00 0.000000000000000000e+00 0.000000000000000000e+00 0.000000000000000000e+00 0.000000000000000000e+00 0.000000000000000000e+00 0.000000000000000000e+00 0.000000000000000000e+00 0.000000000000000000e+00 0.000000000000000000e+00 0.000000000000000000e+00 0.000000000000000000e+00 0.000000000000000000e+00 0.000000000000000000e+00 0.000000000000000000e+00 0.000000000000000000e+00
3.974013794124130368e-03 9.796588388309428186e-03 8.703050597179795567e-03 8.311471897224894170e-03 1.155565806239505257e-02 1.594126221893873681e-03 1.928804365763149217e-02 4.906283856137990361e-03 1.409743918115924539e-02 1.707090859645288630e-02 2.640597089357257440e-03 2.830556193004151854e-03 5.119178240305935143e-03 1.244810010238792293e-02 1.174253122451731149e-02 1.800393389543633940e-02 1.508099125502439936e-02 1.753266711362603050e-02 3.023825112913820171e-03 -1.199091391860670000e-03 1.000000000000000000e+00 0.000000000000000000e+00 0.000000000000000000e+00 0.000000000000000000e+00 0.000000000000000000e+00 0.000000000000000000e+00 0.000000000000000000e+00 0.000000000000000000e+00 0.000000000000000000e+00 0.000000000000000000e+00 0.000000000000000000e+00 0.000000000000000000e+00 0.000000000000000000e+00 0.000000000000000000e+00 0.000000000000000000e+00 0.000000000000000000e+00 0.000000000000000000e+00 0.000000000000000000e+00 0.000000000000000000e+00 0.000000000000000000e+00 0.000000000000000000e+00 0.000000000000000000e+00 0.000000000000000000e+00 0.000000000000000000e+00 0.000000000000000000e+00 0.000000000000000000e+00 0.000000000000000000e+00 0.000000000000000000e+00 0.000000000000000000e+00 0.000000000000000000e+00 0.000000000000000000e+00 0.000000000000000000e+00 0.000000000000000000e+00 0.000000000000000000e+00 0.000000000000000000e+00 0.000000000000000000e+00 0.000000000000000000e+00 0.000000000000000000e+00 0.000000000000000000e+00 0.000000000000000000e+00 0.000000000000000000e+00 0.000000000000000000e+00 0.000000000000000000e+00 0.000000000000000000e+00 0.000000000000000000e+00 0.000000000000000000e+00 0.000000000000000000e+00 0.000000000000000000e+00 0.000000000000000000e+00 0.000000000000000000e+00 0.000000000000000000e+00 0.000000000000000000e+00 0.000000000000000000e+00 0.000000000000000000e+00 0.000000000000000000e+00 0.000000000000000000e+00 0.000000000000000000e+00 0.000000000000000000e+00 0.000000000000000000e+00 0.000000000000000000e+00 0.000000000000000000e+00 0.000000000000000000e+00 0.000000000000000000e+00 0.000000000000000000e+00 0.000000000000000000e+00 0.000000000000000000e+00 0.000000000000000000e+00 0.000000000000000000e+00 0.000000000000000000e+00 0.000000000000000000e+00 0.000000000000000000e+00 0.000000000000000000e+00 0.000000000000000000e+00 0.000000000000000000e+00 0.000000000000000000e+00 0.000000000000000000e+00 0.000000000000000000e+00 0.000000000000000000e+00 0.000000000000000000e+00 0.000000000000000000e+00
4.643070384677483128e-04 9.703852820052632361e-03 2.116999636322430128e-03 1.185968103546566378e-02 1.849129366560475687e-03 -3.939814502228175313e-04 1.854589809674052001e-02 1.781880983886057965e-02 1.551457499249494706e-02 4.160200194949756174e-03 1.279221328933391466e-02 2.806320339524274315e-03 -4.326636760012485369e-04 6.229256835873644461e-03 1.419081789546187619e-02 4.144264107302443774e-04 1.629520390468909910e-02 1.350771456354923038e-02 -7.703755134274627723e-04 5.046054306546638238e-03 7.905763588924759333e-03 1.000000000000000000e+00 0.000000000000000000e+00 0.000000000000000000e+00 0.000000000000000000e+00 0.000000000000000000e+00 0.000000000000000000e+00 0.000000000000000000e+00 0.000000000000000000e+00 0.000000000000000000e+00 0.000000000000000000e+00 0.000000000000000000e+00 0.000000000000000000e+00 0.000000000000000000e+00 0.000000000000000000e+00 0.000000000000000000e+00 0.000000000000000000e+00 0.000000000000000000e+00 0.000000000000000000e+00 0.000000000000000000e+00 0.000000000000000000e+00 0.000000000000000000e+00 0.000000000000000000e+00 0.000000000000000000e+00 0.000000000000000000e+00 0.000000000000000000e+00 0.000000000000000000e+00 0.000000000000000000e+00 0.000000000000000000e+00 0.000000000000000000e+00 0.000000000000000000e+00 0.000000000000000000e+00 0.000000000000000000e+00 0.000000000000000000e+00 0.000000000000000000e+00 0.000000000000000000e+00 0.000000000000000000e+00 0.000000000000000000e+00 0.000000000000000000e+00 0.000000000000000000e+00 0.000000000000000000e+00 0.000000000000000000e+00 0.000000000000000000e+00 0.000000000000000000e+00 0.000000000000000000e+00 0.000000000000000000e+00 0.000000000000000000e+00 0.000000000000000000e+00 0.000000000000000000e+00 0.000000000000000000e+00 0.000000000000000000e+00 0.000000000000000000e+00 0.000000000000000000e+00 0.000000000000000000e+00 0.000000000000000000e+00 0.000000000000000000e+00 0.000000000000000000e+00 0.000000000000000000e+00 0.000000000000000000e+00 0.000000000000000000e+00 0.000000000000000000e+00 0.000000000000000000e+00 0.000000000000000000e+00 0.000000000000000000e+00 0.000000000000000000e+00 0.000000000000000000e+00 0.000000000000000000e+00 0.000000000000000000e+00 0.000000000000000000e+00 0.000000000000000000e+00 0.000000000000000000e+00 0.000000000000000000e+00 0.000000000000000000e+00 0.000000000000000000e+00 0.000000000000000000e+00 0.000000000000000000e+00 0.000000000000000000e+00 0.000000000000000000e+00 0.000000000000000000e+00 0.000000000000000000e+00
1.152865676866511938e-03 5.245120660159956899e-03 5.559279716301899175e-03 1.084325794147044872e-02 1.192156994412262375e-02 5.985660961561482633e-03 -3.056411425977224720e-04 2.387169739255888459e-03 7.352695369629223300e-03 2.341643203139406361e-03 9.869483503541347583e-03 1.197876617808971665e-02 9.859063527179081146e-03 6.816743567416440330e-03 9.781684003865816213e-03 1.292247980948369596e-02 6.901909334193544708e-03 1.549198134469037882e-02 9.275637781770059917e-03 8.426420697543599708e-03 1.538980924282445581e-02 1.062035734320384769e-02 1.000000000000000000e+00 0.000000000000000000e+00 0.000000000000000000e+00 0.000000000000000000e+00 0.000000000000000000e+00 0.000000000000000000e+00 0.000000000000000000e+00 0.000000000000000000e+00 0.000000000000000000e+00 0.000000000000000000e+00 0.000000000000000000e+00 0.000000000000000000e+00 0.000000000000000000e+00 0.000000000000000000e+00 0.000000000000000000e+00 0.000000000000000000e+00 0.000000000000000000e+00 0.000000000000000000e+00 0.000000000000000000e+00 0.000000000000000000e+00 0.000000000000000000e+00 0.000000000000000000e+00 0.000000000000000000e+00 0.000000000000000000e+00 0.000000000000000000e+00 0.000000000000000000e+00 0.000000000000000000e+00 0.000000000000000000e+00 0.000000000000000000e+00 0.000000000000000000e+00 0.000000000000000000e+00 0.000000000000000000e+00 0.000000000000000000e+00 0.000000000000000000e+00 0.000000000000000000e+00 0.000000000000000000e+00 0.000000000000000000e+00 0.000000000000000000e+00 0.000000000000000000e+00 0.000000000000000000e+00 0.000000000000000000e+00 0.000000000000000000e+00 0.000000000000000000e+00 0.000000000000000000e+00 0.000000000000000000e+00 0.000000000000000000e+00 0.000000000000000000e+00 0.000000000000000000e+00 0.000000000000000000e+00 0.000000000000000000e+00 0.000000000000000000e+00 0.000000000000000000e+00 0.000000000000000000e+00 0.000000000000000000e+00 0.000000000000000000e+00 0.000000000000000000e+00 0.000000000000000000e+00 0.000000000000000000e+00 0.000000000000000000e+00 0.000000000000000000e+00 0.000000000000000000e+00 0.000000000000000000e+00 0.000000000000000000e+00 0.000000000000000000e+00 0.000000000000000000e+00 0.000000000000000000e+00 0.000000000000000000e+00 0.000000000000000000e+00 0.000000000000000000e+00 0.000000000000000000e+00 0.000000000000000000e+00 0.000000000000000000e+00 0.000000000000000000e+00 0.000000000000000000e+00 0.000000000000000000e+00 0.000000000000000000e+00 0.000000000000000000e+00 0.000000000000000000e+00
1.467738855386152216e-02 9.631401832283656428e-03 8.452562564437380785e-03 1.807564582692391952e-02 1.758395040713275209e-02 5.295248828620896086e-04 1.579194320943190857e-02 1.750904514997897107e-02 1.277003127612733394e-02 -9.993274698489188813e-05 1.761379004569368911e-02 -7.798330350812117655e-04 1.305341056179931160e-03 5.412810581048529274e-03 8.815144583471410528e-03 1.537050330311546566e-02 1.127552191710740580e-02 9.173000114987254691e-03 6.163243013300296301e-03 -7.281029091336898825e-04 1.184887443378826108e-02 9.044661588845377687e-03 5.029065235942767158e-03 1.000000000000000000e+00 0.000000000000000000e+00 0.000000000000000000e+00 0.000000000000000000e+00 0.000000000000000000e+00 0.000000000000000000e+00 0.000000000000000000e+00 0.000000000000000000e+00 0.000000000000000000e+00 0.000000000000000000e+00 0.000000000000000000e+00 0.000000000000000000e+00 0.000000000000000000e+00 0.000000000000000000e+00 0.000000000000000000e+00 0.000000000000000000e+00 0.000000000000000000e+00 0.000000000000000000e+00 0.000000000000000000e+00 0.000000000000000000e+00 0.000000000000000000e+00 0.000000000000000000e+00 0.000000000000000000e+00 0.000000000000000000e+00 0.000000000000000000e+00 0.000000000000000000e+00 0.000000000000000000e+00 0.000000000000000000e+00 0.000000000000000000e+00 0.000000000000000000e+00 0.000000000000000000e+00 0.000000000000000000e+00 0.000000000000000000e+00 0.000000000000000000e+00 0.000000000000000000e+00 0.000000000000000000e+00 0.000000000000000000e+00 0.000000000000000000e+00 0.000000000000000000e+00 0.000000000000000000e+00 0.000000000000000000e+00 0.000000000000000000e+00 0.000000000000000000e+00 0.000000000000000000e+00 0.000000000000000000e+00 0.000000000000000000e+00 0.000000000000000000e+00 0.000000000000000000e+00 0.000000000000000000e+00 0.000000000000000000e+00 0.000000000000000000e+00 0.000000000000000000e+00 0.000000000000000000e+00 0.000000000000000000e+00 0.000000000000000000e+00 0.000000000000000000e+00 0.000000000000000000e+00 0.000000000000000000e+00 0.000000000000000000e+00 0.000000000000000000e+00 0.000000000000000000e+00 0.000000000000000000e+00 0.000000000000000000e+00 0.000000000000000000e+00 0.000000000000000000e+00 0.000000000000000000e+00 0.000000000000000000e+00 0.000000000000000000e+00 0.000000000000000000e+00 0.000000000000000000e+00 0.000000000000000000e+00 0.000000000000000000e+00 0.000000000000000000e+00 0.000000000000000000e+00 0.000000000000000000e+00 0.000000000000000000e+00 0.000000000000000000e+00
1.519775262844292110e-02 3.344844525434228274e-03 6.663038115742387496e-03 7.373291659677523244e-03 1.411651136951332965e-02 4.704929826393735616e-03 1.054546656900416657e-02 9.496396638188454170e-03 8.054954429067314250e-03 1.420214220573672199e-02 1.008612750036188416e-02 6.837022162748679875e-03 5.691358880295480267e-03 3.927855175312498087e-03 1.415443053570989047e-02 2.849306932101178594e-03 1.806346870998565973e-02 1.225184580206639846e-02 1.557363034463195729e-03 1.246767465711320390e-02 6.845994151962526107e-03 1.576637200421902169e-02 1.744420840169022893e-03 1.463934929509884929e-02 1.000000000000000000e+00 0.000000000000000000e+00 0.000000000000000000e+00 0.000000000000000000e+00 0.000000000000000000e+00 0.000000000000000000e+00 0.000000000000000000e+00 0.000000000000000000e+00 0.000000000000000000e+00 0.000000000000000000e+00 0.000000000000000000e+00 0.000000000000000000e+00 0.000000000000000000e+00 0.000000000000000000e+00 0.000000000000000000e+00 0.000000000000000000e+00 0.000000000000000000e+00 0.000000000000000000e+00 0.000000000000000000e+00 0.000000000000000000e+00 0.000000000000000000e+00 0.000000000000000000e+00 0.000000000000000000e+00 0.000000000000000000e+00 0.000000000000000000e+00 0.000000000000000000e+00 0.000000000000000000e+00 0.000000000000000000e+00 0.000000000000000000e+00 0.000000000000000000e+00 0.000000000000000000e+00 0.000000000000000000e+00 0.000000000000000000e+00 0.000000000000000000e+00 0.000000000000000000e+00 0.000000000000000000e+00 0.000000000000000000e+00 0.000000000000000000e+00 0.000000000000000000e+00 0.000000000000000000e+00 0.000000000000000000e+00 0.000000000000000000e+00 0.000000000000000000e+00 0.000000000000000000e+00 0.000000000000000000e+00 0.000000000000000000e+00 0.000000000000000000e+00 0.000000000000000000e+00 0.000000000000000000e+00 0.000000000000000000e+00 0.000000000000000000e+00 0.000000000000000000e+00 0.000000000000000000e+00 0.000000000000000000e+00 0.000000000000000000e+00 0.000000000000000000e+00 0.000000000000000000e+00 0.000000000000000000e+00 0.000000000000000000e+00 0.000000000000000000e+00 0.000000000000000000e+00 0.000000000000000000e+00 0.000000000000000000e+00 0.000000000000000000e+00 0.000000000000000000e+00 0.000000000000000000e+00 0.000000000000000000e+00 0.000000000000000000e+00 0.000000000000000000e+00 0.000000000000000000e+00 0.000000000000000000e+00 0.000000000000000000e+00 0.000000000000000000e+00 0.000000000000000000e+00 0.000000000000000000e+00 0.000000000000000000e+00
1.158518731315537169e-02 1.731350307456937590e-02 2.849697201826248850e-03 5.626040615116919760e-03 3.921790507916222621e-03 1.260461287257910387e-02 9.488047991275332105e-03 5.855308906441672630e-03 6.157898485436818538e-03 7.003125666093325263e-03 1.216661108532474458e-02 9.871727497067356305e-03 4.872272804892070178e-04 1.910017935346677159e-02 1.616605121049284263e-02 4.175579605309500016e-03 8.031833918995449559e-03 9.580326001437263622e-03 1.392544319262538181e-02 8.156005578334401228e-04 1.334896802125004091e-02 1.652709043470735467e-02 1.721524865723397801e-02 3.041206905266739900e-03 1.025184358136572646e-02 1.000000000000000000e+00 0.000000000000000000e+00 0.000000000000000000e+00 0.000000000000000000e+00 0.000000000000000000e+00 0.000000000000000000e+00 0.000000000000000000e+00 0.000000000000000000e+00 0.000000000000000000e+00 0.000000000000000000e+00 0.000000000000000000e+00 0.000000000000000000e+00 0.000000000000000000e+00 0.000000000000000000e+00 0.000000000000000000e+00 0.000000000000000000e+00 0.000000000000000000e+00 0.000000000000000000e+00 0.000000000000000000e+00 0.000000000000000000e+00 0.000000000000000000e+00 0.000000000000000000e+00 0.000000000000000000e+00 0.000000000000000000e+00 0.000000000000000000e+00 0.000000000000000000e+00 0.000000000000000000e+00 0.000000000000000000e+00 0.000000000000000000e+00 0.000000000000000000e+00 0.000000000000000000e+00 0.000000000000000000e+00 0.000000000000000000e+00 0.000000000000000000e+00 0.000000000000000000e+00 0.000000000000000000e+00 0.000000000000000000e+00 0.000000000000000000e+00 0.000000000000000000e+00 0.000000000000000000e+00 0.000000000000000000e+00 0.000000000000000000e+00 0.000000000000000000e+00 0.000000000000000000e+00 0.000000000000000000e+00 0.000000000000000000e+00 0.000000000000000000e+00 0.000000000000000000e+00 0.000000000000000000e+00 0.000000000000000000e+00 0.000000000000000000e+00 0.000000000000000000e+00 0.000000000000000000e+00 0.000000000000000000e+00 0.000000000000000000e+00 0.000000000000000000e+00 0.000000000000000000e+00 0.000000000000000000e+00 0.000000000000000000e+00 0.000000000000000000e+00 0.000000000000000000e+00 0.000000000000000000e+00 0.000000000000000000e+00 0.000000000000000000e+00 0.000000000000000000e+00 0.000000000000000000e+00 0.000000000000000000e+00 0.000000000000000000e+00 0.000000000000000000e+00 0.000000000000000000e+00 0.000000000000000000e+00 0.000000000000000000e+00 0.000000000000000000e+00 0.000000000000000000e+00 0.000000000000000000e+00
1.197038958156815269e-02 7.782919017777364772e-03 1.341676523956613493e-02 3.011817176278223322e-03 4.015512676024846073e-03 1.417093922283429661e-02 1.786526208645252203e-02 2.469404851235001887e-03 1.064003022176329173e-02 2.885900531791523414e-03 1.915757794588315160e-02 1.129728884671393242e-02 3.733381269584505353e-03 1.783558459574335203e-02 1.761755820113182838e-02 9.957174197858765022e-03 1.813717063973403765e-02 1.482268662149464206e-02 4.224965155004910614e-03 8.441896573582336957e-03 1.117936970159711871e-02 1.544165944974989872e-02 2.613965022102540496e-03 1.596315201637434067e-02 1.066586275470151880e-04 1.109728640925422213e-02 1.000000000000000000e+00 0.000000000000000000e+00 0.000000000000000000e+00 0.000000000000000000e+00 0.000000000000000000e+00 0.000000000000000000e+00 0.000000000000000000e+00 0.000000000000000000e+00 0.000000000000000000e+00 0.000000000000000000e+00 0.000000000000000000e+00 0.000000000000000000e+00 0.000000000000000000e+00 0.000000000000000000e+00 0.000000000000000000e+00 0.000000000000000000e+00 0.000000000000000000e+00 0.000000000000000000e+00 0.000000000000000000e+00 0.000000000000000000e+00 0.000000000000000000e+00 0.000000000000000000e+00 0.000000000000000000e+00 0.000000000000000000e+00 0.000000000000000000e+00 0.000000000000000000e+00 0.000000000000000000e+00 0.000000000000000000e+00 0.000000000000000000e+00 0.000000000000000000e+00 0.000000000000000000e+00 0.000000000000000000e+00 0.000000000000000000e+00 0.000000000000000000e+00 0.000000000000000000e+00 0.000000000000000000e+00 0.000000000000000000e+00 0.000000000000000000e+00 0.000000000000000000e+00 0.000000000000000000e+00 0.000000000000000000e+00 0.000000000000000000e+00 0.000000000000000000e+00 0.000000000000000000e+00 0.000000000000000000e+00 0.000000000000000000e+00 0.000000000000000000e+00 0.000000000000000000e+00 0.000000000000000000e+00 0.000000000000000000e+00 0.000000000000000000e+00 0.000000000000000000e+00 0.000000000000000000e+00 0.000000000000000000e+00 0.000000000000000000e+00 0.000000000000000000e+00 0.000000000000000000e+00 0.000000000000000000e+00 0.000000000000000000e+00 0.000000000000000000e+00 0.000000000000000000e+00 0.000000000000000000e+00 0.000000000000000000e+00 0.000000000000000000e+00 0.000000000000000000e+00 0.000000000000000000e+00 0.000000000000000000e+00 0.000000000000000000e+00 0.000000000000000000e+00 0.000000000000000000e+00 0.000000000000000000e+00 0.000000000000000000e+00 0.000000000000000000e+00 0.000000000000000000e+00
1.612571310310591949e-02 1.563971636773059393e-02 1.375606807147000156e-02 2.914163499647875804e-04 7.159262012165144330e-03 7.541297755492834716e-03 1.476796389068235973e-02 1.613248033140656304e-02 -1.879104850512387933e-04 1.663833851308344283e-02 1.271711259381671545e-02 1.654231625195875252e-03 4.794156108067808113e-03 -3.169999062978545723e-04 2.052254838206227401e-03 -1.085941664941870225e-05 -2.468880313719121872e-04 6.193607428413985989e-03 3.581782239511549417e-03 7.842289078445982900e-03 1.513615681167894932e-02 -8.743005977753800324e-05 6.511783632998357878e-03 7.911224427291030370e-03 1.582079992145429825e-02 1.220002223243669102e-02 7.566196643442366955e-03 1.000000000000000000e+00 0.000000000000000000e+00 0.000000000000000000e+00 0.000000000000000000e+00 0.000000000000000000e+00 0.000000000000000000e+00 0.000000000000000000e+00 0.000000000000000000e+00 0.000000000000000000e+00 0.000000000000000000e+00 0.000000000000000000e+00 0.000000000000000000e+00 0.000000000000000000e+00 0.000000000000000000e+00 0.000000000000000000e+00 0.000000000000000000e+00 0.000000000000000000e+00 0.000000000000000000e+00 0.000000000000000000e+00 0.000000000000000000e+00 0.000000000000000000e+00 0.000000000000000000e+00 0.000000000000000000e+00 0.000000000000000000e+00 0.000000000000000000e+00 0.000000000000000000e+00 0.000000000000000000e+00 0.000000000000000000e+00 0.000000000000000000e+00 0.000000000000000000e+00 0.000000000000000000e+00 0.000000000000000000e+00 0.000000000000000000e+00 0.000000000000000000e+00 0.000000000000000000e+00 0.000000000000000000e+00 0.000000000000000000e+00 0.000000000000000000e+00 0.000000000000000000e+00 0.000000000000000000e+00 0.000000000000000000e+00 0.000000000000000000e+00 0.000000000000000000e+00 0.000000000000000000e+00 0.000000000000000000e+00 0.000000000000000000e+00 0.000000000000000000e+00 0.000000000000000000e+00 0.000000000000000000e+00 0.000000000000000000e+00 0.000000000000000000e+00 0.000000000000000000e+00 0.000000000000000000e+00 0.000000000000000000e+00 0.000000000000000000e+00 0.000000000000000000e+00 0.000000000000000000e+00 0.000000000000000000e+00 0.000000000000000000e+00 0.000000000000000000e+00 0.000000000000000000e+00 0.000000000000000000e+00 0.000000000000000000e+00 0.000000000000000000e+00 0.000000000000000000e+00 0.000000000000000000e+00 0.000000000000000000e+00 0.000000000000000000e+00 0.000000000000000000e+00 0.000000000000000000e+00 0.000000000000000000e+00 0.000000000000000000e+00 0.000000000000000000e+00
6.870963765262643082e-03 9.640886387326729270e-03 1.766480604524717918e-02 7.374096492830385999e-03 6.615685243389094958e-03 1.837453612142393375e-02 9.431288246416563931e-05 4.322539252979293138e-03 8.018369113563338438e-03 5.070352732655247427e-03 -2.043153754890757908e-05 1.577790193805415908e-02 1.477568125599249514e-02 9.675769897793184277e-03 -4.462725989531014908e-06 5.328560705616703502e-03 2.791507034993836317e-03 1.135443738517201255e-02 6.921363450335067669e-03 3.403140294317722673e-04 8.794420924636493081e-03 1.307103824955667924e-02 1.594844156136696750e-02 1.599111291899914591e-02 8.360288707302394829e-04 1.826793596176905926e-02 6.893535168555216773e-03 1.354367130586117164e-02 1.000000000000000000e+00 0.000000000000000000e+00 0.000000000000000000e+00 0.000000000000000000e+00 0.000000000000000000e+00 0.000000000000000000e+00 0.000000000000000000e+00 0.000000000000000000e+00 0.000000000000000000e+00 0.000000000000000000e+00 0.000000000000000000e+00 0.000000000000000000e+00 0.000000000000000000e+00 0.000000000000000000e+00 0.000000000000000000e+00 0.000000000000000000e+00 0.000000000000000000e+00 0.000000000000000000e+00 0.000000000000000000e+00 0.000000000000000000e+00 0.000000000000000000e+00 0.000000000000000000e+00 0.000000000000000000e+00 0.000000000000000000e+00 0.000000000000000000e+00 0.000000000000000000e+00 0.000000000000000000e+00 0.000000000000000000e+00 0.000000000000000000e+00 0.000000000000000000e+00 0.000000000000000000e+00 0.000000000000000000e+00 0.000000000000000000e+00 0.000000000000000000e+00 0.000000000000000000e+00 0.000000000000000000e+00 0.000000000000000000e+00 0.000000000000000000e+00 0.000000000000000000e+00 0.000000000000000000e+00 0.000000000000000000e+00 0.000000000000000000e+00 0.000000000000000000e+00 0.000000000000000000e+00 0.000000000000000000e+00 0.000000000000000000e+00 0.000000000000000000e+00 0.000000000000000000e+00 0.000000000000000000e+00 0.000000000000000000e+00 0.000000000000000000e+00 0.000000000000000000e+00 0.000000000000000000e+00 0.000000000000000000e+00 0.000000000000000000e+00 0.000000000000000000e+00 0.000000000000000000e+00 0.000000000000000000e+00 0.000000000000000000e+00 0.000000000000000000e+00 0.000000000000000000e+00 0.000000000000000000e+00 0.000000000000000000e+00 0.000000000000000000e+00 0.000000000000000000e+00 0.000000000000000000e+00 0.000000000000000000e+00 0.000000000000000000e+00 0.000000000000000000e+00 0.000000000000000000e+00 0.000000000000000000e+00 0.000000000000000000e+00
3.834148575954890448e-03 1.494367126054627244e-02 5.126744818761795261e-03 3.064072065380596920e-03 1.884339271807214822e-03 1.172666769094372202e-02 1.838020746522143686e-02 -6.542809577927220636e-05 4.910900202938875934e-03 4.648207975688485420e-03 -5.516491992287269572e-05 1.137832458065190198e-02 1.187026195697729603e-02 1.477348117140236256e-02 8.055276325130627385e-03 1.620432545924041859e-02 1.255810010289094489e-02 1.346377911229995920e-03 8.821171496805823090e-03 1.330416168541882077e-02 4.343191469383439387e-04 3.229237557675803793e-03 1.480597768607513952e-03 3.773691521323769334e-03 4.519144650479884479e-03 3.270420631961572493e-03 2.444335535130205076e-03 4.739852956688104732e-03 1.127006621456756990e-03 1.000000000000000000e+00 0.000000000000000000e+00 0.000000000000000000e+00 0.000000000000000000e+00 0.000000000000000000e+00 0.000000000000000000e+00 0.000000000000000000e+00 0.000000000000000000e+00 0.000000000000000000e+00 0.000000000000000000e+00 0.000000000000000000e+00 0.000000000000000000e+00 0.000000000000000000e+00 0.000000000000000000e+00 0.000000000000000000e+00 0.000000000000000000e+00 0.000000000000000000e+00 0.000000000000000000e+00 0.000000000000000000e+00 0.000000000000000000e+00 0.000000000000000000e+00 0.000000000000000000e+00 0.000000000000000000e+00 0.000000000000000000e+00 0.000000000000000000e+00 0.000000000000000000e+00 0.000000000000000000e+00 0.000000000000000000e+00 0.000000000000000000e+00 0.000000000000000000e+00 0.000000000000000000e+00 0.000000000000000000e+00 0.000000000000000000e+00 0.000000000000000000e+00 0.000000000000000000e+00 0.000000000000000000e+00 0.000000000000000000e+00 0.000000000000000000e+00 0.000000000000000000e+00 0.000000000000000000e+00 0.000000000000000000e+00 0.000000000000000000e+00 0.000000000000000000e+00 0.000000000000000000e+00 0.000000000000000000e+00 0.000000000000000000e+00 0.000000000000000000e+00 0.000000000000000000e+00 0.000000000000000000e+00 0.000000000000000000e+00 0.000000000000000000e+00 0.000000000000000000e+00 0.000000000000000000e+00 0.000000000000000000e+00 0.000000000000000000e+00 0.000000000000000000e+00 0.000000000000000000e+00 0.000000000000000000e+00 0.000000000000000000e+00 0.000000000000000000e+00 0.000000000000000000e+00 0.000000000000000000e+00 0.000000000000000000e+00 0.000000000000000000e+00 0.000000000000000000e+00 0.000000000000000000e+00 0.000000000000000000e+00 0.000000000000000000e+00 0.000000000000000000e+00 0.000000000000000000e+00 0.000000000000000000e+00
1.181165681337712631e-02 7.736153813511273923e-03 4.468451145794897876e-03 1.337559305508786295e-02 1.504237061145074703e-02 1.602612465878615680e-02 5.378404774753689846e-03 1.707159153281401567e-02 1.054305133485605554e-02 7.882879240523572167e-03 2.385480029328213188e-03 -8.232534042467078584e-04 7.977785076687910620e-03 2.098193250412480615e-03 1.386018067414311432e-02 4.904119169340933823e-03 6.872619502730906334e-03 4.148740852290266727e-03 6.518597429840499238e-03 1.673773484071186882e-02 1.941013428802826693e-03 1.883295646336279093e-03 -1.016204688299907457e-03 1.030639480153829318e-03 1.257439431294518975e-02 -1.298289814502902187e-03 1.864512107533872242e-03 1.708687610197967208e-02 1.323113429897652786e-02 1.111653806416773582e-02 1.000000000000000000e+00 0.000000000000000000e+00 0.000000000000000000e+00 0.000000000000000000e+00 0.000000000000000000e+00 0.000000000000000000e+00 0.000000000000000000e+00 0.000000000000000000e+00 0.000000000000000000e+00 0.000000000000000000e+00 0.000000000000000000e+00 0.000000000000000000e+00 0.000000000000000000e+00 0.000000000000000000e+00 0.000000000000000000e+00 0.000000000000000000e+00 0.000000000000000000e+00 0.000000000000000000e+00 0.000000000000000000e+00 0.000000000000000000e+00 0.000000000000000000e+00 0.000000000000000000e+00 0.000000000000000000e+00 0.000000000000000000e+00 0.000000000000000000e+00 0.000000000000000000e+00 0.000000000000000000e+00 0.000000000000000000e+00 0.000000000000000000e+00 0.000000000000000000e+00 0.000000000000000000e+00 0.000000000000000000e+00 0.000000000000000000e+00 0.000000000000000000e+00 0.000000000000000000e+00 0.000000000000000000e+00 0.000000000000000000e+00 0.000000000000000000e+00 0.000000000000000000e+00 0.000000000000000000e+00 0.000000000000000000e+00 0.000000000000000000e+00 0.000000000000000000e+00 0.000000000000000000e+00 0.000000000000000000e+00 0.000000000000000000e+00 0.000000000000000000e+00 0.000000000000000000e+00 0.000000000000000000e+00 0.000000000000000000e+00 0.000000000000000000e+00 0.000000000000000000e+00 0.000000000000000000e+00 0.000000000000000000e+00 0.000000000000000000e+00 0.000000000000000000e+00 0.000000000000000000e+00 0.000000000000000000e+00 0.000000000000000000e+00 0.000000000000000000e+00 0.000000000000000000e+00 0.000000000000000000e+00 0.000000000000000000e+00 0.000000000000000000e+00 0.000000000000000000e+00 0.000000000000000000e+00 0.000000000000000000e+00 0.000000000000000000e+00 0.000000000000000000e+00 0.000000000000000000e+00
1.896687401044919175e-02 9.002405932300264549e-03 1.835655798540308803e-02 5.236483061243463535e-03 3.403896103817899595e-03 1.787228850711192543e-02 2.712849857951967533e-03 1.012084541370939297e-02 1.762128015297459872e-03 1.207631840838629955e-02 1.935772426676238972e-02 5.717136419571656331e-03 1.520617434802691223e-02 1.833833523680950678e-02 1.524112749845740918e-02 7.136963162411223000e-03 1.668339611697163341e-02 1.569946427155312005e-02 1.671446842970283550e-02 9.191624048838723665e-03 1.738665356992966093e-02 1.228187951463508400e-03 1.630522122004829030e-02 1.140327880822586100e-03 9.961948269875318257e-03 1.262184177273220805e-02 -1.883037786880708110e-03 -3.826839894423878668e-04 4.437333297974050718e-03 2.254845480731650347e-03 1.734021132883779501e-02 1.000000000000000000e+00 0.000000000000000000e+00 0.000000000000000000e+00 0.000000000000000000e+00 0.000000000000000000e+00 0.000000000000000000e+00 0.000000000000000000e+00 0.000000000000000000e+00 0.000000000000000000e+00 0.000000000000000000e+00 0.000000000000000000e+00 0.000000000000000000e+00 0.000000000000000000e+00 0.000000000000000000e+00 0.000000000000000000e+00 0.000000000000000000e+00 0.000000000000000000e+00 0.000000000000000000e+00 0.000000000000000000e+00 0.000000000000000000e+00 0.000000000000000000e+00 0.000000000000000000e+00 0.000000000000000000e+00 0.000000000000000000e+00 0.000000000000000000e+00 0.000000000000000000e+00 0.000000000000000000e+00 0.000000000000000000e+00 0.000000000000000000e+00 0.000000000000000000e+00 0.000000000000000000e+00 0.000000000000000000e+00 0.000000000000000000e+00 0.000000000000000000e+00 0.000000000000000000e+00 0.000000000000000000e+00 0.000000000000000000e+00 0.000000000000000000e+00 0.000000000000000000e+00 0.000000000000000000e+00 0.000000000000000000e+00 0.000000000000000000e+00 0.000000000000000000e+00 0.000000000000000000e+00 0.000000000000000000e+00 0.000000000000000000e+00 0.000000000000000000e+00 0.000000000000000000e+00 0.000000000000000000e+00 0.000000000000000000e+00 0.000000000000000000e+00 0.000000000000000000e+00 0.000000000000000000e+00 0.000000000000000000e+00 0.000000000000000000e+00 0.000000000000000000e+00 0.000000000000000000e+00 0.000000000000000000e+00 0.000000000000000000e+00 0.000000000000000000e+00 0.000000000000000000e+00 0.000000000000000000e+00 0.000000000000000000e+00 0.000000000000000000e+00 0.000000000000000000e+00 0.000000000000000000e+00 0.000000000000000000e+00 0.000000000000000000e+00 0.000000000000000000e+00
1.767127515685057437e-02 1.118482159051949892e-02 1.157420090488159824e-02 6.824461875933731346e-03 2.961031748397276371e-04 3.932854454882301481e-03 2.331031238035180444e-03 9.612036864610783160e-03 -2.049010057947469069e-04 1.504168072815132134e-03 8.897740098878659937e-03 6.700831765306928048e-03 8.561012823197239763e-04 1.182092370687897083e-02 1.318895892453552168e-02 9.216195549994473518e-03 1.924276432228286260e-02 1.332169052201440974e-02 6.053700927308944442e-03 4.627639853881453081e-04 1.856373670834578216e-02 1.247746990979262637e-02 1.474175353504827502e-03 1.497528417727026287e-02 2.661166734987533474e-03 1.749067777182944719e-02 1.375969300990942217e-02 9.603297334679796252e-03 2.421130076205195870e-03 9.369189588557197759e-03 2.990189295564695741e-04 7.353532510487750459e-03 1.000000000000000000e+00 0.000000000000000000e+00 0.000000000000000000e+00 0.000000000000000000e+00 0.000000000000000000e+00 0.000000000000000000e+00 0.000000000000000000e+00 0.000000000000000000e+00 0.000000000000000000e+00 0.000000000000000000e+00 0.000000000000000000e+00 0.000000000000000000e+00 0.000000000000000000e+00 0.000000000000000000e+00 0.000000000000000000e+00 0.000000000000000000e+00 0.000000000000000000e+00 0.000000000000000000e+00 0.000000000000000000e+00 0.000000000000000000e+00 0.000000000000000000e+00 0.000000000000000000e+00 0.000000000000000000e+00 0.000000000000000000e+00 0.000000000000000000e+00 0.000000000000000000e+00 0.000000000000000000e+00 0.000000000000000000e+00 0.000000000000000000e+00 0.000000000000000000e+00 0.000000000000000000e+00 0.000000000000000000e+00 0.000000000000000000e+00 0.000000000000000000e+00 0.000000000000000000e+00 0.000000000000000000e+00 0.000000000000000000e+00 0.000000000000000000e+00 0.000000000000000000e+00 0.000000000000000000e+00 0.000000000000000000e+00 0.000000000000000000e+00 0.000000000000000000e+00 0.000000000000000000e+00 0.000000000000000000e+00 0.000000000000000000e+00 0.000000000000000000e+00 0.000000000000000000e+00 0.000000000000000000e+00 0.000000000000000000e+00 0.000000000000000000e+00 0.000000000000000000e+00 0.000000000000000000e+00 0.000000000000000000e+00 0.000000000000000000e+00 0.000000000000000000e+00 0.000000000000000000e+00 0.000000000000000000e+00 0.000000000000000000e+00 0.000000000000000000e+00 0.000000000000000000e+00 0.000000000000000000e+00 0.000000000000000000e+00 0.000000000000000000e+00 0.000000000000000000e+00 0.000000000000000000e+00 0.000000000000000000e+00 0.000000000000000000e+00
1.849700419544945615e-02 -1.728427572041838314e-04 7.110694869492650491e-03 6.893206097113710115e-03 1.326224200804348823e-02 8.861380029586940835e-03 1.349256317769539568e-02 8.201389053772524529e-03 8.820793311144965211e-04 1.558274230659744200e-02 1.737245666653423198e-02 9.279072746915579704e-04 9.541139359333069073e-04 1.148543375693879612e-02 3.105803449545431125e-03 8.376351773763546921e-03 9.148165562662340100e-03 1.727254885048040006e-02 1.597523646802599673e-02 1.645897606268772280e-03 3.751876872647038740e-03 9.591466499334651633e-03 1.434061534313315484e-02 3.855580306721014417e-03 1.005690394500567339e-02 9.985169036646535101e-03 5.516247289563186960e-03 6.965319896614347202e-03 7.380068157664859511e-03 1.518357705575416015e-02 1.147970469452456142e-02 6.199235519481018086e-03 5.487310622055207275e-03 1.000000000000000000e+00 0.000000000000000000e+00 0.000000000000000000e+00 0.000000000000000000e+00 0.000000000000000000e+00 0.000000000000000000e+00 0.000000000000000000e+00 0.000000000000000000e+00 0.000000000000000000e+00 0.000000000000000000e+00 0.000000000000000000e+00 0.000000000000000000e+00 0.000000000000000000e+00 0.000000000000000000e+00 0.000000000000000000e+00 0.000000000000000000e+00 0.000000000000000000e+00 0.000000000000000000e+00 0.000000000000000000e+00 0.000000000000000000e+00 0.000000000000000000e+00 0.000000000000000000e+00 0.000000000000000000e+00 0.000000000000000000e+00 0.000000000000000000e+00 0.000000000000000000e+00 0.000000000000000000e+00 0.000000000000000000e+00 0.000000000000000000e+00 0.000000000000000000e+00 0.000000000000000000e+00 0.000000000000000000e+00 0.000000000000000000e+00 0.000000000000000000e+00 0.000000000000000000e+00 0.000000000000000000e+00 0.000000000000000000e+00 0.000000000000000000e+00 0.000000000000000000e+00 0.000000000000000000e+00 0.000000000000000000e+00 0.000000000000000000e+00 0.000000000000000000e+00 0.000000000000000000e+00 0.000000000000000000e+00 0.000000000000000000e+00 0.000000000000000000e+00 0.000000000000000000e+00 0.000000000000000000e+00 0.000000000000000000e+00 0.000000000000000000e+00 0.000000000000000000e+00 0.000000000000000000e+00 0.000000000000000000e+00 0.000000000000000000e+00 0.000000000000000000e+00 0.000000000000000000e+00 0.000000000000000000e+00 0.000000000000000000e+00 0.000000000000000000e+00 0.000000000000000000e+00 0.000000000000000000e+00 0.000000000000000000e+00 0.000000000000000000e+00 0.000000000000000000e+00 0.000000000000000000e+00 0.000000000000000000e+00
1.071781675991059259e-02 1.398393585364945436e-02 8.259350034544848257e-03 1.618476140399364212e-03 1.891588595727013329e-03 1.559533595484321154e-02 5.539187413230459503e-03 2.527469268668678087e-03 1.725004400897614878e-02 1.625015380950303734e-02 1.054410023149328010e-02 1.576958668836324264e-03 6.712082305863589955e-04 5.206232119249302147e-03 1.178644680757317403e-02 1.581792322776506485e-02 1.296167280111867881e-02 1.229994008091480316e-02 5.694259149237480139e-03 1.356767632815727813e-03 7.826319877914121375e-04 -5.790109973719910139e-04 3.966589659195928277e-04 1.797802938852531562e-02 7.982835685942702569e-03 4.659223721755026068e-03 5.279172325021878930e-04 4.353158304954642469e-03 6.778580650496053919e-03 7.180090132568300171e-03 6.888000150867151263e-03 8.671805595299295413e-03 1.364498907610102278e-02 -2.721800408682512333e-04 1.000000000000000000e+00 0.000000000000000000e+00 0.000000000000000000e+00 0.000000000000000000e+00 0.000000000000000000e+00 0.000000000000000000e+00 0.000000000000000000e+00 0.000000000000000000e+00 0.000000000000000000e+00 0.000000000000000000e+00 0.000000000000000000e+00 0.000000000000000000e+00 0.000000000000000000e+00 0.000000000000000000e+00 0.000000000000000000e+00 0.000000000000000000e+00 0.000000000000000000e+00 0.000000000000000000e+00 0.000000000000000000e+00 0.000000000000000000e+00 0.000000000000000000e+00 0.000000000000000000e+00 0.000000000000000000e+00 0.000000000000000000e+00 0.000000000000000000e+00 0.000000000000000000e+00 0.000000000000000000e+00 0.000000000000000000e+00 0.000000000000000000e+00 0.000000000000000000e+00 0.000000000000000000e+00 0.000000000000000000e+00 0.000000000000000000e+00 0.000000000000000000e+00 0.000000000000000000e+00 0.000000000000000000e+00 0.000000000000000000e+00 0.000000000000000000e+00 0.000000000000000000e+00 0.000000000000000000e+00 0.000000000000000000e+00 0.000000000000000000e+00 0.000000000000000000e+00 0.000000000000000000e+00 0.000000000000000000e+00 0.000000000000000000e+00 0.000000000000000000e+00 0.000000000000000000e+00 0.000000000000000000e+00 0.000000000000000000e+00 0.000000000000000000e+00 0.000000000000000000e+00 0.000000000000000000e+00 0.000000000000000000e+00 0.000000000000000000e+00 0.000000000000000000e+00 0.000000000000000000e+00 0.000000000000000000e+00 0.000000000000000000e+00 0.000000000000000000e+00 0.000000000000000000e+00 0.000000000000000000e+00 0.000000000000000000e+00 0.000000000000000000e+00 0.000000000000000000e+00 0.000000000000000000e+00
1.553866651840429651e-02 1.326914037885246721e-02 2.158874756701816954e-03 7.699650191942187562e-03 4.684402710571824308e-03 -7.092247344875717268e-04 7.938841979159857662e-03 1.838254729798471931e-02 1.719143615313806911e-02 2.361673848940652048e-03 1.786194227681503835e-02 8.591269707407565154e-03 5.761880294503821109e-03 1.041738984068326171e-02 1.667586857842533188e-02 4.333627913910970825e-03 1.724551266271909244e-02 1.401820205668785450e-02 1.027400388057964076e-02 1.664692870718259207e-02 1.009009006129765046e-02 1.328130499496560889e-02 1.115339363205406636e-02 -1.596931410060680075e-03 7.353259932178082998e-03 2.535731575062579856e-03 1.336285563565190078e-02 1.282425119225611386e-02 1.239152056275114218e-02 5.611512989035955488e-03 1.307595446002875889e-02 1.353540431665233197e-02 9.265909716225260648e-03 -6.497316540890602215e-04 3.102789523031615742e-03 1.000000000000000000e+00 0.000000000000000000e+00 0.000000000000000000e+00 0.000000000000000000e+00 0.000000000000000000e+00 0.000000000000000000e+00 0.000000000000000000e+00 0.000000000000000000e+00 0.000000000000000000e+00 0.000000000000000000e+00 0.000000000000000000e+00 0.000000000000000000e+00 0.000000000000000000e+00 0.000000000000000000e+00 0.000000000000000000e+00 0.000000000000000000e+00 0.000000000000000000e+00 0.000000000000000000e+00 0.000000000000000000e+00 0.000000000000000000e+00 0.000000000000000000e+00 0.000000000000000000e+00 0.000000000000000000e+00 0.000000000000000000e+00 0.000000000000000000e+00 0.000000000000000000e+00 0.000000000000000000e+00 0.000000000000000000e+00 0.000000000000000000e+00 0.000000000000000000e+00 0.000000000000000000e+00 0.000000000000000000e+00 0.000000000000000000e+00 0.000000000000000000e+00 0.000000000000000000e+00 0.000000000000000000e+00 0.000000000000000000e+00 0.000000000000000000e+00 0.000000000000000000e+00 0.000000000000000000e+00 0.000000000000000000e+00 0.000000000000000000e+00 0.000000000000000000e+00 0.000000000000000000e+00 0.000000000000000000e+00 0.000000000000000000e+00 0.000000000000000000e+00 0.000000000000000000e+00 0.000000000000000000e+00 0.000000000000000000e+00 0.000000000000000000e+00 0.000000000000000000e+00 0.000000000000000000e+00 0.000000000000000000e+00 0.000000000000000000e+00 0.000000000000000000e+00 0.000000000000000000e+00 0.000000000000000000e+00 0.000000000000000000e+00 0.000000000000000000e+00 0.000000000000000000e+00 0.000000000000000000e+00 0.000000000000000000e+00 0.000000000000000000e+00 0.000000000000000000e+00
1.987422355903795124e-02 2.437925039742807644e-03 1.517072994356181547e-03 1.367291571717308774e-03 6.120565381822320843e-03 1.395458296987339003e-02 9.365911837605250118e-03 -6.680823755831142696e-04 9.439648333093542468e-03 9.387280892632722529e-03 1.704361481031337403e-02 1.031149843708789073e-02 1.333397088159913972e-02 2.503056030469542285e-03 6.913604536126346178e-05 8.091146534828881284e-03 1.689885510336473773e-02 1.354651545072319517e-02 1.037015184790210376e-02 5.756771278276346347e-03 1.060858684839641360e-02 4.172689544095196240e-03 2.523782506332686738e-03 9.014602693114735776e-03 1.711228717404270506e-03 3.053515219317448886e-03 5.900698723571564872e-04 1.726480049385768767e-02 2.576412216777916944e-03 1.558494371018111040e-04 1.674382131496952864e-02 2.703793283960183834e-03 7.725656800889149937e-04 6.532594896817285439e-04 1.414982110850534006e-02 6.707090338464729955e-03 1.000000000000000000e+00 0.000000000000000000e+00 0.000000000000000000e+00 0.000000000000000000e+00 0.000000000000000000e+00 0.000000000000000000e+00 0.000000000000000000e+00 0.000000000000000000e+00 0.000000000000000000e+00 0.000000000000000000e+00 0.000000000000000000e+00 0.000000000000000000e+00 0.000000000000000000e+00 0.000000000000000000e+00 0.000000000000000000e+00 0.000000000000000000e+00 0.000000000000000000e+00 0.000000000000000000e+00 0.000000000000000000e+00 0.000000000000000000e+00 0.000000000000000000e+00 0.000000000000000000e+00 0.000000000000000000e+00 0.000000000000000000e+00 0.000000000000000000e+00 0.000000000000000000e+00 0.000000000000000000e+00 0.000000000000000000e+00 0.000000000000000000e+00 0.000000000000000000e+00 0.000000000000000000e+00 0.000000000000000000e+00 0.000000000000000000e+00 0.000000000000000000e+00 0.000000000000000000e+00 0.000000000000000000e+00 0.000000000000000000e+00 0.000000000000000000e+00 0.000000000000000000e+00 0.000000000000000000e+00 0.000000000000000000e+00 0.000000000000000000e+00 0.000000000000000000e+00 0.000000000000000000e+00 0.000000000000000000e+00 0.000000000000000000e+00 0.000000000000000000e+00 0.000000000000000000e+00 0.000000000000000000e+00 0.000000000000000000e+00 0.000000000000000000e+00 0.000000000000000000e+00 0.000000000000000000e+00 0.000000000000000000e+00 0.000000000000000000e+00 0.000000000000000000e+00 0.000000000000000000e+00 0.000000000000000000e+00 0.000000000000000000e+00 0.000000000000000000e+00 0.000000000000000000e+00 0.000000000000000000e+00 0.000000000000000000e+00 0.000000000000000000e+00
7.625986013252681467e-03 1.464455699797292954e-02 4.803616330426314918e-03 1.360952935762344343e-02 6.815464238947855670e-03 9.329287068509516112e-03 1.161032667241479639e-02 3.295344845789686516e-03 1.145116107351472866e-02 1.642566193915890801e-02 1.420616309005042453e-02 9.167661036925980195e-03 5.929006092638528479e-04 1.506563995152370578e-02 2.129445218324830646e-03 8.676493519751195607e-03 9.301397951825694094e-03 1.325317205653289525e-02 1.870427755907300756e-03 8.542957782910108816e-04 4.657865095433525414e-03 9.562218404790349610e-03 1.342361925300645728e-02 9.803018478857061790e-03 5.506767267869475818e-03 1.735758105326952461e-02 1.066740720602677751e-02 3.489746812180932159e-04 1.624299571786265092e-02 1.338358471552241608e-02 -2.153016961710058162e-03 3.507166528094840790e-03 1.348088185356393102e-03 7.435784829170770209e-03 4.850855224453918396e-03 -6.933059279423323118e-04 7.233662548769327801e-03 1.000000000000000000e+00 0.000000000000000000e+00 0.000000000000000000e+00 0.000000000000000000e+00 0.000000000000000000e+00 0.000000000000000000e+00 0.000000000000000000e+00 0.000000000000000000e+00 0.000000000000000000e+00 0.000000000000000000e+00 0.000000000000000000e+00 0.000000000000000000e+00 0.000000000000000000e+00 0.000000000000000000e+00 0.000000000000000000e+00 0.000000000000000000e+00 0.000000000000000000e+00 0.000000000000000000e+00 0.000000000000000000e+00 0.000000000000000000e+00 0.000000000000000000e+00 0.000000000000000000e+00 0.000000000000000000e+00 0.000000000000000000e+00 0.000000000000000000e+00 0.000000000000000000e+00 0.000000000000000000e+00 0.000000000000000000e+00 0.000000000000000000e+00 0.000000000000000000e+00 0.000000000000000000e+00 0.000000000000000000e+00 0.000000000000000000e+00 0.000000000000000000e+00 0.000000000000000000e+00 0.000000000000000000e+00 0.000000000000000000e+00 0.000000000000000000e+00 0.000000000000000000e+00 0.000000000000000000e+00 0.000000000000000000e+00 0.000000000000000000e+00 0.000000000000000000e+00 0.000000000000000000e+00 0.000000000000000000e+00 0.000000000000000000e+00 0.000000000000000000e+00 0.000000000000000000e+00 0.000000000000000000e+00 0.000000000000000000e+00 0.000000000000000000e+00 0.000000000000000000e+00 0.000000000000000000e+00 0.000000000000000000e+00 0.000000000000000000e+00 0.000000000000000000e+00 0.000000000000000000e+00 0.000000000000000000e+00 0.000000000000000000e+00 0.000000000000000000e+00 0.000000000000000000e+00 0.000000000000000000e+00 0.000000000000000000e+00
1.919985176131146221e-02 1.211474491325099934e-02 1.503242878610770716e-02 1.239907760315122655e-02 -1.474805462014379647e-04 6.583931436886547237e-03 1.077762602823979267e-02 5.100664278911069133e-03 1.563452665688575341e-03 1.486805558820212918e-02 3.787149452184643099e-03 5.407092505227505293e-03 4.768337771904801459e-03 1.234853730940618094e-02 9.887272402641939656e-03 1.094155990967309380e-02 1.783096955454805885e-02 1.518285568831339617e-02 1.629110449773440300e-02 6.789468976089747115e-03 -6.952847622457542604e-04 5.573321382044800314e-03 6.937844005214307587e-03 1.670727910021950827e-02 1.338450745897990304e-02 1.377259706725876727e-02 1.627426498984452935e-02 2.234243684086016039e-03 3.611554399467178413e-03 8.905713020049361908e-04 1.003723929098134827e-02 -1.618706509712772778e-03 1.474442681916157162e-02 3.712665249191800850e-03 1.219696895259916002e-02 2.567247689936914823e-03 1.595288641411123478e-03 6.367494704689269196e-03 1.000000000000000000e+00 0.000000000000000000e+00 0.000000000000000000e+00 0.000000000000000000e+00 0.000000000000000000e+00 0.000000000000000000e+00 0.000000000000000000e+00 0.000000000000000000e+00 0.000000000000000000e+00 0.000000000000000000e+00 0.000000000000000000e+00 0.000000000000000000e+00 0.000000000000000000e+00 0.000000000000000000e+00 0.000000000000000000e+00 0.000000000000000000e+00 0.000000000000000000e+00 0.000000000000000000e+00 0.000000000000000000e+00 0.000000000000000000e+00 0.000000000000000000e+00 0.000000000000000000e+00 0.000000000000000000e+00 0.000000000000000000e+00 0.000000000000000000e+00 0.000000000000000000e+00 0.000000000000000000e+00 0.000000000000000000e+00 0.000000000000000000e+00 0.000000000000000000e+00 0.000000000000000000e+00 0.000000000000000000e+00 0.000000000000000000e+00 0.000000000000000000e+00 0.000000000000000000e+00 0.000000000000000000e+00 0.000000000000000000e+00 0.000000000000000000e+00 0.000000000000000000e+00 0.000000000000000000e+00 0.000000000000000000e+00 0.000000000000000000e+00 0.000000000000000000e+00 0.000000000000000000e+00 0.000000000000000000e+00 0.000000000000000000e+00 0.000000000000000000e+00 0.000000000000000000e+00 0.000000000000000000e+00 0.000000000000000000e+00 0.000000000000000000e+00 0.000000000000000000e+00 0.000000000000000000e+00 0.000000000000000000e+00 0.000000000000000000e+00 0.000000000000000000e+00 0.000000000000000000e+00 0.000000000000000000e+00 0.000000000000000000e+00 0.000000000000000000e+00 0.000000000000000000e+00 0.000000000000000000e+00
5.811829984749966593e-03 6.998431722267936701e-03 1.364102009377720498e-02 7.382542406027595844e-03 8.815098240983403749e-03 1.401434129616324978e-02 1.212861944653889981e-02 8.157626879787115842e-03 1.345470031352768471e-02 1.732695234285688141e-02 1.800317908460736041e-02 -8.381703898820798068e-05 1.238911207517785600e-02 1.338500493822249691e-02 3.585158801857594394e-03 1.268979163042664726e-02 1.052850237167434616e-02 1.239448700199209316e-02 -3.749141440296368149e-06 1.719878346268068244e-03 9.484519866262744112e-03 6.440830277175423058e-03 2.267983061129990718e-03 1.580408068634816046e-02 7.748798220028501813e-03 4.650781295390460021e-03 -7.141235367678489118e-04 1.918392842176274999e-03 7.865119950008436778e-03 -1.220913390526327542e-03 9.290478785016717880e-03 7.385611749425301806e-04 6.096757835524040103e-03 2.224065450502648537e-03 4.497215668126557271e-03 5.145568876639920047e-03 1.281494125932172191e-02 8.694179346082884369e-03 -1.310942833384286330e-03 1.000000000000000000e+00 0.000000000000000000e+00 0.000000000000000000e+00 0.000000000000000000e+00 0.000000000000000000e+00 0.000000000000000000e+00 0.000000000000000000e+00 0.000000000000000000e+00 0.000000000000000000e+00 0.000000000000000000e+00 0.000000000000000000e+00 0.000000000000000000e+00 0.000000000000000000e+00 0.000000000000000000e+00 0.000000000000000000e+00 0.000000000000000000e+00 0.000000000000000000e+00 0.000000000000000000e+00 0.000000000000000000e+00 0.000000000000000000e+00 0.000000000000000000e+00 0.000000000000000000e+00 0.000000000000000000e+00 0.000000000000000000e+00 0.000000000000000000e+00 0.000000000000000000e+00 0.000000000000000000e+00 0.000000000000000000e+00 0.000000000000000000e+00 0.000000000000000000e+00 0.000000000000000000e+00 0.000000000000000000e+00 0.000000000000000000e+00 0.000000000000000000e+00 0.000000000000000000e+00 0.000000000000000000e+00 0.000000000000000000e+00 0.000000000000000000e+00 0.000000000000000000e+00 0.000000000000000000e+00 0.000000000000000000e+00 0.000000000000000000e+00 0.000000000000000000e+00 0.000000000000000000e+00 0.000000000000000000e+00 0.000000000000000000e+00 0.000000000000000000e+00 0.000000000000000000e+00 0.000000000000000000e+00 0.000000000000000000e+00 0.000000000000000000e+00 0.000000000000000000e+00 0.000000000000000000e+00 0.000000000000000000e+00 0.000000000000000000e+00 0.000000000000000000e+00 0.000000000000000000e+00 0.000000000000000000e+00 0.000000000000000000e+00 0.000000000000000000e+00 0.000000000000000000e+00
1.095891359771758488e-03 6.028212249927279200e-03 6.365740185428898738e-03 9.220143755617585951e-03 1.621270315048530322e-02 7.538274603561300087e-03 1.256355874614870430e-02 1.915742364330063957e-03 2.983762947957478186e-03 1.081799586720851025e-02 6.663639317081504997e-03 1.052490960676646936e-02 1.720655913446663896e-02 6.134258638347531156e-03 1.398539800516988840e-02 5.214358001752925596e-03 1.170555118617386259e-02 2.530312217946901251e-03 1.775984293427380553e-02 9.946576041958865577e-03 3.816553216691522237e-03 1.749060899095553415e-02 3.299576105830539455e-03 2.519032024581121035e-03 7.559420317972684496e-03 5.067629657136525460e-03 5.925898621764544988e-03 1.624115558205597651e-02 3.433956168642435681e-03 6.769742845334629153e-03 1.349581025255514738e-02 1.282086026836643314e-02 -1.051626903130724669e-03 4.689357826519039742e-03 2.679063067242090992e-03 -2.100446955889025222e-03 3.503265246672888477e-03 1.335179357262644868e-02 7.120102566890431847e-03 1.494027573041523636e-02 1.000000000000000000e+00 0.000000000000000000e+00 0.000000000000000000e+00 0.000000000000000000e+00 0.000000000000000000e+00 0.000000000000000000e+00 0.000000000000000000e+00 0.000000000000000000e+00 0.000000000000000000e+00 0.000000000000000000e+00 0.000000000000000000e+00 0.000000000000000000e+00 0.000000000000000000e+00 0.000000000000000000e+00 0.000000000000000000e+00 0.000000000000000000e+00 0.000000000000000000e+00 0.000000000000000000e+00 0.000000000000000000e+00 0.000000000000000000e+00 0.000000000000000000e+00 0.000000000000000000e+00 0.000000000000000000e+00 0.000000000000000000e+00 0.000000000000000000e+00 0.000000000000000000e+00 0.000000000000000000e+00 0.000000000000000000e+00 0.000000000000000000e+00 0.000000000000000000e+00 0.000000000000000000e+00 0.000000000000000000e+00 0.000000000000000000e+00 0.000000000000000000e+00 0.000000000000000000e+00 0.000000000000000000e+00 0.000000000000000000e+00 0.000000000000000000e+00 0.000000000000000000e+00 0.000000000000000000e+00 0.000000000000000000e+00 0.000000000000000000e+00 0.000000000000000000e+00 0.000000000000000000e+00 0.000000000000000000e+00 0.000000000000000000e+00 0.000000000000000000e+00 0.000000000000000000e+00 0.000000000000000000e+00 0.000000000000000000e+00 0.000000000000000000e+00 0.000000000000000000e+00 0.000000000000000000e+00 0.000000000000000000e+00 0.000000000000000000e+00 0.000000000000000000e+00 0.000000000000000000e+00 0.000000000000000000e+00 0.000000000000000000e+00 0.000000000000000000e+00
3.307369589520807603e-05 9.050089112949143838e-03 6.912776798836820294e-05 1.767896116768630926e-02 7.967722185671433088e-03 4.761833704718218714e-03 1.800089789344498301e-02 2.540089962054820072e-03 1.723923315724550098e-02 1.831146722506574610e-03 1.134532720523531886e-02 7.423725958776048947e-03 1.007532607975563342e-02 5.214837942068581075e-03 1.702691739893373926e-02 1.315567951628492625e-02 1.023120089675418325e-03 1.422514135933683303e-02 5.433180465917735076e-03 5.924248498733328955e-03 6.906307127843485348e-03 1.595987389561137268e-02 1.139941561119737047e-03 1.234962222280055512e-02 -6.369484593100387885e-05 1.357012401748153296e-02 1.211743537311632188e-02 5.334647136762175890e-03 8.137228696442485101e-03 3.572118330656532965e-03 8.688983277351462059e-03 1.221802568690615043e-02 1.170774354907646794e-02 8.550351470800493514e-03 8.318336416787393620e-03 6.945785409990560925e-03 1.410629754700652022e-02 8.396364975467885197e-03 1.299614994319832871e-02 1.011401145431349048e-02 1.067187667734084168e-02 1.000000000000000000e+00 0.000000000000000000e+00 0.000000000000000000e+00 0.000000000000000000e+00 0.000000000000000000e+00 0.000000000000000000e+00 0.000000000000000000e+00 0.000000000000000000e+00 0.000000000000000000e+00 0.000000000000000000e+00 0.000000000000000000e+00 0.000000000000000000e+00 0.000000000000000000e+00 0.000000000000000000e+00 0.000000000000000000e+00 0.000000000000000000e+00 0.000000000000000000e+00 0.000000000000000000e+00 0.000000000000000000e+00 0.000000000000000000e+00 0.000000000000000000e+00 0.000000000000000000e+00 0.000000000000000000e+00 0.000000000000000000e+00 0.000000000000000000e+00 0.000000000000000000e+00 0.000000000000000000e+00 0.000000000000000000e+00 0.000000000000000000e+00 0.000000000000000000e+00 0.000000000000000000e+00 0.000000000000000000e+00 0.000000000000000000e+00 0.000000000000000000e+00 0.000000000000000000e+00 0.000000000000000000e+00 0.000000000000000000e+00 0.000000000000000000e+00 0.000000000000000000e+00 0.000000000000000000e+00 0.000000000000000000e+00 0.000000000000000000e+00 0.000000000000000000e+00 0.000000000000000000e+00 0.000000000000000000e+00 0.000000000000000000e+00 0.000000000000000000e+00 0.000000000000000000e+00 0.000000000000000000e+00 0.000000000000000000e+00 0.000000000000000000e+00 0.000000000000000000e+00 0.000000000000000000e+00 0.000000000000000000e+00 0.000000000000000000e+00 0.000000000000000000e+00 0.000000000000000000e+00 0.000000000000000000e+00 0.000000000000000000e+00
1.371102740510742914e-02 6.516478830473749042e-04 4.619427074592135155e-03 6.592319705100609974e-03 3.137762610807775989e-03 1.058374970733678630e-02 1.384039011016478284e-02 5.654890574436049599e-04 1.734650015516484706e-02 3.635983846796879328e-03 3.645592803007454818e-04 8.002672038865258838e-03 3.627850866355201726e-03 7.457223520288047691e-03 1.718964624874546763e-03 1.712927226207894629e-02 1.646702030317375234e-02 8.859082623052780270e-03 8.141708017203696038e-03 6.605863209060458844e-04 1.349490828900455804e-02 5.492037558904439183e-03 6.963784373800404898e-04 9.093517370625046892e-03 1.455703940629092226e-03 2.555406790689056847e-03 1.315934072305273775e-02 1.207307960012325709e-02 -4.202841976681858456e-04 1.328017529614741211e-02 3.242982159612207722e-03 1.502655796238167203e-02 4.731269130549793818e-03 4.442839658740347503e-03 1.205220765030453473e-02 2.804235959743240584e-03 1.077280422666300475e-02 6.316894769743572682e-03 1.259525819338489470e-02 4.687612253014068753e-03 1.264363686873611579e-02 7.327922874009731510e-03 1.000000000000000000e+00 0.000000000000000000e+00 0.000000000000000000e+00 0.000000000000000000e+00 0.000000000000000000e+00 0.000000000000000000e+00 0.000000000000000000e+00 0.000000000000000000e+00 0.000000000000000000e+00 0.000000000000000000e+00 0.000000000000000000e+00 0.000000000000000000e+00 0.000000000000000000e+00 0.000000000000000000e+00 0.000000000000000000e+00 0.000000000000000000e+00 0.000000000000000000e+00 0.000000000000000000e+00 0.000000000000000000e+00 0.000000000000000000e+00 0.000000000000000000e+00 0.000000000000000000e+00 0.000000000000000000e+00 0.000000000000000000e+00 0.000000000000000000e+00 0.000000000000000000e+00 0.000000000000000000e+00 0.000000000000000000e+00 0.000000000000000000e+00 0.000000000000000000e+00 0.000000000000000000e+00 0.000000000000000000e+00 0.000000000000000000e+00 0.000000000000000000e+00 0.000000000000000000e+00 0.000000000000000000e+00 0.000000000000000000e+00 0.000000000000000000e+00 0.000000000000000000e+00 0.000000000000000000e+00 0.000000000000000000e+00 0.000000000000000000e+00 0.000000000000000000e+00 0.000000000000000000e+00 0.000000000000000000e+00 0.000000000000000000e+00 0.000000000000000000e+00 0.000000000000000000e+00 0.000000000000000000e+00 0.000000000000000000e+00 0.000000000000000000e+00 0.000000000000000000e+00 0.000000000000000000e+00 0.000000000000000000e+00 0.000000000000000000e+00 0.000000000000000000e+00 0.000000000000000000e+00 0.000000000000000000e+00
1.911224835500169306e-02 2.000663906477433227e-03 5.892980196598281845e-03 1.031674401887050160e-02 1.264003283603828444e-02 1.154708128905919395e-02 -3.895478358838743403e-04 3.498887087923125382e-03 -7.419529669584764382e-04 4.584403438650424926e-03 1.446410662743703897e-02 7.104049918649449347e-03 1.313245567709900655e-02 1.225696054559595981e-02 4.294359348083076448e-03 -3.447292579275092108e-04 1.656677169045303252e-02 1.429952154879832703e-02 1.486870016321779810e-03 7.481968365459583901e-04 8.446070847964776487e-03 8.684217482494071758e-03 2.663803797615444790e-03 1.169696671454738789e-02 6.258325569067689151e-03 4.365315635639470566e-03 -1.914821686680649553e-04 7.270162940799152927e-04 1.446419918391253848e-02 1.060647547185949308e-02 5.939230734776475978e-03 -6.253466411454574030e-04 1.314399680482436191e-03 3.044439298773283478e-04 -2.529532487064997410e-03 1.283156737422430291e-02 1.922346349258028178e-02 1.627859830218745391e-02 2.159607495753710239e-03 1.140314837529327052e-03 9.018815781904797324e-03 -7.015264848921478691e-04 7.406667535518414360e-04 1.000000000000000000e+00 0.000000000000000000e+00 0.000000000000000000e+00 0.000000000000000000e+00 0.000000000000000000e+00 0.000000000000000000e+00 0.000000000000000000e+00 0.000000000000000000e+00 0.000000000000000000e+00 0.000000000000000000e+00 0.000000000000000000e+00 0.000000000000000000e+00 0.000000000000000000e+00 0.000000000000000000e+00 0.000000000000000000e+00 0.000000000000000000e+00 0.000000000000000000e+00 0.000000000000000000e+00 0.000000000000000000e+00 0.000000000000000000e+00 0.000000000000000000e+00 0.000000000000000000e+00 0.000000000000000000e+00 0.000000000000000000e+00 0.000000000000000000e+00 0.000000000000000000e+00 0.000000000000000000e+00 0.000000000000000000e+00 0.000000000000000000e+00 0.000000000000000000e+00 0.000000000000000000e+00 0.000000000000000000e+00 0.000000000000000000e+00 0.000000000000000000e+00 0.000000000000000000e+00 0.000000000000000000e+00 0.000000000000000000e+00 0.000000000000000000e+00 0.000000000000000000e+00 0.000000000000000000e+00 0.000000000000000000e+00 0.000000000000000000e+00 0.000000000000000000e+00 0.000000000000000000e+00 0.000000000000000000e+00 0.000000000000000000e+00 0.000000000000000000e+00 0.000000000000000000e+00 0.000000000000000000e+00 0.000000000000000000e+00 0.000000000000000000e+00 0.000000000000000000e+00 0.000000000000000000e+00 0.000000000000000000e+00 0.000000000000000000e+00 0.000000000000000000e+00 0.000000000000000000e+00
1.133746545134807493e-02 1.434400122964855917e-02 6.380804017867409928e-04 6.218550163529174349e-04 2.233212641053856310e-03 1.205947465870400685e-02 1.970293535098521787e-02 6.710100618817904997e-03 1.691280757423872100e-02 1.465869847463199989e-02 1.757791885953421951e-02 3.825465074182592476e-03 1.172121456919450987e-02 2.285158873059575831e-03 1.647694656666497809e-02 1.658135452474220409e-02 7.786975463893278408e-04 1.498167608180480878e-02 2.573661263374921356e-03 9.938527548906379502e-03 1.596790477531036950e-02 -1.315129213483985865e-03 9.147539161333222493e-03 3.533640441134315059e-03 1.426107385325208095e-02 4.706748345502000455e-03 1.231157470614364577e-02 1.556773825112956963e-02 -1.216725351085740439e-03 1.355233886123266562e-02 -4.550018722848432227e-04 1.159898599248412529e-02 1.604870975612145839e-02 -4.639541926062711930e-04 6.310664366392947132e-04 1.357769956075590041e-02 2.238579120168569629e-03 1.831486582659837270e-02 1.010566817071561173e-02 2.519803758712628027e-03 9.755307270383057477e-03 -6.286755849517306968e-04 -4.029268313123959941e-04 -2.185331364699157151e-03 1.000000000000000000e+00 0.000000000000000000e+00 0.000000000000000000e+00 0.000000000000000000e+00 0.000000000000000000e+00 0.000000000000000000e+00 0.000000000000000000e+00 0.000000000000000000e+00 0.000000000000000000e+00 0.000000000000000000e+00 0.000000000000000000e+00 0.000000000000000000e+00 0.000000000000000000e+00 0.000000000000000000e+00 0.000000000000000000e+00 0.000000000000000000e+00 0.000000000000000000e+00 0.000000000000000000e+00 0.000000000000000000e+00 0.000000000000000000e+00 0.000000000000000000e+00 0.000000000000000000e+00 0.000000000000000000e+00 0.000000000000000000e+00 0.000000000000000000e+00 0.000000000000000000e+00 0.000000000000000000e+00 0.000000000000000000e+00 0.000000000000000000e+00 0.000000000000000000e+00 0.000000000000000000e+00 0.000000000000000000e+00 0.000000000000000000e+00 0.000000000000000000e+00 0.000000000000000000e+00 0.000000000000000000e+00 0.000000000000000000e+00 0.000000000000000000e+00 0.000000000000000000e+00 0.000000000000000000e+00 0.000000000000000000e+00 0.000000000000000000e+00 0.000000000000000000e+00 0.000000000000000000e+00 0.000000000000000000e+00 0.000000000000000000e+00 0.000000000000000000e+00 0.000000000000000000e+00 0.000000000000000000e+00 0.000000000000000000e+00 0.000000000000000000e+00 0.000000000000000000e+00 0.000000000000000000e+00 0.000000000000000000e+00 0.000000000000000000e+00 0.000000000000000000e+00
1.119664638000167529e-02 2.961912434416106958e-03 1.531455225839901957e-02 6.457298335789293277e-03 2.959403900093727190e-03 1.565671280854580988e-02 2.867982996829071367e-03 6.185282400427888176e-03 1.024270122403446795e-02 1.304614892537159926e-02 -6.644617803341854858e-04 5.446908292962205148e-03 4.395064931862850514e-03 1.557194292037007537e-02 1.097322085836218569e-02 9.833848130005505561e-03 1.088906539950338336e-02 1.154449615116904561e-02 9.859847029185810595e-04 1.326490809907996185e-02 1.413300260743068082e-02 9.727801419073247788e-03 2.559177382615034427e-03 9.312349078116904585e-03 8.193735739208308014e-03 -5.068551563786542324e-04 1.001382238254784098e-02 1.744130769170896406e-02 1.705803440013939354e-02 6.695980247973914654e-03 -2.286532850363249842e-03 2.657385552203032388e-03 1.951847786788026484e-03 8.199941455156281242e-03 -1.399241828472607861e-03 1.242327818273651283e-02 -2.570333908135189068e-04 1.850256026761218711e-02 -1.725751596978597393e-03 1.749925659515430554e-02 7.458510412201425563e-03 5.912005180829123067e-03 -2.130215685653415528e-03 -1.654372804617310587e-03 9.597202632500256153e-03 1.000000000000000000e+00 0.000000000000000000e+00 0.000000000000000000e+00 0.000000000000000000e+00 0.000000000000000000e+00 0.000000000000000000e+00 0.000000000000000000e+00 0.000000000000000000e+00 0.000000000000000000e+00 0.000000000000000000e+00 0.000000000000000000e+00 0.000000000000000000e+00 0.000000000000000000e+00 0.000000000000000000e+00 0.000000000000000000e+00 0.000000000000000000e+00 0.000000000000000000e+00 0.000000000000000000e+00 0.000000000000000000e+00 0.000000000000000000e+00 0.000000000000000000e+00 0.000000000000000000e+00 0.000000000000000000e+00 0.000000000000000000e+00 0.000000000000000000e+00 0.000000000000000000e+00 0.000000000000000000e+00 0.000000000000000000e+00 0.000000000000000000e+00 0.000000000000000000e+00 0.000000000000000000e+00 0.000000000000000000e+00 0.000000000000000000e+00 0.000000000000000000e+00 0.000000000000000000e+00 0.000000000000000000e+00 0.000000000000000000e+00 0.000000000000000000e+00 0.000000000000000000e+00 0.000000000000000000e+00 0.000000000000000000e+00 0.000000000000000000e+00 0.000000000000000000e+00 0.000000000000000000e+00 0.000000000000000000e+00 0.000000000000000000e+00 0.000000000000000000e+00 0.000000000000000000e+00 0.000000000000000000e+00 0.000000000000000000e+00 0.000000000000000000e+00 0.000000000000000000e+00 0.000000000000000000e+00 0.000000000000000000e+00 0.000000000000000000e+00
8.445876101773247546e-03 1.463997846462559982e-02 7.048323275615235931e-03 1.539962054465085495e-02 1.200389038737746834e-02 1.246283116211439890e-02 8.896192831384918190e-03 1.678390604118656579e-02 1.735755804276592831e-02 -3.191453174673965091e-04 1.291957663837160070e-02 1.397322604124042085e-02 9.249790260629718250e-03 -3.837484422155293309e-04 7.496673117370385685e-03 5.311494964442724405e-03 9.907911109371891900e-03 2.431786977607369206e-03 1.238833620813063405e-02 4.048229212358931198e-03 -6.968467146795637819e-04 1.709877063663421681e-02 1.330592212463994027e-02 5.286960933520263965e-03 9.821119105256391826e-03 7.711002257345971576e-03 1.319554576126244841e-02 1.191869985455929273e-02 1.007085320208372069e-02 -2.015523763850093821e-03 1.414227451284631211e-02 7.679693727797047911e-03 2.492164183925750336e-03 7.604776470952027100e-03 1.161825134878503168e-02 5.062131899645155343e-03 -1.118551549338715973e-03 1.788710591633208002e-02 5.737773300159110940e-03 7.106296807480948219e-03 5.274688446785255093e-03 9.678379619619807694e-03 4.061446537206086713e-03 2.647988864030326010e-03 8.341048418204322079e-03 -4.782611304028968756e-04 1.000000000000000000e+00 0.000000000000000000e+00 0.000000000000000000e+00 0.000000000000000000e+00 0.000000000000000000e+00 0.000000000000000000e+00 0.000000000000000000e+00 0.000000000000000000e+00 0.000000000000000000e+00 0.000000000000000000e+00 0.000000000000000000e+00 0.000000000000000000e+00 0.000000000000000000e+00 0.000000000000000000e+00 0.000000000000000000e+00 0.000000000000000000e+00 0.000000000000000000e+00 0.000000000000000000e+00 0.000000000000000000e+00 0.000000000000000000e+00 0.000000000000000000e+00 0.000000000000000000e+00 0.000000000000000000e+00 0.000000000000000000e+00 0.000000000000000000e+00 0.000000000000000000e+00 0.000000000000000000e+00 0.000000000000000000e+00 0.000000000000000000e+00 0.000000000000000000e+00 0.000000000000000000e+00 0.000000000000000000e+00 0.000000000000000000e+00 0.000000000000000000e+00 0.000000000000000000e+00 0.000000000000000000e+00 0.000000000000000000e+00 0.000000000000000000e+00 0.000000000000000000e+00 0.000000000000000000e+00 0.000000000000000000e+00 0.000000000000000000e+00 0.000000000000000000e+00 0.000000000000000000e+00 0.000000000000000000e+00 0.000000000000000000e+00 0.000000000000000000e+00 0.000000000000000000e+00 0.000000000000000000e+00 0.000000000000000000e+00 0.000000000000000000e+00 0.000000000000000000e+00 0.000000000000000000e+00 0.000000000000000000e+00
2.160219582649703339e-03 1.405957618952828093e-02 1.746143216821847977e-02 1.262763456479029829e-02 -2.257515327201713889e-04 9.430575773019094984e-03 1.717393975009072482e-02 1.437082341000763507e-02 9.127153802447815489e-03 1.298284235196484927e-02 1.570800098899482328e-02 1.463366561536762547e-02 1.274953472434036013e-02 1.285342793857080675e-02 2.505878091566029944e-03 -1.807528122780969234e-04 1.114060672991920575e-02 1.460618239215007164e-02 1.767430621129777168e-02 3.325762253153440821e-03 4.051458328301596923e-04 1.255231201805240455e-02 1.478932993457909503e-02 1.747100234983649941e-02 1.128416810927110759e-03 1.654051914296553877e-02 -7.192599591760983355e-04 1.697203778334889154e-02 1.628653865173969317e-02 1.518037562926139415e-02 1.344141673312634899e-02 -1.695423392504093510e-04 1.560969302620558892e-02 5.383293778854312574e-03 -3.105381376736519091e-03 1.141376345690105903e-02 1.200421497600005598e-02 4.986810251352522504e-03 9.384177507872243015e-03 -1.481636190566907457e-03 1.513297155852601043e-02 1.497208460314600198e-02 7.130199604375071949e-03 1.286271756129509815e-02 1.468148745280764729e-02 4.546488439463516364e-03 4.444068418358810071e-04 1.000000000000000000e+00 0.000000000000000000e+00 0.000000000000000000e+00 0.000000000000000000e+00 0.000000000000000000e+00 0.000000000000000000e+00 0.000000000000000000e+00 0.000000000000000000e+00 0.000000000000000000e+00 0.000000000000000000e+00 0.000000000000000000e+00 0.000000000000000000e+00 0.000000000000000000e+00 0.000000000000000000e+00 0.000000000000000000e+00 0.000000000000000000e+00 0.000000000000000000e+00 0.000000000000000000e+00 0.000000000000000000e+00 0.000000000000000000e+00 0.000000000000000000e+00 0.000000000000000000e+00 0.000000000000000000e+00 0.000000000000000000e+00 0.000000000000000000e+00 0.000000000000000000e+00 0.000000000000000000e+00 0.000000000000000000e+00 0.000000000000000000e+00 0.000000000000000000e+00 0.000000000000000000e+00 0.000000000000000000e+00 0.000000000000000000e+00 0.000000000000000000e+00 0.000000000000000000e+00 0.000000000000000000e+00 0.000000000000000000e+00 0.000000000000000000e+00 0.000000000000000000e+00 0.000000000000000000e+00 0.000000000000000000e+00 0.000000000000000000e+00 0.000000000000000000e+00 0.000000000000000000e+00 0.000000000000000000e+00 0.000000000000000000e+00 0.000000000000000000e+00 0.000000000000000000e+00 0.000000000000000000e+00 0.000000000000000000e+00 0.000000000000000000e+00 0.000000000000000000e+00 0.000000000000000000e+00
6.761226244423511333e-03 9.551250523482835916e-03 1.866346213835273424e-02 5.386770595355848965e-04 1.498389075397893629e-02 5.061439449636758424e-03 1.728549849127651583e-02 3.095588420197946129e-03 1.550030894835466820e-02 1.695450675096923931e-02 1.067093084566213441e-02 1.277682833312160718e-02 -1.125521408346933565e-04 8.268922621727351624e-03 1.622078573111376126e-02 1.443004907599060999e-02 1.760761656903293490e-02 7.440806239484644251e-03 1.439565385378296404e-03 3.901494195181342151e-03 1.127763427343426994e-02 6.743336472632957025e-03 4.962866651099956741e-03 7.633259835151806096e-03 2.680955622996995195e-03 6.611946352091795445e-03 2.296206551748944131e-03 7.038407496004139667e-03 5.242232734305500401e-03 3.235974558283235148e-03 1.651948059201368071e-02 5.175935936074915929e-03 -1.302900705799542357e-03 9.470920555767755461e-03 -2.842263567844932354e-03 1.071221513868039245e-02 7.708474459583593286e-03 8.312993185291545420e-03 1.434637316635686138e-02 9.022148298152172022e-03 3.373112211174099200e-03 1.156558797373920082e-02 3.689176134006448039e-03 2.837441398162738899e-03 1.569685468350861743e-02 8.202948984727799573e-04 1.513293586289458925e-02 1.126435412468116022e-02 1.000000000000000000e+00 0.000000000000000000e+00 0.000000000000000000e+00 0.000000000000000000e+00 0.000000000000000000e+00 0.000000000000000000e+00 0.000000000000000000e+00 0.000000000000000000e+00 0.000000000000000000e+00 0.000000000000000000e+00 0.000000000000000000e+00 0.000000000000000000e+00 0.000000000000000000e+00 0.000000000000000000e+00 0.000000000000000000e+00 0.000000000000000000e+00 0.000000000000000000e+00 0.000000000000000000e+00 0.000000000000000000e+00 0.000000000000000000e+00 0.000000000000000000e+00 0.000000000000000000e+00 0.000000000000000000e+00 0.000000000000000000e+00 0.000000000000000000e+00 0.000000000000000000e+00 0.000000000000000000e+00 0.000000000000000000e+00 0.000000000000000000e+00 0.000000000000000000e+00 0.000000000000000000e+00 0.000000000000000000e+00 0.000000000000000000e+00 0.000000000000000000e+00 0.000000000000000000e+00 0.000000000000000000e+00 0.000000000000000000e+00 0.000000000000000000e+00 0.000000000000000000e+00 0.000000000000000000e+00 0.000000000000000000e+00 0.000000000000000000e+00 0.000000000000000000e+00 0.000000000000000000e+00 0.000000000000000000e+00 0.000000000000000000e+00 0.000000000000000000e+00 0.000000000000000000e+00 0.000000000000000000e+00 0.000000000000000000e+00 0.000000000000000000e+00 0.000000000000000000e+00
3.906094666893572629e-03 1.509674105131701520e-02 1.433717379802274677e-02 4.064696933100434180e-03 9.574059084086931209e-03 1.376497428977983828e-02 7.511109776193099566e-03 1.666047018318495693e-02 1.498556724187708779e-02 1.238349696389729436e-02 1.426720389629885372e-02 1.039305817750922015e-03 1.114109174770787185e-02 1.772617758428235088e-02 -3.220086005813987246e-04 6.421524555830298957e-03 6.350857822487175272e-03 1.366771859671150890e-02 7.774946611893940492e-03 7.425472431400958161e-03 2.615714833698152067e-03 3.672811613608378302e-03 4.490315051782037790e-03 1.768259540193204901e-02 -1.581938685791442912e-03 7.423102267400671916e-03 6.928942977180512289e-03 1.124658172555404812e-03 1.555906971871281672e-02 1.817963414118732579e-02 -1.389565689878602753e-03 -1.044873229965646768e-03 1.107427157849289953e-02 1.391464223433481334e-02 1.065962879993841150e-02 8.485110073200520867e-03 1.650228390081689284e-02 4.565300414902426218e-03 8.173054663491613123e-03 5.289493459011711165e-04 1.699420984559713585e-03 9.661475078529723620e-03 8.487693475415001784e-03 1.711440468100627540e-02 4.560779679022161463e-03 1.230057605961891627e-02 1.181304140981540712e-02 -1.095056964870192492e-03 6.249313917898187409e-03 1.000000000000000000e+00 0.000000000000000000e+00 0.000000000000000000e+00 0.000000000000000000e+00 0.000000000000000000e+00 0.000000000000000000e+00 0.000000000000000000e+00 0.000000000000000000e+00 0.000000000000000000e+00 0.000000000000000000e+00 0.000000000000000000e+00 0.000000000000000000e+00 0.000000000000000000e+00 0.000000000000000000e+00 0.000000000000000000e+00 0.000000000000000000e+00 0.000000000000000000e+00 0.000000000000000000e+00 0.000000000000000000e+00 0.000000000000000000e+00 0.000000000000000000e+00 0.000000000000000000e+00 0.000000000000000000e+00 0.000000000000000000e+00 0.000000000000000000e+00 0.000000000000000000e+00 0.000000000000000000e+00 0.000000000000000000e+00 0.000000000000000000e+00 0.000000000000000000e+00 0.000000000000000000e+00 0.000000000000000000e+00 0.000000000000000000e+00 0.000000000000000000e+00 0.000000000000000000e+00 0.000000000000000000e+00 0.000000000000000000e+00 0.000000000000000000e+00 0.000000000000000000e+00 0.000000000000000000e+00 0.000000000000000000e+00 0.000000000000000000e+00 0.000000000000000000e+00 0.000000000000000000e+00 0.000000000000000000e+00 0.000000000000000000e+00 0.000000000000000000e+00 0.000000000000000000e+00 0.000000000000000000e+00 0.000000000000000000e+00 0.000000000000000000e+00
3.980190722478158015e-05 6.949804283739235630e-03 2.342372595733721585e-03 1.293041879092044454e-02 9.082333522504997328e-03 1.517639440329816500e-02 6.134742117106706596e-03 -1.555938733361732760e-04 6.943851107081795704e-03 1.281829804916142547e-02 -6.107953484473289561e-04 2.272830631484880381e-04 1.492336356378462514e-02 1.293800276594087029e-02 8.955058701968141716e-03 8.865307292356920795e-04 2.315383929983844992e-03 3.524936544603334432e-03 9.838340796105351019e-03 1.061715627994938745e-02 4.765099923419202285e-03 7.581857451617050186e-03 7.483954213876791405e-03 1.733576984760714160e-02 9.762260322459959810e-03 3.641060444750673572e-03 1.525689008764578684e-02 2.044589078615111685e-03 -6.720344780097172680e-04 1.672820853548835293e-02 1.721590639062629477e-02 6.274813687409949887e-03 1.565491171160027575e-02 6.294380161296584189e-03 9.381768549701557242e-03 1.940326131996294567e-03 9.572286641360028617e-03 -4.664978176504436925e-05 8.091001075447130797e-06 8.786045696681902412e-03 1.149513123065199274e-02 1.301216748798410087e-02 1.311487993410700992e-02 1.361317733846980661e-02 4.855304437974773159e-03 1.399618934333802731e-02 -1.460307538664855874e-03 1.013279288834491657e-02 1.235101734436443686e-02 8.000081885790337813e-03 1.000000000000000000e+00 0.000000000000000000e+00 0.000000000000000000e+00 0.000000000000000000e+00 0.000000000000000000e+00 0.000000000000000000e+00 0.000000000000000000e+00 0.000000000000000000e+00 0.000000000000000000e+00 0.000000000000000000e+00 0.000000000000000000e+00 0.000000000000000000e+00 0.000000000000000000e+00 0.000000000000000000e+00 0.000000000000000000e+00 0.000000000000000000e+00 0.000000000000000000e+00 0.000000000000000000e+00 0.000000000000000000e+00 0.000000000000000000e+00 0.000000000000000000e+00 0.000000000000000000e+00 0.000000000000000000e+00 0.000000000000000000e+00 0.000000000000000000e+00 0.000000000000000000e+00 0.000000000000000000e+00 0.000000000000000000e+00 0.000000000000000000e+00 0.000000000000000000e+00 0.000000000000000000e+00 0.000000000000000000e+00 0.000000000000000000e+00 0.000000000000000000e+00 0.000000000000000000e+00 0.000000000000000000e+00 0.000000000000000000e+00 0.000000000000000000e+00 0.000000000000000000e+00 0.000000000000000000e+00 0.000000000000000000e+00 0.000000000000000000e+00 0.000000000000000000e+00 0.000000000000000000e+00 0.000000000000000000e+00 0.000000000000000000e+00 0.000000000000000000e+00 0.000000000000000000e+00 0.000000000000000000e+00 0.000000000000000000e+00
2.036877061948182133e-02 1.460536417974346753e-02 5.826103589959733854e-03 1.457999288572599424e-02 1.602167768614459059e-02 3.036403951765973778e-03 8.125444077138709378e-03 6.065066804661008865e-03 5.665616998435417731e-03 -3.326228082322359950e-04 1.354896150783230918e-02 9.083046627116916558e-03 1.698663961058949692e-02 1.691986486535860049e-02 1.582841314149991199e-02 2.052819982513871908e-03 1.729969530536580591e-02 9.746237860867880062e-03 1.678644827345243326e-02 -6.870427182982813278e-04 1.143557832565103224e-02 1.236389808165615049e-02 -1.699524295468957677e-03 1.051867176817353026e-02 1.542275118206864679e-02 1.236883865979248112e-02 1.404450348952170254e-02 1.287385598337050484e-02 5.352030748577705707e-03 7.559567820592051450e-03 1.276509985284207498e-02 -1.752037312065584870e-03 -9.156531827958340215e-05 -1.901970236539458166e-03 -4.771644533931030914e-04 1.144173663408638679e-02 -2.072877855068614317e-03 4.121376410953192862e-03 1.353314050209299471e-02 2.477506520773164588e-03 4.505716415670024330e-03 -1.794184113747383140e-03 1.406171712067124865e-02 1.856747250979714700e-02 1.608518870890048719e-02 3.530909762923965800e-03 4.377664381368261593e-04 1.261585778406467892e-02 3.295975560461386969e-03 1.197094750882918106e-02 1.384024206376390648e-02 1.000000000000000000e+00 0.000000000000000000e+00 0.000000000000000000e+00 0.000000000000000000e+00 0.000000000000000000e+00 0.000000000000000000e+00 0.000000000000000000e+00 0.000000000000000000e+00 0.000000000000000000e+00 0.000000000000000000e+00 0.000000000000000000e+00 0.000000000000000000e+00 0.000000000000000000e+00 0.000000000000000000e+00 0.000000000000000000e+00 0.000000000000000000e+00 0.000000000000000000e+00 0.000000000000000000e+00 0.000000000000000000e+00 0.000000000000000000e+00 0.000000000000000000e+00 0.000000000000000000e+00 0.000000000000000000e+00 0.000000000000000000e+00 0.000000000000000000e+00 0.000000000000000000e+00 0.000000000000000000e+00 0.000000000000000000e+00 0.000000000000000000e+00 0.000000000000000000e+00 0.000000000000000000e+00 0.000000000000000000e+00 0.000000000000000000e+00 0.000000000000000000e+00 0.000000000000000000e+00 0.000000000000000000e+00 0.000000000000000000e+00 0.000000000000000000e+00 0.000000000000000000e+00 0.000000000000000000e+00 0.000000000000000000e+00 0.000000000000000000e+00 0.000000000000000000e+00 0.000000000000000000e+00 0.000000000000000000e+00 0.000000000000000000e+00 0.000000000000000000e+00 0.000000000000000000e+00 0.000000000000000000e+00
1.968039666293010595e-02 1.940246002125275504e-03 4.940752105253473116e-03 1.419903717411463533e-02 8.591205475994635396e-03 9.825899981454819243e-03 1.684002505490301421e-02 5.469366085684339643e-03 1.458410728920483436e-02 1.720278816958220949e-02 -8.781597390531020210e-04 1.361744075611190548e-02 1.357317983804963955e-02 1.223329676801822655e-02 4.386248215815795500e-03 5.708264775256252643e-03 8.213364890014718950e-03 9.275232735273865672e-03 1.580001429717952169e-02 6.572359859141168638e-03 9.038905876096705455e-03 1.468138987377150956e-02 1.332237017777606301e-02 1.704470017724434364e-02 5.147535857864002883e-03 6.081555423202701606e-04 3.375604214945241658e-03 1.030255474154890150e-03 2.457743200129651646e-03 8.170575558767146501e-03 6.391544420882820654e-03 1.192440548348258807e-02 9.293728341204678459e-03 3.073397303732398130e-04 3.271319561905075383e-03 1.460837945068566186e-02 1.944491170329700012e-03 6.840482451907867190e-03 1.886221960103902839e-03 1.043198968482678471e-02 -2.949598838499063475e-03 -2.592975684727793421e-04 4.713139412783785972e-04 1.784839401261128014e-02 9.920613877194867092e-03 1.712786719971072860e-02 -7.137173275990209330e-04 -1.236811832637478049e-03 8.249998991052891152e-04 3.007124925014276022e-03 5.301036062245120806e-03 6.387248588390534963e-03 1.000000000000000000e+00 0.000000000000000000e+00 0.000000000000000000e+00 0.000000000000000000e+00 0.000000000000000000e+00 0.000000000000000000e+00 0.000000000000000000e+00 0.000000000000000000e+00 0.000000000000000000e+00 0.000000000000000000e+00 0.000000000000000000e+00 0.000000000000000000e+00 0.000000000000000000e+00 0.000000000000000000e+00 0.000000000000000000e+00 0.000000000000000000e+00 0.000000000000000000e+00 0.000000000000000000e+00 0.000000000000000000e+00 0.000000000000000000e+00 0.000000000000000000e+00 0.000000000000000000e+00 0.000000000000000000e+00 0.000000000000000000e+00 0.000000000000000000e+00 0.000000000000000000e+00 0.000000000000000000e+00 0.000000000000000000e+00 0.000000000000000000e+00 0.000000000000000000e+00 0.000000000000000000e+00 0.000000000000000000e+00 0.000000000000000000e+00 0.000000000000000000e+00 0.000000000000000000e+00 0.000000000000000000e+00 0.000000000000000000e+00 0.000000000000000000e+00 0.000000000000000000e+00 0.000000000000000000e+00 0.000000000000000000e+00 0.000000000000000000e+00 0.000000000000000000e+00 0.000000000000000000e+00 0.000000000000000000e+00 0.000000000000000000e+00 0.000000000000000000e+00 0.000000000000000000e+00
1.316745665930244349e-03 1.543582425318454007e-03 1.497345498864905561e-02 9.691789973642513101e-03 7.918469770778403805e-03 1.284726772618670354e-02 1.551829776294520388e-02 1.431722115131369138e-03 1.197937103411756549e-02 7.024805993276208964e-03 1.863818930514306652e-02 1.582954938989751884e-02 5.158852206763664579e-03 1.340217015853134228e-02 8.009311969795519792e-03 -3.714453448003815841e-04 1.006540923933714471e-02 1.205473420740743595e-02 1.020683691472797257e-02 1.465398453709950560e-02 6.371386128921474774e-03 9.178035450148013669e-03 6.390578960453659370e-03 1.680938817953439232e-02 1.599039855878820957e-02 1.261490095093004138e-02 1.436183109685457669e-02 5.026803752771961779e-03 1.259338971799814876e-02 1.030743670355076941e-02 1.525324438983928672e-02 7.497701551945627069e-03 2.540646717201330146e-03 8.501845143236449673e-03 1.759921180473680499e-02 -2.895210073438177906e-03 7.144040822624381747e-03 1.323177015233685354e-02 -2.401432878918289496e-03 1.399575694957902808e-02 1.243539849106214783e-02 6.946041294937627293e-03 2.733683248709087386e-03 -2.555780049211029033e-03 1.586561895085352586e-02 1.634557567343432327e-02 1.102462598748985174e-02 -4.878623162856290203e-04 1.554272782910248729e-02 6.638903611583735730e-03 1.675889626831803111e-03 5.326559203252161437e-03 3.027923163360606799e-03 1.000000000000000000e+00 0.000000000000000000e+00 0.000000000000000000e+00 0.000000000000000000e+00 0.000000000000000000e+00 0.000000000000000000e+00 0.000000000000000000e+00 0.000000000000000000e+00 0.000000000000000000e+00 0.000000000000000000e+00 0.000000000000000000e+00 0.000000000000000000e+00 0.000000000000000000e+00 0.000000000000000000e+00 0.000000000000000000e+00 0.000000000000000000e+00 0.000000000000000000e+00 0.000000000000000000e+00 0.000000000000000000e+00 0.000000000000000000e+00 0.000000000000000000e+00 0.000000000000000000e+00 0.000000000000000000e+00 0.000000000000000000e+00 0.000000000000000000e+00 0.000000000000000000e+00 0.000000000000000000e+00 0.000000000000000000e+00 0.000000000000000000e+00 0.000000000000000000e+00 0.000000000000000000e+00 0.000000000000000000e+00 0.000000000000000000e+00 0.000000000000000000e+00 0.000000000000000000e+00 0.000000000000000000e+00 0.000000000000000000e+00 0.000000000000000000e+00 0.000000000000000000e+00 0.000000000000000000e+00 0.000000000000000000e+00 0.000000000000000000e+00 0.000000000000000000e+00 0.000000000000000000e+00 0.000000000000000000e+00 0.000000000000000000e+00 0.000000000000000000e+00
4.669810257759992103e-03 6.844239871583763721e-03 9.105160894266873389e-03 7.353838611778020732e-04 6.043630655340115863e-03 9.188625614600187327e-03 1.290082790761449411e-02 1.492383283641587899e-02 1.557181091085275623e-02 1.609274752802605790e-02 1.222757755313222915e-02 4.490104335954988625e-03 7.664811283281836897e-03 5.995566196743377582e-03 3.637318668230226856e-03 4.101656163003216359e-03 1.347677058921010682e-02 2.649990702671339154e-03 2.337169164790031933e-03 1.039673029147559699e-02 1.153374874050864390e-02 1.431405270431661964e-02 1.529178416590020254e-02 1.521983016793492481e-02 8.431805341668192552e-03 1.765906206759076599e-02 -1.218254678565403515e-03 1.189175436736899377e-02 1.593058507156140929e-03 1.077466869419686259e-02 1.235042722286040437e-03 4.036687859297951979e-03 -2.697316257731716994e-03 1.978003388529893034e-03 1.223318789152964131e-02 6.939201548237799652e-03 2.143711506749095778e-03 3.131069080766322229e-03 1.261931205376146982e-02 2.793834011442206805e-03 1.057757214030879966e-02 4.590151417755319700e-03 1.427994570775193220e-02 1.659918026051431655e-02 4.039564467064131990e-03 1.670331087409500717e-02 -6.063570829320108361e-04 1.408791874632397793e-02 1.259577322715217836e-02 -2.573937748584801885e-03 1.536575900204012295e-02 1.067900553819671125e-02 -1.779389972679427760e-04 7.527632149730561530e-03 1.000000000000000000e+00 0.000000000000000000e+00 0.000000000000000000e+00 0.000000000000000000e+00 0.000000000000000000e+00 0.000000000000000000e+00 0.000000000000000000e+00 0.000000000000000000e+00 0.000000000000000000e+00 0.000000000000000000e+00 0.000000000000000000e+00 0.000000000000000000e+00 0.000000000000000000e+00 0.000000000000000000e+00 0.000000000000000000e+00 0.000000000000000000e+00 0.000000000000000000e+00 0.000000000000000000e+00 0.000000000000000000e+00 0.000000000000000000e+00 0.000000000000000000e+00 0.000000000000000000e+00 0.000000000000000000e+00 0.000000000000000000e+00 0.000000000000000000e+00 0.000000000000000000e+00 0.000000000000000000e+00 0.000000000000000000e+00 0.000000000000000000e+00 0.000000000000000000e+00 0.000000000000000000e+00 0.000000000000000000e+00 0.000000000000000000e+00 0.000000000000000000e+00 0.000000000000000000e+00 0.000000000000000000e+00 0.000000000000000000e+00 0.000000000000000000e+00 0.000000000000000000e+00 0.000000000000000000e+00 0.000000000000000000e+00 0.000000000000000000e+00 0.000000000000000000e+00 0.000000000000000000e+00 0.000000000000000000e+00 0.000000000000000000e+00
1.935367224315049295e-03 2.499086734877186203e-03 1.623631229575871193e-02 1.543501804864629186e-02 5.114044295221066225e-03 3.065792031544370324e-03 2.032556325571120009e-02 1.107828374936253857e-02 1.488311231059267180e-03 1.364738195226342966e-02 2.126419070387987591e-03 1.110135946896257872e-02 8.296754953237112443e-03 7.591319554149304587e-03 1.053852677989596150e-02 1.700915045733714798e-02 6.976459490563015516e-03 5.680419721734627711e-03 1.471696195334290178e-02 1.213175209558909479e-02 1.772478921588351367e-02 9.804282667520715019e-03 4.760501983039635795e-04 1.473690646311222319e-02 4.119415179474007239e-03 5.075777238116388652e-03 2.794701871979442774e-03 5.371177232297881868e-03 1.665869216291274851e-02 8.451653008809721992e-03 -4.384410748826476890e-04 2.217306072206585814e-03 9.707533797197418282e-03 -7.474509781458922803e-04 1.254054970628811112e-02 1.026536458344535011e-02 1.509305937590562654e-04 -2.503937309006784486e-03 -1.445058845886684415e-03 1.617227571394778615e-02 9.508187947687497029e-04 1.110909203968369957e-03 -2.906648622579466670e-03 1.135731214701726777e-02 1.621691229729125411e-02 -1.379893856230348216e-03 -9.434679394205141689e-04 1.001499967727080900e-02 9.814189829097182474e-03 1.514746196248756283e-02 -2.282587475821705805e-03 2.344853286415881342e-04 5.298366886430959551e-03 -2.546156503309226701e-03 1.104501144233430328e-02 1.000000000000000000e+00 0.000000000000000000e+00 0.000000000000000000e+00 0.000000000000000000e+00 0.000000000000000000e+00 0.000000000000000000e+00 0.000000000000000000e+00 0.000000000000000000e+00 0.000000000000000000e+00 0.000000000000000000e+00 0.000000000000000000e+00 0.000000000000000000e+00 0.000000000000000000e+00 0.000000000000000000e+00 0.000000000000000000e+00 0.000000000000000000e+00 0.000000000000000000e+00 0.000000000000000000e+00 0.000000000000000000e+00 0.000000000000000000e+00 0.000000000000000000e+00 0.000000000000000000e+00 0.000000000000000000e+00 0.000000000000000000e+00 0.000000000000000000e+00 0.000000000000000000e+00 0.000000000000000000e+00 0.000000000000000000e+00 0.000000000000000000e+00 0.000000000000000000e+00 0.000000000000000000e+00 0.000000000000000000e+00 0.000000000000000000e+00 0.000000000000000000e+00 0.000000000000000000e+00 0.000000000000000000e+00 0.000000000000000000e+00 0.000000000000000000e+00 0.000000000000000000e+00 0.000000000000000000e+00 0.000000000000000000e+00 0.000000000000000000e+00 0.000000000000000000e+00 0.000000000000000000e+00 0.000000000000000000e+00
7.725661475148134366e-03 1.086997202324628368e-02 8.286085798366100985e-03 1.910034674869310733e-03 1.386236270924665927e-02 2.972318490260503036e-03 1.527212721490091123e-02 8.129669315438358551e-03 8.178511636041921242e-04 2.350273412375935862e-03 1.683402473242264288e-02 1.038947299528156752e-02 7.900604170772023566e-03 1.631815505342523731e-02 1.060639042274955784e-02 2.388090108964683461e-03 7.740388978934036220e-03 9.040244027254845964e-04 1.131588986808239154e-02 1.754630522393547335e-03 1.155980458609411760e-03 3.521667834893013691e-03 1.245193144291593989e-03 8.952462570212489645e-03 1.297451842253349343e-02 4.490777698077099214e-03 1.309334145495932508e-02 9.434903258208986870e-03 1.276684010571631916e-02 1.461135837979903908e-02 9.848204121574584760e-03 1.051098544159828429e-04 4.166312914941822966e-03 -1.366472385676602069e-03 8.367260756028015861e-03 3.232022496125421755e-03 1.754001115886090478e-02 2.687295794356644400e-03 6.119323452201140545e-03 -1.265584681422175783e-03 1.091746773585873867e-02 2.830315449875977531e-03 9.866026734540178644e-03 1.635680105423742772e-02 1.513112673271223979e-02 -5.727102057861825792e-05 -1.251474648014981985e-03 -3.861623539215934824e-04 1.400880215873824899e-02 5.722182697185159567e-03 1.281412464156116539e-03 1.246352531615796920e-02 1.376754732893028382e-02 6.402623120673143001e-03 1.267175373021220582e-02 -2.184097427954351939e-03 1.000000000000000000e+00 0.000000000000000000e+00 0.000000000000000000e+00 0.000000000000000000e+00 0.000000000000000000e+00 0.000000000000000000e+00 0.000000000000000000e+00 0.000000000000000000e+00 0.000000000000000000e+00 0.000000000000000000e+00 0.000000000000000000e+00 0.000000000000000000e+00 0.000000000000000000e+00 0.000000000000000000e+00 0.000000000000000000e+00 0.000000000000000000e+00 0.000000000000000000e+00 0.000000000000000000e+00 0.000000000000000000e+00 0.000000000000000000e+00 0.000000000000000000e+00 0.000000000000000000e+00 0.000000000000000000e+00 0.000000000000000000e+00 0.000000000000000000e+00 0.000000000000000000e+00 0.000000000000000000e+00 0.000000000000000000e+00 0.000000000000000000e+00 0.000000000000000000e+00 0.000000000000000000e+00 0.000000000000000000e+00 0.000000000000000000e+00 0.000000000000000000e+00 0.000000000000000000e+00 0.000000000000000000e+00 0.000000000000000000e+00 0.000000000000000000e+00 0.000000000000000000e+00 0.000000000000000000e+00 0.000000000000000000e+00 0.000000000000000000e+00 0.000000000000000000e+00 0.000000000000000000e+00
2.112521639027506708e-03 1.542477516175022600e-02 1.831029191038924253e-02 -1.694749661919906154e-04 1.318755090613419820e-02 1.718445441540007723e-02 9.262138582250289270e-03 5.939861345450431554e-03 1.657391278306679164e-02 1.530667775484029040e-02 6.963263558855786219e-03 1.268393487538711784e-02 8.833438747028575164e-03 1.505879144506817174e-02 7.935077896145257409e-03 1.381321468269265142e-02 9.516099880126296581e-03 3.824878535235342464e-03 1.453064302229701600e-02 1.596103262145247281e-02 7.256240195158169745e-03 5.446837215518240786e-03 1.000451592690702191e-02 4.500263726938951749e-03 1.015324069747526418e-02 1.414853119090511311e-03 8.675168084701131987e-03 1.585194224169636859e-02 5.077884509747007148e-03 2.369063087237371218e-03 1.362761350110504917e-03 -1.961968897005229341e-03 -1.600699277744031031e-03 1.357776755431110843e-02 1.350171110420740270e-02 6.392015537544947813e-03 5.494047369911639681e-03 6.806990139540939309e-03 1.053696636954144610e-02 1.596977435215512012e-02 9.816951079049705126e-03 2.389496915075922222e-03 8.937759430582073450e-03 6.680035041574234472e-03 8.103577702026732582e-03 5.947827005048567615e-03 1.531897726296669628e-02 1.106864719093773528e-02 -1.366322089862702024e-03 8.807475237046788821e-03 3.884099038505593043e-03 -1.402547201194991738e-03 2.256634838173831106e-03 9.564796936108546990e-03 6.780159316471762003e-03 6.350846009139587793e-03 9.950378281140532036e-03 1.000000000000000000e+00 0.000000000000000000e+00 0.000000000000000000e+00 0.000000000000000000e+00 0.000000000000000000e+00 0.000000000000000000e+00 0.000000000000000000e+00 0.000000000000000000e+00 0.000000000000000000e+00 0.000000000000000000e+00 0.000000000000000000e+00 0.000000000000000000e+00 0.000000000000000000e+00 0.000000000000000000e+00 0.000000000000000000e+00 0.000000000000000000e+00 0.000000000000000000e+00 0.000000000000000000e+00 0.000000000000000000e+00 0.000000000000000000e+00 0.000000000000000000e+00 0.000000000000000000e+00 0.000000000000000000e+00 0.000000000000000000e+00 0.000000000000000000e+00 0.000000000000000000e+00 0.000000000000000000e+00 0.000000000000000000e+00 0.000000000000000000e+00 0.000000000000000000e+00 0.000000000000000000e+00 0.000000000000000000e+00 0.000000000000000000e+00 0.000000000000000000e+00 0.000000000000000000e+00 0.000000000000000000e+00 0.000000000000000000e+00 0.000000000000000000e+00 0.000000000000000000e+00 0.000000000000000000e+00 0.000000000000000000e+00 0.000000000000000000e+00 0.000000000000000000e+00
1.596532447639762223e-02 1.471201192900685462e-02 9.625756137057321291e-03 1.626973929458378973e-02 1.028935815954208459e-02 1.111785941947908071e-02 8.787184225141386404e-03 1.359626367183691328e-02 4.792490694083995952e-03 4.683867826273232539e-03 1.868209899629009671e-02 1.070694215554082902e-02 1.209485149412430072e-02 3.895633758674406193e-03 1.974760317372030666e-04 1.578321929790458406e-02 2.641615495832581417e-04 1.253283349759257148e-02 6.257093171105120553e-03 -1.233035327279216912e-03 1.654856084692190882e-03 1.726792760596619972e-02 1.620245814890118596e-02 6.961830497901078454e-03 2.877834953205474743e-03 1.512219631686692427e-02 5.658920556377400324e-03 6.631252553620379381e-03 3.442215785350044317e-03 1.828048292804355717e-03 3.437152947414657753e-03 1.171620892395331889e-02 6.409982608462041868e-03 6.582036485204234739e-03 1.525703723706944674e-02 2.422133238746264437e-03 1.577510156028422020e-03 1.426119350787398779e-02 1.371049699347489910e-03 1.807527152983470081e-02 -1.048118625081792109e-03 -1.095639817912456328e-03 1.438799923903338017e-02 -2.214956093018323642e-03 9.555065564527818328e-03 1.385534620612391101e-05 7.065961967114496069e-03 5.190210265392031057e-03 5.464986228066908043e-03 7.863858605645328639e-03 1.369431820409551699e-02 3.273263753377689007e-03 1.213021006536492766e-02 1.016259710573483299e-02 -6.430515470015771241e-04 1.491372165663241295e-02 5.182786228489067067e-03 1.399429813076627505e-02 1.000000000000000000e+00 0.000000000000000000e+00 0.000000000000000000e+00 0.000000000000000000e+00 0.000000000000000000e+00 0.000000000000000000e+00 0.000000000000000000e+00 0.000000000000000000e+00 0.000000000000000000e+00 0.000000000000000000e+00 0.000000000000000000e+00 0.000000000000000000e+00 0.000000000000000000e+00 0.000000000000000000e+00 0.000000000000000000e+00 0.000000000000000000e+00 0.000000000000000000e+00 0.000000000000000000e+00 0.000000000000000000e+00 0.000000000000000000e+00 0.000000000000000000e+00 0.000000000000000000e+00 0.000000000000000000e+00 0.000000000000000000e+00 0.000000000000000000e+00 0.000000000000000000e+00 0.000000000000000000e+00 0.000000000000000000e+00 0.000000000000000000e+00 0.000000000000000000e+00 0.000000000000000000e+00 0.000000000000000000e+00 0.000000000000000000e+00 0.000000000000000000e+00 0.000000000000000000e+00 0.000000000000000000e+00 0.000000000000000000e+00 0.000000000000000000e+00 0.000000000000000000e+00 0.000000000000000000e+00 0.000000000000000000e+00 0.000000000000000000e+00
1.741280496504558559e-02 9.396031145745286500e-03 1.792250647216937819e-03 1.693571211015956410e-02 4.942570152526118768e-03 6.717051455336908727e-03 1.099115131559193041e-02 1.297680297615676388e-02 3.684272537864850035e-03 1.052078889960289358e-02 -1.118935080339473077e-03 1.116155762326056372e-02 6.285423579081786914e-03 7.368026492446868615e-03 1.788633881222938607e-02 -1.244586430390189199e-03 1.340370505324610731e-02 1.223571540861263275e-02 1.071400939369134171e-02 1.178426339977038141e-02 3.469154700888089655e-03 1.172020779227384360e-02 1.518699722938529791e-02 5.512799154186930235e-03 1.251643373307096546e-02 3.875991467414309586e-03 4.336220698563008659e-03 3.853176870571591202e-03 4.812068422082385610e-03 7.280140684552457303e-03 2.847270907897268052e-03 -3.578251065583799959e-04 3.353728839204294862e-03 7.384235218957323904e-03 1.165169729882817654e-02 1.839059351424266950e-03 5.198547568341232994e-03 6.440343986999629879e-03 4.231966740697999554e-04 3.432758247837675459e-03 1.519424375921847592e-02 1.077862330497389963e-02 8.779406219310812581e-03 1.733418120377360622e-02 1.102282625453939423e-02 4.777315241040137363e-03 1.360392960097778561e-02 1.436822717166237346e-03 2.077890237446558715e-03 1.195079268901660767e-02 1.465969420892402481e-02 1.116890006640147703e-02 -2.381913750711569557e-03 5.976675177778022208e-03 1.357507768361698383e-02 1.717073707129066970e-02 1.540156149256246675e-03 8.739068834592221514e-04 1.215489291569142464e-04 1.000000000000000000e+00 0.000000000000000000e+00 0.000000000000000000e+00 0.000000000000000000e+00 0.000000000000000000e+00 0.000000000000000000e+00 0.000000000000000000e+00 0.000000000000000000e+00 0.000000000000000000e+00 0.000000000000000000e+00 0.000000000000000000e+00 0.000000000000000000e+00 0.000000000000000000e+00 0.000000000000000000e+00 0.000000000000000000e+00 0.000000000000000000e+00 0.000000000000000000e+00 0.000000000000000000e+00 0.000000000000000000e+00 0.000000000000000000e+00 0.000000000000000000e+00 0.000000000000000000e+00 0.000000000000000000e+00 0.000000000000000000e+00 0.000000000000000000e+00 0.000000000000000000e+00 0.000000000000000000e+00 0.000000000000000000e+00 0.000000000000000000e+00 0.000000000000000000e+00 0.000000000000000000e+00 0.000000000000000000e+00 0.000000000000000000e+00 0.000000000000000000e+00 0.000000000000000000e+00 0.000000000000000000e+00 0.000000000000000000e+00 0.000000000000000000e+00 0.000000000000000000e+00 0.000000000000000000e+00 0.000000000000000000e+00
8.383999986521600140e-03 1.104322882872748983e-02 1.643012312834220973e-02 1.671801596450207122e-02 9.321938004240629648e-04 4.158937155466241146e-03 -3.636334838671002293e-04 5.009160283371950385e-03 9.621898613703026154e-03 1.326785720676231179e-03 1.020496467323131137e-02 1.303701734759443384e-02 -9.714184781738793330e-04 3.072080913685164890e-03 1.546910422164938723e-02 1.316959784160616834e-02 1.055647490995306054e-02 5.725457677734994630e-03 1.029407510060502927e-02 1.343804931727084553e-02 -1.425140801314899721e-03 5.538081713649632698e-03 7.004281178783470022e-03 7.831748057541856184e-03 2.002724970374885477e-03 5.708278844270440675e-03 1.626692626251535767e-02 3.396454824689808770e-03 1.501059900582659735e-02 2.313303952858328759e-03 3.616916481003938037e-03 2.915864781722384957e-03 1.178362756792134328e-02 1.644683346739450602e-02 7.060629947249008088e-03 8.719962762694068864e-03 3.900622059656590288e-03 6.342394396120843922e-03 1.495893516656681722e-03 1.108392243839960260e-02 6.732118716408864133e-03 3.754744004361245269e-03 4.425268775306995250e-03 3.948101940745369492e-03 3.056290709280769236e-03 -1.299325244662407350e-03 3.850883718116131487e-03 1.107565152176906952e-02 3.065962353289284313e-03 1.510873423858177279e-02 3.375638129961343152e-03 7.405692131485563066e-03 8.511151926959297301e-03 -2.169983052258735428e-03 4.965104112073007690e-03 1.762954391940862661e-02 -9.794780102358576152e-05 9.488833022000453879e-03 7.721656545024189328e-03 8.133468841179719230e-04 1.000000000000000000e+00 0.000000000000000000e+00 0.000000000000000000e+00 0.000000000000000000e+00 0.000000000000000000e+00 0.000000000000000000e+00 0.000000000000000000e+00 0.000000000000000000e+00 0.000000000000000000e+00 0.000000000000000000e+00 0.000000000000000000e+00 0.000000000000000000e+00 0.000000000000000000e+00 0.000000000000000000e+00 0.000000000000000000e+00 0.000000000000000000e+00 0.000000000000000000e+00 0.000000000000000000e+00 0.000000000000000000e+00 0.000000000000000000e+00 0.000000000000000000e+00 0.000000000000000000e+00 0.000000000000000000e+00 0.000000000000000000e+00 0.000000000000000000e+00 0.000000000000000000e+00 0.000000000000000000e+00 0.000000000000000000e+00 0.000000000000000000e+00 0.000000000000000000e+00 0.000000000000000000e+00 0.000000000000000000e+00 0.000000000000000000e+00 0.000000000000000000e+00 0.000000000000000000e+00 0.000000000000000000e+00 0.000000000000000000e+00 0.000000000000000000e+00 0.000000000000000000e+00 0.000000000000000000e+00
1.000478710517045504e-02 9.158292361455150701e-03 4.426662871515391583e-03 1.482814980100913282e-02 1.733789020462949554e-02 1.739579267775457835e-02 1.685019632230246381e-02 1.125420886792394097e-02 1.301571955407837544e-02 1.018368993483624238e-02 6.033996166417163708e-03 -4.189458891145878298e-04 1.239633601687989937e-02 8.860365550395172402e-03 2.223363429875645453e-04 4.318112276449074388e-03 1.581624593391425457e-02 1.137042427223151214e-02 1.253541105310302176e-02 1.733162032466080502e-03 -1.021176161056852908e-03 1.593460593620043631e-03 1.675255532888896698e-03 -1.028778939854185304e-03 3.514233458342102406e-03 -1.743396008040184542e-03 1.166048719384165690e-02 3.057199612759214490e-03 1.789998196375634830e-03 -1.339407136578282679e-03 1.653146754537935387e-02 3.963117379041365511e-03 8.562721330517211391e-03 9.001235876835643815e-03 1.000511939967951933e-03 1.321601980426611277e-02 9.335298541652126483e-03 8.196638469680796873e-03 1.597071083600117014e-02 8.789067581018881678e-04 1.667057951987052991e-03 -7.607971218187203812e-04 1.254387995212026194e-02 -1.221203860061743744e-04 1.303518119138812222e-02 8.341392089761628242e-03 5.055845953797788797e-03 2.430460891415592989e-03 -2.129968997238626625e-03 1.165520345909861442e-02 6.034773141347971742e-03 1.344871557904503238e-02 1.266619732945041717e-02 -6.495301235792866118e-04 6.399609013424863982e-04 1.506608982793818628e-02 6.357160706390081566e-03 1.553656009959568374e-02 -2.175372142194682314e-03 3.324743149417647321e-03 7.750326921007699016e-03 1.000000000000000000e+00 0.000000000000000000e+00 0.000000000000000000e+00 0.000000000000000000e+00 0.000000000000000000e+00 0.000000000000000000e+00 0.000000000000000000e+00 0.000000000000000000e+00 0.000000000000000000e+00 0.000000000000000000e+00 0.000000000000000000e+00 0.000000000000000000e+00 0.000000000000000000e+00 0.000000000000000000e+00 0.000000000000000000e+00 0.000000000000000000e+00 0.000000000000000000e+00 0.000000000000000000e+00 0.000000000000000000e+00 0.000000000000000000e+00 0.000000000000000000e+00 0.000000000000000000e+00 0.000000000000000000e+00 0.000000000000000000e+00 0.000000000000000000e+00 0.000000000000000000e+00 0.000000000000000000e+00 0.000000000000000000e+00 0.000000000000000000e+00 0.000000000000000000e+00 0.000000000000000000e+00 0.000000000000000000e+00 0.000000000000000000e+00 0.000000000000000000e+00 0.000000000000000000e+00 0.000000000000000000e+00 0.000000000000000000e+00 0.000000000000000000e+00 0.000000000000000000e+00
7.339230280753255252e-03 3.336428126672288334e-03 3.081602229558131310e-03 1.410989767140884490e-02 1.586321232849225576e-02 2.341559772168723061e-03 1.655104188054421638e-02 1.126547898592952270e-02 5.630136331388748902e-03 5.792349924063320242e-03 1.658558530300619296e-02 1.401257079105646536e-02 1.345543201417962256e-02 1.818679252392651699e-02 -3.537448238751452097e-04 1.256068406337214859e-02 4.265387821305482649e-03 1.665251942994932371e-02 1.577213992857905492e-02 1.145289647845386047e-02 1.218961064057907245e-02 3.214066624173846521e-03 2.653815552508516709e-03 -1.873972915220098283e-03 5.693346970103626073e-03 2.229588732201870111e-03 6.321299112131584241e-03 9.191684391504254675e-03 5.800271869605531753e-03 3.089259921900866426e-04 4.889957572999591683e-03 7.690939976457299501e-03 1.368876063628859333e-03 1.609072007334951676e-02 1.255159946123640159e-02 8.892567878989187519e-03 4.367925558983307491e-03 1.115444903435378401e-02 9.195764121461919016e-03 7.894133138169043273e-03 1.323525065904930173e-02 1.247935908386977634e-02 5.761744099974026520e-03 1.422333760382728761e-02 6.468795531192770600e-03 8.566435031535035716e-03 8.303635682435743515e-03 1.339230415569455691e-02 1.156634064713996622e-02 1.156256166575883419e-02 1.472468839887368852e-04 4.893373948366167188e-03 -2.887826293562846362e-03 1.185632694872980515e-02 3.603699618571514461e-03 1.106198598938099714e-02 1.853828310998738987e-03 7.689836514268808335e-03 3.671511286836355147e-03 1.536955687174009454e-02 9.084602369382574656e-04 6.272958525114492173e-03 1.000000000000000000e+00 0.000000000000000000e+00 0.000000000000000000e+00 0.000000000000000000e+00 0.000000000000000000e+00 0.000000000000000000e+00 0.000000000000000000e+00 0.000000000000000000e+00 0.000000000000000000e+00 0.000000000000000000e+00 0.000000000000000000e+00 0.000000000000000000e+00 0.000000000000000000e+00 0.000000000000000000e+00 0.000000000000000000e+00 0.000000000000000000e+00 0.000000000000000000e+00 0.000000000000000000e+00 0.000000000000000000e+00 0.000000000000000000e+00 0.000000000000000000e+00 0.000000000000000000e+00 0.000000000000000000e+00 0.000000000000000000e+00 0.000000000000000000e+00 0.000000000000000000e+00 0.000000000000000000e+00 0.000000000000000000e+00 0.000000000000000000e+00 0.000000000000000000e+00 0.000000000000000000e+00 0.000000000000000000e+00 0.000000000000000000e+00 0.000000000000000000e+00 0.000000000000000000e+00 0.000000000000000000e+00 0.000000000000000000e+00 0.000000000000000000e+00
1.508521663776991872e-02 1.046692332793172251e-03 1.327040780535671677e-02 1.744786227476873008e-02 1.614453613950185204e-02 1.058725203560850932e-02 1.230216849175404595e-02 1.225017591250716562e-02 1.355970702492779317e-02 8.612252815293961611e-03 5.051036577028682716e-03 1.078244556129919797e-02 1.307186383140436330e-02 1.249189738775966993e-02 1.830568160105529654e-02 4.062676594129068517e-04 7.298262004746973453e-03 1.187851436709118271e-03 1.788575401239984528e-02 1.349239188679342803e-02 1.149401944052156309e-02 9.866346035447517981e-03 1.367185953207273805e-02 7.308885230865939421e-03 -1.252236069969404507e-03 -2.312875949175221321e-03 -1.967185449303808986e-04 6.011017881956505667e-03 4.302509469709362919e-03 1.094209931261269468e-02 1.058531959806853148e-02 7.465874915084290409e-03 1.055485464105283301e-02 1.229251266855796096e-02 7.914272117504179971e-03 7.804304376189941366e-04 5.296556334600715198e-03 1.300234003210699700e-02 7.927146783498203314e-03 1.230264991745708657e-02 6.286065206676675688e-05 -7.336509462406370311e-04 9.669113382279255139e-03 1.616719414149011408e-02 1.672556056813938059e-03 2.725771113020637867e-04 1.428548439401177393e-02 8.924416804987973101e-03 -1.588548381616142180e-04 1.045408935469347876e-03 1.120565130438147365e-02 -2.505878876255519545e-03 5.766071988756029526e-03 4.705784132908406685e-03 8.401609967364854006e-03 1.586420489490043134e-02 1.460588429213952738e-02 3.760067783903975770e-03 1.163856188983075288e-02 -1.262150030566876798e-03 9.194590600329460503e-03 -2.913068984258737008e-04 1.066298235391890600e-02 1.000000000000000000e+00 0.000000000000000000e+00 0.000000000000000000e+00 0.000000000000000000e+00 0.000000000000000000e+00 0.000000000000000000e+00 0.000000000000000000e+00 0.000000000000000000e+00 0.000000000000000000e+00 0.000000000000000000e+00 0.000000000000000000e+00 0.000000000000000000e+00 0.000000000000000000e+00 0.000000000000000000e+00 0.000000000000000000e+00 0.000000000000000000e+00 0.000000000000000000e+00 0.000000000000000000e+00 0.000000000000000000e+00 0.000000000000000000e+00 0.000000000000000000e+00 0.000000000000000000e+00 0.000000000000000000e+00 0.000000000000000000e+00 0.000000000000000000e+00 0.000000000000000000e+00 0.000000000000000000e+00 0.000000000000000000e+00 0.000000000000000000e+00 0.000000000000000000e+00 0.000000000000000000e+00 0.000000000000000000e+00 0.000000000000000000e+00 0.000000000000000000e+00 0.000000000000000000e+00 0.000000000000000000e+00 0.000000000000000000e+00
1.399382749823288759e-03 5.247466734522410886e-03 4.928492359617835106e-03 5.731786098344755082e-03 8.222190500866484453e-03 1.064883246818622287e-02 4.980199388826819958e-03 1.800158117836300753e-02 1.582265195715054987e-02 1.489516664936244537e-02 5.178901725539539549e-03 5.963042650938755150e-03 3.539406592527127773e-03 1.752048958180225935e-02 1.349743263728143093e-02 9.095462625609115198e-03 3.477442489115414263e-03 2.911379155437168634e-04 5.378808034673832061e-03 1.027056018058095793e-02 1.497808953574938408e-02 5.915583242899168960e-03 8.382259102494004147e-03 4.371418952681469373e-04 1.610557059141961428e-02 1.502837934198904615e-02 1.596609394150919417e-02 -4.950082952422271655e-04 1.344205395516859724e-03 1.510325357659421039e-02 1.761215467525778944e-04 4.573004838796920248e-03 1.598917852156796909e-02 6.364720738863550130e-03 5.951267275213863520e-03 2.950381736110015141e-03 1.622779538569031968e-02 5.157509748649255661e-03 7.059028700214364967e-03 2.163325583658214871e-03 1.456048182150898596e-02 1.030066148913544137e-02 3.950031971664114301e-03 6.369148763520766400e-03 4.886028437176027743e-03 3.489728197224292771e-04 1.446045371898044274e-02 2.394015985869232376e-03 2.294401338591960625e-03 1.421855883087738519e-02 1.293996071481847386e-02 -2.655800741088387533e-03 -8.613165940624242442e-04 2.108342768588059111e-03 5.827139503049167703e-03 8.498235340121063075e-03 2.010091487920671134e-04 1.486555405131103832e-02 -9.332271752771294140e-04 5.536994758320735142e-03 6.440591871007364825e-04 1.321807160003427885e-02 9.524143959579903923e-03 1.218507832915602287e-04 1.000000000000000000e+00 0.000000000000000000e+00 0.000000000000000000e+00 0.000000000000000000e+00 0.000000000000000000e+00 0.000000000000000000e+00 0.000000000000000000e+00 0.000000000000000000e+00 0.000000000000000000e+00 0.000000000000000000e+00 0.000000000000000000e+00 0.000000000000000000e+00 0.000000000000000000e+00 0.000000000000000000e+00 0.000000000000000000e+00 0.000000000000000000e+00 0.000000000000000000e+00 0.000000000000000000e+00 0.000000000000000000e+00 0.000000000000000000e+00 0.000000000000000000e+00 0.000000000000000000e+00 0.000000000000000000e+00 0.000000000000000000e+00 0.000000000000000000e+00 0.000000000000000000e+00 0.000000000000000000e+00 0.000000000000000000e+00 0.000000000000000000e+00 0.000000000000000000e+00 0.000000000000000000e+00 0.000000000000000000e+00 0.000000000000000000e+00 0.000000000000000000e+00 0.000000000000000000e+00 0.000000000000000000e+00
4.070579293780623477e-03 4.311665541784494662e-04 2.261803832570330984e-03 1.699249709017620902e-02 3.673266592102356846e-03 1.190869266697796094e-02 1.663304388953827651e-02 1.425014146905716596e-03 8.492717738170315125e-03 5.148864727812535458e-03 -3.933763461093120776e-04 7.104962930018342109e-03 1.155018280640752321e-02 1.617941205653252931e-02 6.445554097168147700e-03 1.648291476279774292e-02 3.870223496057094599e-03 1.510495641751405382e-02 1.299899570348905450e-02 8.860616851202653479e-03 1.451506490350810627e-02 5.920683202975495288e-03 1.368552200835556482e-02 3.625310081959962386e-05 9.238025093163276108e-03 1.037823990684802776e-04 8.833303882411597599e-03 5.650549229551188324e-03 1.341729235070916390e-02 1.529414874539665632e-02 1.245265404012775405e-02 1.019214053638356141e-02 -1.643074582258431367e-03 1.277367443719895808e-02 -2.515683518222509504e-03 2.074138980546984918e-04 1.371581612919681517e-02 1.220831841834450586e-02 1.277139203677490897e-02 3.512626336012382011e-03 -2.183973026856425581e-03 5.551316690641521119e-04 1.091471162896783496e-02 1.868668155456918931e-02 1.146987810640408799e-02 1.593703543323338884e-02 6.995061629615310743e-03 1.510784500975929749e-02 5.434223918213817658e-03 4.959176591313608357e-03 6.289626497615249771e-03 5.934909660094073516e-04 2.971161321409169186e-03 1.182699917752799181e-02 9.838223975413914676e-03 -1.284967084895082695e-04 1.011370152417186835e-02 -3.362487937655078522e-03 9.205143659387427305e-03 -1.461260972022450843e-03 8.180586410464337974e-03 1.487515715919153145e-02 5.210245852324286303e-03 -3.041208663676017894e-03 9.126106863094307978e-03 1.000000000000000000e+00 0.000000000000000000e+00 0.000000000000000000e+00 0.000000000000000000e+00 0.000000000000000000e+00 0.000000000000000000e+00 0.000000000000000000e+00 0.000000000000000000e+00 0.000000000000000000e+00 0.000000000000000000e+00 0.000000000000000000e+00 0.000000000000000000e+00 0.000000000000000000e+00 0.000000000000000000e+00 0.000000000000000000e+00 0.000000000000000000e+00 0.000000000000000000e+00 0.000000000000000000e+00 0.000000000000000000e+00 0.000000000000000000e+00 0.000000000000000000e+00 0.000000000000000000e+00 0.000000000000000000e+00 0.000000000000000000e+00 0.000000000000000000e+00 0.000000000000000000e+00 0.000000000000000000e+00 0.000000000000000000e+00 0.000000000000000000e+00 0.000000000000000000e+00 0.000000000000000000e+00 0.000000000000000000e+00 0.000000000000000000e+00 0.000000000000000000e+00 0.000000000000000000e+00
3.460720000915718485e-03 1.691171720728375585e-02 6.426747707115918785e-03 1.028635215220795318e-02 1.061540143965186353e-02 1.469440191487524604e-02 1.178809836124028150e-03 2.244524356415716730e-03 2.145830762494809092e-03 1.399149826006694866e-02 1.180893326015035848e-03 1.308032293673427535e-02 1.122078156914703764e-02 5.551221579320233558e-03 3.482846834839441446e-03 7.919499019765739375e-03 1.198804867915313072e-02 2.306196832828449807e-03 1.405167802755246526e-02 7.561939718761436814e-03 1.770792538448349648e-02 5.310249586393331203e-04 1.508453445136840460e-02 1.630162269727319577e-03 9.259942222199370188e-03 3.978850026286442671e-04 8.140692323079465678e-03 -9.756779575062990916e-05 5.188883282860932630e-03 1.578966552404867038e-02 3.452334199468107007e-03 1.456527105114540678e-02 4.996664080563721112e-03 1.694291021320586121e-02 1.418352831592730942e-02 1.038547739056746915e-03 6.071698506814295765e-03 -2.556604076564578543e-03 1.021825983295389026e-02 8.253931014842109254e-03 -2.233270285314066083e-03 8.422485151862248859e-03 6.595768913837085981e-03 7.451171279287431212e-03 9.441130205238651646e-04 -8.818157291464106618e-04 3.412292977908305369e-04 2.160473506371565766e-03 1.745093850236653947e-03 1.218903195308989815e-03 8.858830218504009854e-03 -2.559408608160449947e-03 3.874688241252382918e-03 1.189668342884215614e-02 -2.823130129857465576e-04 -3.045711870194915249e-03 9.871155633931370452e-03 6.808823887779149112e-03 4.607253757179068966e-03 5.544269365792311478e-03 -3.496047533588494960e-03 1.064335960871458158e-03 1.415432514224241635e-02 5.676841224105086230e-03 9.739614123284582800e-03 1.398572146352064158e-02 1.000000000000000000e+00 0.000000000000000000e+00 0.000000000000000000e+00 0.000000000000000000e+00 0.000000000000000000e+00 0.000000000000000000e+00 0.000000000000000000e+00 0.000000000000000000e+00 0.000000000000000000e+00 0.000000000000000000e+00 0.000000000000000000e+00 0.000000000000000000e+00 0.000000000000000000e+00 0.000000000000000000e+00 0.000000000000000000e+00 0.000000000000000000e+00 0.000000000000000000e+00 0.000000000000000000e+00 0.000000000000000000e+00 0.000000000000000000e+00 0.000000000000000000e+00 0.000000000000000000e+00 0.000000000000000000e+00 0.000000000000000000e+00 0.000000000000000000e+00 0.000000000000000000e+00 0.000000000000000000e+00 0.000000000000000000e+00 0.000000000000000000e+00 0.000000000000000000e+00 0.000000000000000000e+00 0.000000000000000000e+00 0.000000000000000000e+00 0.000000000000000000e+00
1.354442541868739608e-02 2.361031155997232202e-04 1.544309866295697289e-02 1.516063085946189361e-02 1.077630715894861528e-02 1.641396367093110598e-02 9.536032867558509249e-03 1.462473763607084754e-02 1.561360319144524354e-02 5.984767559862188072e-03 7.385686533406416072e-03 3.844201399461494480e-03 5.578992168889912104e-03 5.323439228353951322e-03 9.539947541420080654e-03 4.093565719560296294e-03 -9.577341852770629134e-04 1.566360057912336706e-02 1.023176592185815956e-02 1.206885564641168272e-02 6.357201879912195014e-03 1.397841285584646570e-02 3.096974547843284360e-03 6.671653472374563555e-03 5.534310096773091894e-03 4.040808156463990969e-03 4.691239399114907616e-03 2.092060115993680126e-03 1.043029379850693265e-02 3.717389039985741911e-03 9.546712337362414647e-03 4.576535810985363564e-03 4.439400485597388285e-03 1.632201437373827224e-02 -6.560760481956177557e-04 1.204419418907303092e-02 7.346090103759732141e-03 8.722361166153222781e-03 6.605069586995163285e-03 1.786193809355766937e-02 2.547407852812336171e-03 4.506182943179949142e-03 2.706949296153473000e-03 5.214777949925173545e-03 4.763004386455131287e-03 8.523561016963139905e-03 3.140778854131627724e-03 1.443142807468591679e-02 7.728119621292989586e-03 3.315920786860656905e-03 8.870927314518850873e-03 9.896523915954942921e-03 7.377887038432691565e-03 1.424115744304326782e-02 4.488820786138797425e-03 7.953487731209003472e-03 6.952555864229470126e-03 8.796990394220887896e-03 5.627260246273588576e-03 1.403947312339320561e-02 3.132304096733567588e-03 1.145398009715835851e-02 1.460575021176554848e-02 5.183940522203936939e-03 8.951111983113650694e-03 5.149439155109409270e-03 1.012867472587236466e-02 1.000000000000000000e+00 0.000000000000000000e+00 0.000000000000000000e+00 0.000000000000000000e+00 0.000000000000000000e+00 0.000000000000000000e+00 0.000000000000000000e+00 0.000000000000000000e+00 0.000000000000000000e+00 0.000000000000000000e+00 0.000000000000000000e+00 0.000000000000000000e+00 0.000000000000000000e+00 0.000000000000000000e+00 0.000000000000000000e+00 0.000000000000000000e+00 0.000000000000000000e+00 0.000000000000000000e+00 0.000000000000000000e+00 0.000000000000000000e+00 0.000000000000000000e+00 0.000000000000000000e+00 0.000000000000000000e+00 0.000000000000000000e+00 0.000000000000000000e+00 0.000000000000000000e+00 0.000000000000000000e+00 0.000000000000000000e+00 0.000000000000000000e+00 0.000000000000000000e+00 0.000000000000000000e+00 0.000000000000000000e+00 0.000000000000000000e+00
9.161077284454257133e-03 1.586668386661690619e-02 -9.834483003960256748e-05 4.995542907438057373e-03 2.392856108721022265e-03 8.006234912748532231e-03 1.971124688039675374e-02 1.049287870623481604e-02 1.515996802378640450e-02 1.583511547852068865e-02 1.914178330483793516e-02 7.791796243813353326e-03 1.130546968447202621e-02 -3.685375138600610005e-04 7.782109792238609512e-03 3.728425671301566473e-03 1.018055731332314327e-02 1.573284855501094065e-02 6.493913365347322303e-03 1.677445407595480956e-02 1.205866662047834666e-02 2.664489052985745702e-04 1.076529981438014913e-02 1.481640495471344895e-02 1.435768205565953436e-02 5.981069551042996271e-03 7.020734309606713359e-03 1.402835612773477292e-02 1.194345097948678984e-02 1.129972934932825523e-02 6.799820688953504312e-03 -1.765531350173126261e-03 1.197903881735837284e-02 1.081013680856450672e-02 2.528687616301215739e-03 3.092791520142753177e-05 1.696539699336848186e-02 3.112278719961468921e-03 -3.284726305354378358e-04 3.696063379434689697e-03 6.394202602912054355e-03 1.240343714603059540e-02 6.104201039945943326e-03 -2.016506254192360894e-04 3.258124539482877037e-03 -1.541174116409001335e-03 1.712646300999010615e-03 1.047549833880816704e-02 1.150698583292772588e-02 6.898708621143254376e-04 9.128153993953431675e-03 1.421908096959996395e-03 9.646960691116006001e-03 5.050687111895569952e-03 3.155983519465932734e-03 1.003251542119581313e-02 2.542801404596379752e-03 6.324031083269218700e-03 -1.293120594401948051e-03 1.010602595885609287e-02 1.338379385793046251e-02 4.001391550980054092e-03 -3.153715124833286580e-03 1.248043834341233498e-02 -2.586311232568160468e-03 3.137838203138715917e-03 6.130588817225424668e-03 -3.119931061226640750e-05 1.000000000000000000e+00 0.000000000000000000e+00 0.000000000000000000e+00 0.000000000000000000e+00 0.000000000000000000e+00 0.000000000000000000e+00 0.000000000000000000e+00 0.000000000000000000e+00 0.000000000000000000e+00 0.000000000000000000e+00 0.000000000000000000e+00 0.000000000000000000e+00 0.000000000000000000e+00 0.000000000000000000e+00 0.000000000000000000e+00 0.000000000000000000e+00 0.000000000000000000e+00 0.000000000000000000e+00 0.000000000000000000e+00 0.000000000000000000e+00 0.000000000000000000e+00 0.000000000000000000e+00 0.000000000000000000e+00 0.000000000000000000e+00 0.000000000000000000e+00 0.000000000000000000e+00 0.000000000000000000e+00 0.000000000000000000e+00 0.000000000000000000e+00 0.000000000000000000e+00 0.000000000000000000e+00 0.000000000000000000e+00
2.049637577199535030e-02 7.973139850640109313e-03 1.107228021801112162e-02 1.302211395937222195e-03 4.237735856854615325e-03 1.004407383862674849e-02 1.641161194189456191e-02 7.298519130389703865e-04 1.622578966216950067e-02 1.064639231134324564e-02 9.748092052557558868e-03 1.925147822814321117e-03 1.716024673539987000e-02 -1.036081665712592801e-03 4.116406280299358782e-03 1.462074714858050024e-02 6.982671782549194038e-03 4.535506302048139884e-03 1.989096311547067751e-03 1.712518836189066317e-05 1.547143829119657261e-02 8.934139042208960949e-04 9.019368016409481242e-03 1.610374919785126369e-02 4.557177989187499202e-03 9.812064858276604851e-03 6.795458709216201272e-03 4.363268639972097893e-03 -5.386765466329129564e-04 5.813549830196941028e-03 1.529557109677688077e-02 1.816214798156799872e-05 1.095978652461283669e-02 1.642864242055483079e-02 4.873262492801289092e-03 1.428860684034530260e-02 -1.221001476912371344e-03 3.669666429053449700e-03 5.017808987725796456e-04 9.169362129221064750e-03 1.167627632566096453e-02 3.641730568205114177e-03 1.481220288154749647e-02 5.227962353293709452e-03 1.659339949403211556e-03 2.041365439738764345e-03 5.115124624239259649e-03 1.727298656430121138e-03 1.045988992998501434e-02 -1.516749421166355876e-03 2.445238140183047214e-03 1.458828249999304626e-02 3.224233070631542675e-03 2.307162320077539314e-03 -2.474118004608907417e-03 6.138767721950424625e-03 1.530124733577312504e-02 7.377052113046323866e-05 1.321385483935937251e-02 6.665248576206974848e-03 9.802146474703716736e-03 1.549111733884245626e-02 -6.811610508698648586e-04 1.507277370053240750e-02 2.761309105684112489e-03 1.101767429377555453e-03 4.900225759018854953e-03 1.510113219931844431e-03 5.997595926729219718e-04 1.000000000000000000e+00 0.000000000000000000e+00 0.000000000000000000e+00 0.000000000000000000e+00 0.000000000000000000e+00 0.000000000000000000e+00 0.000000000000000000e+00 0.000000000000000000e+00 0.000000000000000000e+00 0.000000000000000000e+00 0.000000000000000000e+00 0.000000000000000000e+00 0.000000000000000000e+00 0.000000000000000000e+00 0.000000000000000000e+00 0.000000000000000000e+00 0.000000000000000000e+00 0.000000000000000000e+00 0.000000000000000000e+00 0.000000000000000000e+00 0.000000000000000000e+00 0.000000000000000000e+00 0.000000000000000000e+00 0.000000000000000000e+00 0.000000000000000000e+00 0.000000000000000000e+00 0.000000000000000000e+00 0.000000000000000000e+00 0.000000000000000000e+00 0.000000000000000000e+00 0.000000000000000000e+00
5.579288944469928437e-03 2.864324813505163964e-03 1.070862264608389222e-02 6.217366419541312493e-03 7.153577176849303804e-03 6.587494027217268532e-03 1.275061142790823339e-02 5.061484455329362531e-03 2.516403282057353124e-03 1.844192650996891863e-02 1.917279060830213294e-02 1.515280890075032874e-02 5.581927323168517537e-03 1.423985231984779658e-02 8.140304662071346647e-03 1.486269926517879390e-02 1.642801012432888730e-02 1.537208285138164099e-02 1.361157900570513120e-02 4.789196617599351773e-03 1.442448628194682204e-02 6.709240771098397803e-03 -1.084287073504662177e-03 -1.176259720708265882e-03 5.109408633055663625e-03 -1.476242739194457603e-03 8.447491263490177274e-03 1.741721387560127548e-03 7.215770030558669133e-03 -1.168236672588009390e-03 3.505007586810537316e-03 4.611278504845672441e-04 9.886238698646413608e-03 1.347688314982429039e-02 6.019612646494430612e-03 1.449334589485534210e-02 7.879974285027306971e-03 1.313349984187130995e-03 1.620327624057846944e-02 3.330109125586278723e-03 8.105326941391884088e-03 4.920058567184078073e-03 5.933258067582075634e-03 1.179130585755356481e-02 6.042608714364912370e-03 1.073439282611174383e-02 5.014173466771357918e-03 8.358863292994688637e-03 8.327969294905191583e-03 8.839236879939075045e-03 1.333054313120673323e-02 5.068327562662323926e-03 7.216288226257997970e-03 4.004394234579809232e-03 1.257681748699537123e-03 4.893640508252829896e-03 1.379983859246539796e-02 9.557416636917641026e-03 -2.711291333816756577e-03 1.952290229667166983e-03 4.181549183288789319e-04 8.977676037315446278e-03 1.418863601366627571e-02 1.131409474238109954e-02 1.229316653780210267e-02 1.408913803084068566e-03 1.167282266261671168e-04 1.382438036439582150e-02 4.143304152906471770e-03 1.092921485659022500e-03 1.000000000000000000e+00 0.000000000000000000e+00 0.000000000000000000e+00 0.000000000000000000e+00 0.000000000000000000e+00 0.000000000000000000e+00 0.000000000000000000e+00 0.000000000000000000e+00 0.000000000000000000e+00 0.000000000000000000e+00 0.000000000000000000e+00 0.000000000000000000e+00 0.000000000000000000e+00 0.000000000000000000e+00 0.000000000000000000e+00 0.000000000000000000e+00 0.000000000000000000e+00 0.000000000000000000e+00 0.000000000000000000e+00 0.000000000000000000e+00 0.000000000000000000e+00 0.000000000000000000e+00 0.000000000000000000e+00 0.000000000000000000e+00 0.000000000000000000e+00 0.000000000000000000e+00 0.000000000000000000e+00 0.000000000000000000e+00 0.000000000000000000e+00 0.000000000000000000e+00
1.569567648107671881e-02 1.005569837258283271e-02 7.479423813253849480e-03 9.496403292887086595e-03 7.210889685352815139e-03 1.159027515680175445e-02 1.095871174371640389e-02 1.658002402600510308e-02 1.327068801661725715e-02 1.212134596002214029e-02 1.314251737763273697e-02 1.482582870165853085e-02 2.785196933846486884e-03 1.354280974828484148e-02 7.769549365829300606e-03 1.076222438521814116e-02 4.542687449782510829e-03 -1.680590124270092082e-03 7.405067918237618306e-03 1.052579295635395346e-02 1.298343060027777954e-02 6.687157299692993509e-03 2.158498426675396417e-03 -1.515961193287226633e-03 9.721481298512576336e-03 1.644120566153932025e-02 -1.148370743005211513e-03 1.157443142918865644e-02 1.667975831008151888e-02 1.403149617539880926e-02 2.647399773820007570e-03 -5.377673283424880485e-05 1.333467882604893670e-02 1.025326811723602759e-02 9.384019815260803699e-03 1.212875881323316994e-02 1.395741634839238639e-02 -8.996485416786684621e-04 1.291607911013270419e-03 1.093888879228393542e-02 1.568882904521978067e-02 4.957145398168988273e-04 -1.649142787217217554e-04 2.771019787421890711e-03 -7.642171946880542844e-04 1.407656772988065061e-02 1.277584831549681381e-02 9.174604244215107821e-04 2.964999393588751714e-03 4.422650451707830187e-03 1.498587321866674295e-02 1.159487507870438604e-02 1.001909161796957215e-02 2.892014492556489128e-03 -1.778880069941974132e-03 7.008706523541226828e-03 7.651330386867873264e-03 -7.838573077394604335e-04 5.231248215232874033e-03 8.733550782300782828e-03 1.645439245491679345e-02 9.844686411192245246e-03 3.848701999511760629e-03 5.240875506096948078e-03 1.075940434067658782e-02 3.054741823326002567e-03 1.376324664500936518e-02 7.485451606400551905e-03 1.214462734574793881e-02 4.859721473211650426e-03 1.912560628971460633e-03 1.000000000000000000e+00 0.000000000000000000e+00 0.000000000000000000e+00 0.000000000000000000e+00 0.000000000000000000e+00 0.000000000000000000e+00 0.000000000000000000e+00 0.000000000000000000e+00 0.000000000000000000e+00 0.000000000000000000e+00 0.000000000000000000e+00 0.000000000000000000e+00 0.000000000000000000e+00 0.000000000000000000e+00 0.000000000000000000e+00 0.000000000000000000e+00 0.000000000000000000e+00 0.000000000000000000e+00 0.000000000000000000e+00 0.000000000000000000e+00 0.000000000000000000e+00 0.000000000000000000e+00 0.000000000000000000e+00 0.000000000000000000e+00 0.000000000000000000e+00 0.000000000000000000e+00 0.000000000000000000e+00 0.000000000000000000e+00 0.000000000000000000e+00
2.552938808344191752e-03 1.974745574770088701e-03 8.481211189300627909e-03 1.317083167974087733e-02 1.329967096466356732e-02 1.879433666501253986e-02 1.418644069907511532e-02 1.645650481915488308e-02 8.053411471159647658e-03 1.055080699971624146e-02 9.155083472884508952e-03 1.685619525764053828e-02 1.997132192664879697e-03 1.631474989028532455e-02 1.003919477742270215e-02 4.921153270303002362e-03 1.583613892646021371e-02 5.169405613012954814e-03 9.447210162841817443e-03 7.350027204739245819e-03 6.948128319348355515e-03 1.148650214938800457e-02 8.577867428518756374e-03 7.806265856605516286e-03 5.036266779556293829e-03 1.436673222019791731e-02 1.260731138258211134e-02 1.536091662669668463e-02 1.324081794739859035e-02 1.404796339359008252e-02 7.812624744227191160e-04 1.310774641708985742e-02 1.001184278710582319e-02 1.633203630312713220e-02 4.291974604156154408e-03 5.021108522339740726e-03 1.389963411023315866e-02 -2.195613099390749876e-03 8.662527901639783395e-03 2.555145786143570366e-03 1.453599988660566125e-02 7.907779955799925514e-03 7.796347381752606436e-03 1.293601273130088984e-02 1.006091603588522322e-02 1.129098884441939038e-02 -4.206079483253928429e-05 7.981551023815980361e-04 1.384454370587075156e-02 -2.475420293313025655e-03 1.093387897776898504e-04 1.174696191438152557e-02 -2.480859003100982767e-03 2.404291331439124650e-03 9.401894651214610932e-03 -1.052272739219793922e-04 1.883218705598827501e-03 3.118014243286537299e-03 2.705340621489309323e-03 7.626069351898055043e-03 -4.417779756134508455e-03 8.175247087131146118e-03 3.978441293280230058e-03 2.240397541481332303e-03 1.454055188613062773e-02 -2.521824262860525648e-03 1.219339564609716632e-02 1.149239629157204666e-03 -8.217446074967425925e-04 -4.497840239207330504e-03 -1.804974794130973859e-03 4.130041471427435378e-03 1.000000000000000000e+00 0.000000000000000000e+00 0.000000000000000000e+00 0.000000000000000000e+00 0.000000000000000000e+00 0.000000000000000000e+00 0.000000000000000000e+00 0.000000000000000000e+00 0.000000000000000000e+00 0.000000000000000000e+00 0.000000000000000000e+00 0.000000000000000000e+00 0.000000000000000000e+00 0.000000000000000000e+00 0.000000000000000000e+00 0.000000000000000000e+00 0.000000000000000000e+00 0.000000000000000000e+00 0.000000000000000000e+00 0.000000000000000000e+00 0.000000000000000000e+00 0.000000000000000000e+00 0.000000000000000000e+00 0.000000000000000000e+00 0.000000000000000000e+00 0.000000000000000000e+00 0.000000000000000000e+00 0.000000000000000000e+00
2.027415444737616645e-02 9.336878327103302622e-03 1.398610952260152113e-02 3.078929679500421422e-03 1.149282688471070339e-02 5.795920492746541031e-03 7.975711429352178722e-03 2.102489783057438690e-03 8.322218749056248602e-03 1.441132954969450569e-02 1.849337299844601434e-02 9.802017861184402978e-03 3.486776712753932288e-03 1.452668416846018482e-02 4.872303513283289707e-03 3.219969691224147082e-04 1.315247944525439576e-02 1.132212383832761904e-02 1.472275657608115677e-02 1.791502882215079790e-03 9.433591664971192545e-03 1.361578241407958995e-02 1.430327346405375205e-02 7.578501444348275697e-03 2.635890695131690381e-04 4.609068513984710715e-03 9.372006551688400258e-03 3.756147765048595266e-03 7.356691996804027396e-04 1.179545029670889082e-02 1.329783891630369370e-02 4.364728979736892320e-03 8.016917278290711796e-03 4.508373623127310799e-04 3.649991147601737689e-03 7.300574775310638385e-03 1.208071811709935869e-02 1.299247936754827689e-03 7.186957833658127450e-04 1.227785530577728788e-02 3.089011003181849329e-03 9.858821299580893330e-03 1.450612808023743483e-02 1.451706879992557299e-02 1.181703214101061626e-02 7.679160169595400202e-03 9.707019105799923400e-03 2.341560306448801573e-03 1.777911614209354892e-03 -1.025547992366566009e-03 4.952915259871544865e-03 2.283172461171693261e-03 6.610292293806688431e-03 8.152046411954464930e-03 1.075814074700106628e-02 7.882696453123073585e-03 2.616695486897666328e-03 7.374393251001529377e-03 7.745965838334486521e-03 -8.083262042575768344e-04 1.760113931385311886e-02 1.591098173717586314e-02 7.183700024339684242e-03 1.484122206418850114e-02 1.512418733416441563e-02 1.000588544795007022e-02 -2.706403282859720801e-04 2.101533307981730443e-03 9.725398502100107700e-03 8.175480097679098043e-03 1.427281056900851601e-02 6.606289461563338546e-04 8.473935424576218081e-03 1.000000000000000000e+00 0.000000000000000000e+00 0.000000000000000000e+00 0.000000000000000000e+00 0.000000000000000000e+00 0.000000000000000000e+00 0.000000000000000000e+00 0.000000000000000000e+00 0.000000000000000000e+00 0.000000000000000000e+00 0.000000000000000000e+00 0.000000000000000000e+00 0.000000000000000000e+00 0.000000000000000000e+00 0.000000000000000000e+00 0.000000000000000000e+00 0.000000000000000000e+00 0.000000000000000000e+00 0.000000000000000000e+00 0.000000000000000000e+00 0.000000000000000000e+00 0.000000000000000000e+00 0.000000000000000000e+00 0.000000000000000000e+00 0.000000000000000000e+00 0.000000000000000000e+00 0.000000000000000000e+00
1.404595146915909362e-03 3.468838625081276366e-03 2.390205937476578093e-04 1.208369442879831529e-02 1.018993566180829459e-02 1.321257439211788801e-02 1.928577202841914168e-02 4.341017565025670315e-03 1.377661265303921183e-02 1.354611154342587505e-02 1.141565834477116514e-02 1.406546002543403000e-02 -9.784650024780450900e-04 1.316635124688468952e-02 1.091484587531995655e-02 9.815646337030496313e-03 1.472174076453626815e-02 4.521524267713038225e-03 4.773218390133717945e-03 3.976290838532250092e-03 2.592993050717635421e-03 1.748351277271528031e-02 1.089084135440813311e-02 1.276682514513539576e-02 2.141473750017097548e-03 -8.073994156837329176e-05 3.055479224373655774e-03 1.008018313902969351e-02 -1.955863836059602585e-03 1.259708940210344831e-02 4.310692304914860479e-04 8.700934948056864363e-03 1.300321467306917063e-02 1.528728656517932497e-03 -2.517518136210797688e-03 1.253121665836273366e-02 3.903189432962232523e-03 -6.804231867124896404e-04 1.055532827917774266e-02 1.552232460710438813e-02 1.285470428529123139e-02 1.612056262635783860e-02 1.259940071001249516e-02 1.748013066625684134e-02 1.033401509655168006e-02 1.580174697126474764e-02 1.409588294131006343e-02 -1.659612807610683603e-03 -2.458108991009267785e-03 -9.845430537134970250e-04 4.206760634968205979e-03 4.820741485679401993e-03 8.903101964950758257e-03 1.686472412395308065e-04 6.622786068169340262e-03 5.267793914115042123e-03 1.563462585233607247e-02 1.474672399940251018e-02 6.783274778352131607e-03 1.003477927706165895e-02 1.147803024177509144e-02 -1.318711168918199061e-03 1.352374844860620637e-02 1.088561946130477652e-02 1.668781018449666531e-02 5.907459382309770968e-03 -3.005382280710356454e-03 4.669661122422644368e-03 1.540007970616412425e-02 2.236483285830752777e-03 1.119686926505465696e-02 -2.377281473528199260e-04 1.387110674236934071e-03 6.262383803122732219e-03 1.000000000000000000e+00 0.000000000000000000e+00 0.000000000000000000e+00 0.000000000000000000e+00 0.000000000000000000e+00 0.000000000000000000e+00 0.000000000000000000e+00 0.000000000000000000e+00 0.000000000000000000e+00 0.000000000000000000e+00 0.000000000000000000e+00 0.000000000000000000e+00 0.000000000000000000e+00 0.000000000000000000e+00 0.000000000000000000e+00 0.000000000000000000e+00 0.000000000000000000e+00 0.000000000000000000e+00 0.000000000000000000e+00 0.000000000000000000e+00 0.000000000000000000e+00 0.000000000000000000e+00 0.000000000000000000e+00 0.000000000000000000e+00 0.000000000000000000e+00 0.000000000000000000e+00
7.431349259341265764e-03 4.129669971695189463e-03 -1.539535368721669704e-04 5.753702738259557949e-03 4.611861529235219102e-03 3.779778206857508250e-03 1.065174791838353376e-02 8.743731577097620805e-03 3.504630696536866711e-03 1.435243789937006020e-02 1.555954189350340459e-02 1.967179706991353805e-03 1.103361294359854299e-02 1.429313438646174182e-02 7.490621720491339591e-03 1.545405985566013565e-02 1.796853811468619375e-02 -4.850597693937781047e-04 6.724852424006302204e-03 9.786792062448349330e-03 3.740217658975625043e-03 2.915087236676730965e-04 1.346062958688411422e-02 4.495553800073615980e-04 1.562112693298008115e-02 2.310220489258631420e-03 1.216611906346846440e-02 5.172891035106572805e-03 1.157787558479670548e-02 1.257452668537677523e-02 9.366846547757058314e-03 1.016686568390364961e-02 2.905337454852318594e-03 1.067915104067595523e-02 7.245116735576456746e-03 -1.178352529809410451e-04 -1.673503300910087876e-03 1.013981436239819872e-02 1.082683455694449792e-02 -5.587954661216981570e-04 4.026563422683794254e-04 8.159466051337771475e-03 -2.140764411272181537e-03 5.325154625800613932e-03 1.180302516085255521e-02 2.142656577793857191e-03 1.593402080466547674e-02 1.513659203198882731e-03 1.214565758544957144e-02 4.123263746911074931e-03 3.278317182021467120e-03 8.353617361629775417e-03 8.236170551634576899e-04 1.252668457995963387e-02 1.616607201772152225e-02 1.400189739654453952e-02 5.648789143916568313e-03 -1.212510222161714566e-03 8.771926927850524913e-03 4.255496188303988826e-03 -3.156815232695378039e-03 1.244286779337479970e-02 -8.041696031360597637e-05 6.030240520612547943e-03 6.382165873589628344e-04 1.580581043361726059e-03 2.085727033245732991e-04 8.705071970496833927e-03 6.509387214597784146e-03 4.521026282124244143e-03 1.171463008744202082e-02 8.813151379537470867e-03 1.017606383402624862e-03 1.098000513948040220e-02 6.239962342146374540e-03 1.000000000000000000e+00 0.000000000000000000e+00 0.000000000000000000e+00 0.000000000000000000e+00 0.000000000000000000e+00 0.000000000000000000e+00 0.000000000000000000e+00 0.000000000000000000e+00 0.000000000000000000e+00 0.000000000000000000e+00 0.000000000000000000e+00 0.000000000000000000e+00 0.000000000000000000e+00 0.000000000000000000e+00 0.000000000000000000e+00 0.000000000000000000e+00 0.000000000000000000e+00 0.000000000000000000e+00 0.000000000000000000e+00 0.000000000000000000e+00 0.000000000000000000e+00 0.000000000000000000e+00 0.000000000000000000e+00 0.000000000000000000e+00 0.000000000000000000e+00
7.075571958690659961e-03 1.717928509474784052e-02 8.634787499672389940e-03 4.494916101974458233e-03 1.102768313057037909e-02 1.552948555066709091e-02 2.026903089514756409e-02 1.688757861573666683e-02 1.305585247711020178e-02 4.369118075345338435e-03 6.122980771306656654e-03 3.798653601349366929e-04 7.176782397986049104e-03 1.196653972668664835e-02 1.257784629617657648e-02 1.365096701784410810e-02 1.721839808931769841e-02 4.003312763588282204e-03 2.568421769746797104e-03 1.243280791372772774e-02 1.688369139509922692e-02 3.376851966591887418e-03 4.855557018489969033e-03 1.052250883093065921e-02 8.227030775957371034e-03 5.453996834200479545e-03 1.347444898315039788e-02 3.579960531533523446e-03 1.384079940819294210e-02 6.148417720111389560e-03 1.217122782956437006e-02 3.665544382207997908e-05 1.436300055970157925e-02 -1.615132895909756131e-03 1.179421884464576346e-02 1.100562660896732114e-03 2.062932302070366077e-03 -2.596315204268398718e-03 1.218431526437688435e-02 4.603883274491555808e-03 -6.403653107879404664e-04 1.151077076352459948e-02 7.906738325583291191e-03 1.732923002115752467e-02 1.807035126026423693e-03 1.735585673157485258e-03 8.564949782823348332e-03 1.250932685763886387e-02 -2.669133323889509579e-03 -1.188369667291017898e-03 2.271262494312704504e-03 1.383823743820449849e-02 3.893677904064783441e-03 1.489152254161298615e-02 9.805670063271335057e-03 8.414552240852208459e-03 -2.761914414629920538e-03 -2.121671137019337169e-03 1.315094283671107813e-03 1.512538970776125015e-02 1.850186064656050670e-03 1.581909849035512822e-02 2.658652153652651430e-03 8.826017754577371310e-03 3.046883103667400849e-03 1.102060980486065274e-02 7.676623078980725212e-03 1.275062039448223751e-02 5.090555184325029278e-03 1.254992263864989493e-02 -5.954207696927345033e-04 3.356032318097006747e-03 2.197754258760914610e-04 1.598153672337862194e-02 -2.041511543593766114e-03 1.186065196985028672e-02 1.000000000000000000e+00 0.000000000000000000e+00 0.000000000000000000e+00 0.000000000000000000e+00 0.000000000000000000e+00 0.000000000000000000e+00 0.000000000000000000e+00 0.000000000000000000e+00 0.000000000000000000e+00 0.000000000000000000e+00 0.000000000000000000e+00 0.000000000000000000e+00 0.000000000000000000e+00 0.000000000000000000e+00 0.000000000000000000e+00 0.000000000000000000e+00 0.000000000000000000e+00 0.000000000000000000e+00 0.000000000000000000e+00 0.000000000000000000e+00 0.000000000000000000e+00 0.000000000000000000e+00 0.000000000000000000e+00 0.000000000000000000e+00
1.878545118676118453e-02 1.440235840962643052e-02 8.363952257222501130e-03 1.084854205386399061e-02 4.025627295380650866e-03 1.591034392722267404e-02 3.379292066637060773e-03 4.310776752193076593e-03 -7.245135697199193330e-04 1.944835602096479238e-02 5.600786007447771525e-03 4.505448446652334481e-03 2.033687973102469269e-04 -3.347585862158482663e-04 4.344043037324731536e-03 1.787538536715633369e-02 5.222936362210809161e-03 4.974795944847063174e-03 5.108737408501279158e-03 1.715195080841809203e-02 1.062831764372006854e-02 1.272752617239852023e-02 4.622029273025603040e-04 1.757445328063372142e-02 6.978548355489362989e-03 7.780680853653625106e-03 1.404073140854290337e-02 -4.734473119483667103e-04 9.043150201958753340e-03 1.366455872637305571e-02 2.392022410086664871e-03 4.490430088450273263e-03 9.397599660083362505e-03 1.627894434927820710e-02 1.026780474432062440e-02 9.155312047411202220e-03 -2.272703106119977005e-03 7.855213534263804850e-03 5.798248812044586725e-03 7.248687509779437599e-03 1.067905920990514998e-02 -1.265483962853691281e-03 1.680425787859181688e-02 1.532214984155148320e-02 3.647824628318314943e-03 2.735181143216926757e-03 9.520498829166897103e-03 1.339915751531157474e-02 -9.515929436282742800e-04 1.077446270688917421e-02 1.488805684373455465e-02 -2.383206965949840640e-03 -4.674584321983534635e-04 1.424063928068554537e-02 -1.040945559283038219e-03 1.596833743846123171e-02 1.299630788456879876e-02 -3.151212056599640796e-03 3.642108244088613708e-03 8.284162051695694029e-03 5.706566412682781766e-03 4.329118418720055879e-03 8.875628299121553254e-05 -1.251245330614727223e-03 -3.407314585907134270e-03 6.058099034647680507e-03 9.348095376740106835e-03 8.926220545390262801e-03 1.159944505013078874e-03 -3.240781400398510658e-03 7.150276663324008249e-03 -8.809360904464502663e-04 1.050323098244504254e-02 5.291094703304228750e-03 -4.797641670560248120e-04 1.250517211113792715e-02 7.358872653185420491e-03 1.000000000000000000e+00 0.000000000000000000e+00 0.000000000000000000e+00 0.000000000000000000e+00 0.000000000000000000e+00 0.000000000000000000e+00 0.000000000000000000e+00 0.000000000000000000e+00 0.000000000000000000e+00 0.000000000000000000e+00 0.000000000000000000e+00 0.000000000000000000e+00 0.000000000000000000e+00 0.000000000000000000e+00 0.000000000000000000e+00 0.000000000000000000e+00 0.000000000000000000e+00 0.000000000000000000e+00 0.000000000000000000e+00 0.000000000000000000e+00 0.000000000000000000e+00 0.000000000000000000e+00 0.000000000000000000e+00
3.228346974070141814e-03 1.535225667918078572e-03 2.218051209411322448e-03 7.180808815804385313e-03 1.450500201600583676e-02 9.314829843111780208e-03 1.128326003631797102e-02 1.828557101059781823e-02 6.764263526800960886e-03 1.137667092332294259e-02 1.755231462453523544e-02 1.549840684444458300e-02 5.193374597529407631e-03 1.432431939920269202e-02 1.275334432361906883e-02 1.184677348138384306e-03 1.320160300926856434e-02 1.424664650983693132e-02 2.228714991249214350e-03 1.138137487997828261e-02 1.047679063702160185e-02 1.267381558754392514e-03 5.292799413602208847e-03 1.192766884538986639e-02 5.017512977149083883e-03 1.056482724335851622e-02 1.517268214624314590e-02 -4.508293389363821914e-04 -1.815398533221820833e-03 -8.605682106908471790e-04 1.651375273299243024e-02 1.254585016532382483e-02 1.037339048684427466e-02 5.450537735544223276e-04 1.571768752214562984e-02 8.552747769868312630e-03 4.337880586821567588e-03 -1.410669021395225681e-03 8.539024065791421883e-03 1.800996373161411947e-03 2.425951219514018483e-03 3.436530852565650596e-03 9.406480603520072292e-04 -2.223270860508492867e-03 1.666201381502358317e-02 1.269884037926252533e-02 1.427459128630520577e-03 1.437241321485933400e-02 -1.686021363175804755e-03 1.005368445675639162e-02 5.667968104916870122e-03 1.209375413815534824e-02 1.319836114346280634e-02 1.355784341492743093e-02 -2.052252884821504329e-03 2.477499623537806651e-04 -2.516237870272552100e-03 2.669895503174824110e-03 4.392428516236284927e-03 9.659707949781716832e-03 7.137183773166298414e-03 5.642281024274248269e-03 4.665715074029990438e-03 7.616926818556817372e-03 8.555502333738461765e-03 9.948576642865499323e-03 4.823248791625644842e-03 1.327327362946592766e-02 1.381012390289136291e-02 -8.603219147776835531e-04 4.244056730658223552e-03 3.701821587688448791e-03 -3.338548611706003769e-03 1.123415695861812273e-02 1.778587158514750898e-03 1.483947302122622450e-02 -3.805601249993201957e-03 1.414595895121600368e-02 1.000000000000000000e+00 0.000000000000000000e+00 0.000000000000000000e+00 0.000000000000000000e+00 0.000000000000000000e+00 0.000000000000000000e+00 0.000000000000000000e+00 0.000000000000000000e+00 0.000000000000000000e+00 0.000000000000000000e+00 0.000000000000000000e+00 0.000000000000000000e+00 0.000000000000000000e+00 0.000000000000000000e+00 0.000000000000000000e+00 0.000000000000000000e+00 0.000000000000000000e+00 0.000000000000000000e+00 0.000000000000000000e+00 0.000000000000000000e+00 0.000000000000000000e+00 0.000000000000000000e+00
1.493255285962726345e-02 9.801164496836033482e-04 1.287122013386638418e-02 4.120274895509153969e-03 1.708232842678181207e-02 1.106761764929376640e-02 1.039549047890355599e-02 -1.950078705021613735e-04 1.103841543437639530e-02 2.949032117704300168e-03 6.541416284053775711e-03 1.374241649334085810e-02 2.572092025773584003e-03 1.309686751555423634e-02 9.144389254916021614e-03 6.153354221340227165e-03 3.439530535311339631e-03 5.961892884080928143e-03 1.245870622436189012e-03 1.360209619016208155e-02 1.737237398958414464e-03 5.248734214112145240e-03 2.223314387375509380e-03 1.030633243254976692e-03 -1.070789426628310746e-04 1.525594209319609297e-02 1.668673533166137313e-02 4.909229986872309763e-03 -1.735880933414521866e-03 1.574098220097471402e-03 7.081198647451431363e-03 1.179993216708615650e-02 3.494245484202041299e-03 1.449528976056312958e-02 2.564409124605809311e-03 1.294847488279475718e-02 1.380106185244033695e-02 1.246221631941415130e-02 1.042648426858445998e-02 6.778021650815992637e-03 1.482086279236377938e-02 1.096605635909975564e-03 4.297778574120686250e-03 7.386482884027711915e-03 1.553285301424398891e-02 8.424069119180083512e-03 1.416320636292690491e-02 -1.910222867474668535e-03 -6.353914719979921388e-04 1.492150870112942534e-02 2.830908227712731519e-03 1.023427196212099016e-03 4.691960400557458090e-03 4.753805788414355339e-03 3.934251694602269520e-03 1.496813624652813292e-02 4.360908721281916284e-03 6.967232254332619487e-03 1.128079840205692061e-02 1.500772852187110418e-03 -1.250369866675259210e-03 1.094548835462592646e-03 -2.246987607786235389e-04 1.718317534104808796e-03 9.996959487738872434e-04 1.450757355994609053e-02 5.493237527162424597e-03 9.222313520399207445e-03 7.841523144168331336e-03 -2.149579915065964394e-03 1.315196752747825951e-02 5.766083567508972947e-03 6.063044751297244975e-03 -1.703296077682725680e-03 6.776675997751800684e-03 -2.187643221499506636e-03 7.929048184020895049e-03 -2.861490705532151319e-03 1.436241337365409473e-02 1.000000000000000000e+00 0.000000000000000000e+00 0.000000000000000000e+00 0.000000000000000000e+00 0.000000000000000000e+00 0.000000000000000000e+00 0.000000000000000000e+00 0.000000000000000000e+00 0.000000000000000000e+00 0.000000000000000000e+00 0.000000000000000000e+00 0.000000000000000000e+00 0.000000000000000000e+00 0.000000000000000000e+00 0.000000000000000000e+00 0.000000000000000000e+00 0.000000000000000000e+00 0.000000000000000000e+00 0.000000000000000000e+00 0.000000000000000000e+00 0.000000000000000000e+00
3.352429798883558784e-03 1.138010829942716871e-02 1.649894922125647728e-02 1.200935924489510316e-02 4.567036863361980011e-03 1.884686367778608262e-02 2.461646759953269644e-03 1.497277112286847685e-02 7.702250126941103357e-03 7.779663099792731400e-03 1.302627661467228165e-02 1.869949103807107315e-03 7.423180470721782442e-03 1.244605370354161418e-02 1.249652910771916620e-02 -1.894552495244152440e-05 5.297013333776867845e-03 4.130329476401422943e-03 3.910076121946931896e-03 1.335484633585822499e-02 1.483611785025879155e-02 5.170085947475045081e-03 4.635298600402853672e-03 4.484091544252943005e-03 5.649711079481426618e-03 1.134061919250307221e-02 4.141600754826328668e-03 1.776662022529211515e-02 1.462266060690391861e-02 1.879848935895960275e-03 1.548868516274612417e-02 1.301958001162598771e-02 7.351873400962787367e-03 -1.450619240142951528e-03 1.219441290620449508e-02 6.236649664000070564e-03 2.646136136749865659e-03 7.433943868530885381e-03 5.921113310566185166e-03 1.126173926795463222e-02 4.928745765421366047e-03 3.223632352115978882e-03 -6.975682143227891980e-04 7.923662546596781445e-03 1.370075037190679294e-02 4.007550201832541480e-03 5.263151615804180852e-03 1.523522371328416350e-02 2.992507394356417900e-03 8.596335182485361978e-03 5.038640658444931870e-03 6.260888436615689827e-03 7.192333313293813608e-04 1.158372747790949869e-02 8.977202692980940958e-04 1.596072309840340696e-03 6.577145180142854363e-04 8.107933450037905707e-03 3.738343085774138101e-03 1.137695554261480444e-03 1.278517421973919543e-02 4.569185506353340247e-03 -9.459051857833718994e-04 1.417635850357182141e-02 1.470567367356855320e-03 1.132240430254376727e-02 3.481898771855285180e-03 1.146617262578914463e-02 1.419436768473117567e-02 9.893912863795947463e-03 1.088466214841492426e-02 -2.738390815278007265e-03 3.611134825175495860e-03 7.983768837371589197e-03 -1.587753491239268788e-03 -1.452346979400011588e-03 6.956227616933256157e-04 -2.001350617046242491e-03 6.601921572863523290e-03 1.414464856450073187e-02 1.000000000000000000e+00 0.000000000000000000e+00 0.000000000000000000e+00 0.000000000000000000e+00 0.000000000000000000e+00 0.000000000000000000e+00 0.000000000000000000e+00 0.000000000000000000e+00 0.000000000000000000e+00 0.000000000000000000e+00 0.000000000000000000e+00 0.000000000000000000e+00 0.000000000000000000e+00 0.000000000000000000e+00 0.000000000000000000e+00 0.000000000000000000e+00 0.000000000000000000e+00 0.000000000000000000e+00 0.000000000000000000e+00 0.000000000000000000e+00
1.634962389429312282e-02 1.092803884624238969e-02 5.828817374754926769e-03 2.792348880628970839e-03 9.788468501639984581e-03 6.720598714680972759e-03 7.102590793360793499e-03 1.448012951430356979e-02 1.436691973137777315e-02 9.287670265547659856e-03 1.157600069183661179e-02 1.383837949518891206e-02 1.467286322929446662e-02 1.486110022669198498e-02 1.990094185020459001e-03 8.943555931335766054e-03 1.658456751097264455e-03 1.670766275568857928e-02 8.069188171260592221e-03 1.104003046221501338e-03 1.413174203708274061e-02 1.094443841105497556e-02 1.282333826810552746e-02 3.752802268110864200e-03 1.553726496255293694e-02 4.509107259761659277e-03 3.484733589879220397e-03 1.183147363355757480e-02 -1.282934399686475437e-03 3.998996506805955163e-03 3.890235265381114353e-03 2.930643558971030623e-03 8.879345576996147335e-03 1.160762139519121855e-02 1.522582871310506139e-02 7.463510578370568908e-03 1.360816918197772438e-02 6.709865308619578431e-03 1.232150615913790020e-02 5.496014581082128616e-04 5.450263651845062198e-04 1.399268478324441727e-02 2.566791687097222992e-03 1.664955588150227733e-02 8.963295213187554011e-03 -7.988626487048543830e-04 -2.036298132643803247e-03 2.471652715751317553e-03 5.387372453707380340e-03 7.102066863714196279e-03 -3.763495348522667271e-03 4.423433199655328781e-03 2.130498350265081029e-03 3.528358490989847839e-03 -1.347288552926992041e-03 3.640019513489779215e-04 1.056834645246738924e-02 -9.515370213028803790e-04 1.286870698193223923e-02 1.296276345744814748e-02 6.948511046117451101e-03 3.951443855265529201e-03 -1.084747765644981932e-03 4.857561573354523404e-03 1.429358519642771885e-02 5.705469381954653141e-03 1.237391037715325666e-02 9.733890308168796288e-03 -2.101754837989553999e-03 3.302268000321564520e-03 1.267405795876232373e-02 4.712369137220919521e-04 1.384466188506788733e-03 7.925407958396409741e-03 1.495917814542397153e-02 7.434981597234989123e-03 -2.141094971966031764e-04 1.376083290860597927e-02 2.310765020379819575e-03 1.638942800284926005e-02 7.742971950096937291e-03 1.000000000000000000e+00 0.000000000000000000e+00 0.000000000000000000e+00 0.000000000000000000e+00 0.000000000000000000e+00 0.000000000000000000e+00 0.000000000000000000e+00 0.000000000000000000e+00 0.000000000000000000e+00 0.000000000000000000e+00 0.000000000000000000e+00 0.000000000000000000e+00 0.000000000000000000e+00 0.000000000000000000e+00 0.000000000000000000e+00 0.000000000000000000e+00 0.000000000000000000e+00 0.000000000000000000e+00 0.000000000000000000e+00
9.607964063580273079e-03 1.706491503875354546e-02 1.035302261414845597e-02 7.975516138434689262e-03 1.575181901826178815e-02 1.048189480418851988e-02 1.307649393899745077e-02 2.905627341701555108e-04 8.598636622126775222e-03 1.086485182574940464e-02 6.918866063835575793e-03 4.427401039700714150e-03 1.574937873270768063e-02 7.830783678617767030e-03 1.194917118336850242e-02 1.841274354314647666e-03 2.497918541294886097e-03 7.452197252500618319e-03 9.214166118201704697e-03 9.550697120117095443e-03 2.724318482056964103e-03 1.561710035750421078e-03 4.434542435055996955e-03 1.738185437116275545e-02 1.049973205990896441e-02 1.795820390073312248e-03 4.484591903623173260e-03 1.257073538558044386e-02 5.246738155541713980e-03 5.253050548160263268e-03 6.337300152409212559e-04 1.607896641289563488e-03 1.349936695520270041e-02 1.466818797975088726e-02 2.463061242590394283e-03 1.485950122746761831e-02 1.904158042231781636e-03 1.128233960772435408e-02 -2.596471282727081048e-04 -5.661225992546661378e-04 6.205631013915488201e-03 2.656476747402666729e-03 5.909013844752202286e-04 1.148549777768616015e-03 8.446655897813369618e-03 1.258554402902178904e-02 8.776822758923382567e-03 -1.628572926938450915e-03 -6.288182906435731015e-05 1.319677611993765563e-03 1.149635440078825704e-02 1.201512092828432333e-02 1.468732119513223994e-02 6.931960045639536452e-03 2.324120988562983908e-03 1.480538373858003793e-03 -3.406379022515240284e-03 -7.890792291785827259e-04 -6.404971415310144103e-04 1.436581284127107401e-02 4.556085765666130841e-03 1.399552812930018701e-02 -2.245798035935271057e-03 5.250997547702229359e-03 9.119965489889589674e-03 1.503390563677585966e-02 2.673233095951808250e-03 1.152347497163536474e-02 -2.978025292801390802e-03 2.199960350271777231e-03 3.681402890749767200e-03 -1.761555174959899368e-03 1.408362701557408850e-02 -2.026053654162646243e-03 1.154496545998491726e-02 1.056814588867593940e-02 6.176680807113897782e-03 1.123237631272744168e-02 -1.249111689540085201e-03 1.116133531789274824e-02 1.589671086081911183e-02 -2.940729356542099229e-03 1.000000000000000000e+00 0.000000000000000000e+00 0.000000000000000000e+00 0.000000000000000000e+00 0.000000000000000000e+00 0.000000000000000000e+00 0.000000000000000000e+00 0.000000000000000000e+00 0.000000000000000000e+00 0.000000000000000000e+00 0.000000000000000000e+00 0.000000000000000000e+00 0.000000000000000000e+00 0.000000000000000000e+00 0.000000000000000000e+00 0.000000000000000000e+00 0.000000000000000000e+00 0.000000000000000000e+00
7.581902040643864749e-03 4.480267328746378661e-03 1.804592468358036730e-02 3.009295944988707883e-03 4.983610068320196151e-03 4.700416821438814334e-03 -2.306094914942844200e-05 8.278446276834305548e-03 1.767424006636922687e-02 8.369535257519648830e-03 1.463033344615006105e-03 -4.049567221888466921e-04 4.190764647046824574e-03 6.558055884588436489e-03 6.400063260013305264e-03 1.652469304692003355e-05 1.764076379220191546e-02 -7.353137834679866931e-04 8.254268805585178795e-03 1.786197230912241586e-03 1.771860071509662182e-02 8.697271835358668865e-04 7.382697320579524429e-03 1.404969432908115962e-02 5.491102823599090278e-03 1.167974212914635324e-02 6.188919531229886660e-03 1.146698806254071307e-02 7.815254943244338533e-04 4.305435568453570491e-03 3.515568783027195332e-03 -3.358629936412609908e-04 1.313160120424632267e-02 1.211031701495064554e-02 1.742298191427521167e-02 1.504910696512840214e-02 1.323770777956524529e-02 -2.752067568601720797e-03 8.423189838344955285e-03 3.726882773822623104e-03 4.073825500625394974e-03 6.882689518595677680e-03 1.104638257854305243e-02 5.744777054246460145e-03 1.715915254482247576e-02 1.446626812050802804e-02 6.941805734251817878e-03 9.342763048435843466e-04 1.355244461085654967e-02 -1.871606037049338474e-03 1.082511790666287194e-02 1.325723538186977975e-02 -1.785696199253867340e-03 1.176243485147728494e-02 6.403097389241394280e-03 -6.849520954965182019e-04 8.281159629218578025e-03 1.309199946768448662e-02 1.512512734409793107e-02 1.022314328584504779e-02 1.228985314392993210e-02 6.692480184157026651e-04 -9.808233677826875760e-04 3.312584838957102068e-03 1.732113457400405107e-02 3.262648345286203212e-03 1.002834320198259417e-02 6.509383090397289143e-04 2.349418195440834776e-03 5.869499610442370507e-03 1.465468374767173176e-02 -8.798712119791850250e-04 8.681401303909954542e-03 7.713079170018734623e-04 1.010981198111529557e-04 1.148692336774668224e-04 3.397470940040713330e-03 1.076947897482991544e-02 -3.168900892145545909e-03 1.062936469220878907e-02 1.222661932126859960e-02 1.001273510618753103e-02 6.345654176630972920e-03 1.000000000000000000e+00 0.000000000000000000e+00 0.000000000000000000e+00 0.000000000000000000e+00 0.000000000000000000e+00 0.000000000000000000e+00 0.000000000000000000e+00 0.000000000000000000e+00 0.000000000000000000e+00 0.000000000000000000e+00 0.000000000000000000e+00 0.000000000000000000e+00 0.000000000000000000e+00 0.000000000000000000e+00 0.000000000000000000e+00 0.000000000000000000e+00 0.000000000000000000e+00
2.028546520510081386e-02 7.867236220505783445e-03 3.895566812036578216e-03 1.174767566105647948e-02 9.983526061753907055e-03 1.763156432114800290e-02 2.926042937871070962e-03 5.739096334314388627e-03 1.694960030698788866e-02 7.529696886377706261e-03 3.854080218986823646e-03 1.202776897609533649e-04 4.973054173066493834e-04 1.719381356910275674e-02 1.828379343125955542e-02 1.028318565586399704e-02 4.414703552462694372e-03 3.942609532343956807e-03 5.737775046539985921e-03 1.090751095409465314e-03 3.017494149338212708e-03 1.361557653537206862e-02 1.697299761156221762e-02 1.237914503340134011e-02 4.136131360629895226e-03 -5.059431310649167499e-04 -1.599628512707161523e-03 1.379036051952330392e-03 5.884537117076359255e-04 1.084247104508026874e-02 4.887921247032346768e-03 1.390605859933499028e-02 1.317706344603694971e-02 1.157565211354098615e-02 2.144700768533878282e-03 -2.685271381198401329e-03 1.812281054975812059e-02 -2.004502563512749070e-03 1.608404068620145067e-02 2.512565893375176811e-03 1.381870236046719817e-02 1.207947729125816595e-03 1.493740405563119544e-02 1.012103552466805251e-02 1.413606667072789431e-02 9.455161653821338283e-05 5.785348438828755938e-04 1.327911855833535312e-02 6.686527496695035197e-03 1.273973889714761533e-02 1.539085085801328648e-03 2.067025959633233666e-03 1.426678379708163475e-04 1.476084381374203995e-02 -3.166465797961076807e-04 2.791078149689423839e-04 2.365188665536085283e-03 6.632862854356532138e-04 1.102785359665349376e-03 7.551382778828649722e-03 1.432964082173113392e-02 1.178911377967781053e-02 8.838345485840963869e-03 5.025048307304550571e-03 2.742808576207163371e-03 5.105648046022343012e-03 2.980865641986078958e-03 9.441657756711376720e-03 1.435133589800251241e-02 1.275128826209125966e-02 8.936759990185455180e-03 9.376852850582633597e-03 3.907380190237780618e-03 4.866009156534205002e-03 2.956204046912800504e-03 -1.344098115817460607e-03 4.746322093186656176e-03 1.426806239917133290e-02 1.365123361971271564e-02 1.096339743146814739e-02 8.774339482773504256e-03 1.237739168213520223e-02 1.285682178462978047e-02 -2.754737835146772642e-03 1.000000000000000000e+00 0.000000000000000000e+00 0.000000000000000000e+00 0.000000000000000000e+00 0.000000000000000000e+00 0.000000000000000000e+00 0.000000000000000000e+00 0.000000000000000000e+00 0.000000000000000000e+00 0.000000000000000000e+00 0.000000000000000000e+00 0.000000000000000000e+00 0.000000000000000000e+00 0.000000000000000000e+00 0.000000000000000000e+00 0.000000000000000000e+00
1.503475744977457278e-02 1.283452100569069075e-02 9.973790773661751589e-04 3.748262398921487458e-03 9.434135942367312400e-03 4.707627472193977314e-03 1.784232339612636803e-02 1.766720750709430869e-03 5.007681952319498371e-03 1.374529820825596714e-03 7.151744415597455565e-03 3.161659446208338765e-03 -1.160160411782502578e-04 -1.896051867556987672e-04 1.825426469822400907e-02 4.677555467794454989e-03 1.699831823905235614e-02 1.239524735733622015e-04 3.650384732979737243e-03 1.194051474472872937e-02 6.714343694921231891e-03 1.397692608745008079e-02 4.026579267098775138e-03 5.534081995241299902e-04 6.890789049973467667e-03 1.684932681949794647e-02 9.317710222752979138e-03 9.998710258966120312e-03 5.587541522002093149e-03 1.040541714500814452e-02 -3.907943709427932726e-04 9.985848365969788188e-04 1.088999218584059923e-02 1.137700484170245298e-03 1.748931672212191910e-02 6.080277769751354054e-03 1.664817061037793949e-02 -8.932946053249753550e-04 1.546907123217609870e-02 3.234416578982940958e-03 -2.372616676820508193e-03 -1.583887866106892337e-03 1.121361300693551194e-02 8.603133947650654784e-03 -2.741276662387642955e-03 4.023624351905503820e-03 5.349907015491632382e-03 9.913885396054544080e-03 1.613270993947253477e-03 3.917907158390474334e-03 1.357857669327708003e-02 1.028524571387057739e-02 1.349636600228698580e-02 1.586160307415155138e-02 2.914084794941839730e-03 9.740110424373001757e-03 -3.450296556161710701e-03 1.472347733131828228e-02 5.716650935874751163e-03 5.876480823988422530e-03 -2.093685810536468316e-03 2.162481544334023988e-03 6.328545758213647773e-03 1.266770012179843294e-02 1.082647839410909481e-02 9.121822957107462645e-03 7.958183612544611138e-03 2.998882917930372361e-03 9.925644026863489691e-03 8.194241052234917458e-03 -1.231088247002333274e-03 6.532972645695784772e-03 5.913283020520818199e-04 2.720317461316020414e-03 1.391505827063390863e-02 1.168979258081850534e-02 1.155115886369607534e-02 1.484929710983387205e-02 1.671809764150960619e-03 6.845960455212221109e-03 2.173350330215364275e-03 1.146019858103966560e-02 9.779360187936875226e-03 -3.505201723467017087e-03 -1.751364648005160644e-03 1.000000000000000000e+00 0.000000000000000000e+00 0.000000000000000000e+00 0.000000000000000000e+00 0.000000000000000000e+00 0.000000000000000000e+00 0.000000000000000000e+00 0.000000000000000000e+00 0.000000000000000000e+00 0.000000000000000000e+00 0.000000000000000000e+00 0.000000000000000000e+00 0.000000000000000000e+00 0.000000000000000000e+00 0.000000000000000000e+00
1.301836710981043276e-02 1.247478955109533084e-02 1.731173662480866432e-02 6.585688289364402363e-03 1.650879034928781934e-03 1.097506774383888092e-02 1.871635529735089093e-02 3.928225477573693298e-04 5.664190974194937764e-03 6.774989538869713966e-03 4.730306919017034442e-03 1.665391428677428197e-03 1.736880868562085123e-02 1.448490558771529067e-02 3.432237781381065195e-03 1.039576827135545861e-02 1.405748419863864056e-02 1.195683060905982633e-03 7.798790719165977527e-03 -8.611124163253693932e-05 6.515007467924536534e-03 1.283014272442462977e-03 1.406715418378527531e-02 1.161485518420159180e-02 1.165609115242562804e-02 1.153992371918790942e-02 1.279434227932219233e-02 9.151638164494562203e-03 1.328083749470747310e-02 1.724457206328685113e-02 2.148473456268648434e-03 9.561872766397900777e-03 3.522535615030086571e-04 3.839534498960961548e-04 1.745586569462493493e-02 3.751959505172614267e-03 9.962572150352356701e-03 8.821389947810007138e-04 -4.531835092388416478e-04 2.210182394877890574e-03 7.559222852777760723e-03 6.060780629596974368e-03 -1.347396576399377717e-03 1.348180379149931628e-02 3.761348949869748690e-03 1.048258418533118061e-02 4.478542792432557143e-04 8.782330587494682761e-03 1.221582686864227741e-03 5.185857952638975830e-03 5.699747429569088433e-03 8.913459428622923925e-03 8.181099855000512067e-03 6.955680008269678020e-03 2.720108616462631104e-03 1.546333113635564235e-02 1.095211352405932315e-02 -2.794250461264399365e-03 1.360671497190447249e-02 5.307729865729654377e-03 -4.383308581234629693e-03 3.664089418853850189e-03 -2.113906247169316729e-03 1.819937293060450677e-03 1.497498700288242036e-02 1.156244275181784326e-02 9.474889669117364174e-03 1.466118563098810614e-03 9.971629745218547544e-03 -9.440335256374665423e-04 1.494045118179854713e-02 2.725029417509751070e-03 -5.575756166976542473e-04 1.340141340976025094e-02 4.184857328625812920e-05 -3.655470763744189926e-03 7.619695038495669440e-03 7.154257796335290916e-03 1.513500243685104822e-02 8.301795555749927683e-03 1.153587401920601590e-03 2.411698523048367519e-03 1.634915092489922644e-03 1.593619918652734724e-03 6.052242466857926662e-03 9.875450132788418309e-03 1.000000000000000000e+00 0.000000000000000000e+00 0.000000000000000000e+00 0.000000000000000000e+00 0.000000000000000000e+00 0.000000000000000000e+00 0.000000000000000000e+00 0.000000000000000000e+00 0.000000000000000000e+00 0.000000000000000000e+00 0.000000000000000000e+00 0.000000000000000000e+00 0.000000000000000000e+00 0.000000000000000000e+00
1.390876226911845655e-02 5.299016963595250609e-03 2.251184111996506945e-03 1.325991962544602332e-02 1.196402343297171302e-02 5.715085628694400316e-03 9.074296826001497160e-03 9.186911048989453848e-03 1.737564600988464325e-02 6.879546108946438948e-03 6.926733957202781469e-03 9.588681948894162187e-04 3.953529966473180030e-03 1.751098311812564201e-02 5.173549662627576666e-04 1.779437498926656966e-02 6.952814761775256459e-04 1.218397878389246985e-02 1.462400742186375710e-02 1.300294106541883231e-02 5.079899386488975072e-03 6.404813424520161731e-03 9.151506928075491681e-04 1.698287261465099285e-02 1.057002109481121853e-02 -1.421875305062399349e-03 1.295076960406954178e-02 5.987457102460607555e-03 1.675919085638986547e-02 -1.943468615527997774e-03 9.907121254969425417e-03 2.131190826446674805e-03 1.657189235313922399e-02 1.023065906894611403e-02 3.921878683352668891e-03 7.740733507502361825e-03 1.145776759362426150e-02 4.124612374864081339e-03 1.091825408379689701e-03 1.139473980786543696e-02 2.778410129542394861e-04 6.072152007530365152e-04 8.741315258531334731e-03 -8.107010316062681016e-04 1.603164467181458774e-02 1.272326580073098248e-02 1.537424264600061735e-02 9.312632325186724278e-03 -2.075225157473866398e-03 -1.040986780085883948e-03 1.640339354078067247e-02 8.812291756143548691e-03 1.079783729738155798e-02 2.362916574833644721e-03 3.447559795781587975e-04 1.418313068334272134e-02 4.995051570660859197e-03 3.016937012890817237e-03 -1.330684385848057228e-03 1.457990959401790111e-02 -5.902759961565726176e-04 9.009477405473219347e-03 -1.355192663365096650e-03 6.061815306322802105e-03 3.327612061436518390e-03 5.262618455147471952e-03 1.070169098867298704e-02 2.200497895093064381e-03 1.021023097383804736e-02 1.061355055890975986e-02 1.532556736082453346e-02 -1.221389139299652133e-03 1.169825003495882955e-02 1.217182631473882719e-02 1.502923380771306952e-02 -6.129912404510694419e-04 -2.989535213595555935e-03 9.555396713625780719e-03 1.534022293617135976e-02 3.472303778675813867e-03 1.351261641100037943e-02 9.849586722410033288e-03 3.745054643406373149e-03 1.520067455503831648e-02 4.535608714532485264e-03 1.432455689101981393e-02 7.541866735852482614e-03 1.000000000000000000e+00 0.000000000000000000e+00 0.000000000000000000e+00 0.000000000000000000e+00 0.000000000000000000e+00 0.000000000000000000e+00 0.000000000000000000e+00 0.000000000000000000e+00 0.000000000000000000e+00 0.000000000000000000e+00 0.000000000000000000e+00 0.000000000000000000e+00 0.000000000000000000e+00
4.909667317892367315e-03 1.396127946331468701e-02 1.176880188160146778e-02 1.335026577078702800e-02 7.215136634038167053e-03 1.708324750252799423e-02 7.210031653764017306e-03 -6.295632655970827144e-04 2.857896406460574794e-03 8.351864078415148149e-03 9.361629981326332478e-03 6.462215841706867719e-03 1.088946939413169661e-02 2.896542563825359445e-03 9.455016805550182230e-04 1.811862724486051207e-02 3.176872141506834318e-03 2.350576310882724132e-03 4.995671829279711013e-03 1.284457682988047328e-03 1.285777134394340548e-02 1.416118605575686015e-02 1.042392680021723105e-02 -8.637771209428509291e-04 6.929646570303736770e-03 -1.622567743135494654e-03 1.392586997344411569e-02 6.890498073241923052e-03 -1.609433007066597698e-03 1.246715055724491490e-02 3.901525461234124116e-03 1.131776768898504898e-02 4.655729174973787519e-05 9.509931557318841364e-03 1.397801814234556593e-02 1.540964281859367666e-02 1.679730813798717762e-02 -2.178607896783850515e-04 -8.791117415150559748e-04 6.670168960646321796e-03 1.031628568284339437e-02 8.128950144822313234e-03 1.433238064861452714e-02 9.488781571861920616e-03 1.662908051996396866e-02 1.291009032615352166e-02 2.565110559540678334e-03 1.354222538286007152e-02 7.797373423872927013e-03 1.966146325162486993e-03 1.329160399460817960e-02 -7.533360996769344160e-04 3.290315362984885025e-03 8.612800738452279677e-04 1.576265943644573203e-02 -5.061977374125905225e-04 8.797847073682746669e-03 9.241411064052780164e-03 1.121671222486298955e-02 1.395633940867713890e-02 4.278679444710126872e-03 8.669116639099593707e-03 9.349542627000744692e-04 3.926799152117885910e-03 7.766218500935585627e-03 1.394950381995540591e-02 1.094833629267612067e-02 1.014869715553454697e-02 -3.639818483688370999e-03 4.566764794546078303e-03 1.143446214369947186e-02 1.257243596319226366e-02 1.069946050918656362e-02 1.134545338697773298e-02 -1.078886794952218457e-03 1.310968880000512767e-02 -1.339418307103345997e-03 4.525772712916324887e-03 -1.644185836022582807e-03 1.005878164071861113e-03 -3.163679062731807132e-03 7.305868398212914117e-03 1.345409466669020802e-02 4.531111431211135368e-03 7.841724392664409238e-03 -1.474278799216220421e-03 2.407417296973331580e-03 3.195701201041754435e-03 1.000000000000000000e+00 0.000000000000000000e+00 0.000000000000000000e+00 0.000000000000000000e+00 0.000000000000000000e+00 0.000000000000000000e+00 0.000000000000000000e+00 0.000000000000000000e+00 0.000000000000000000e+00 0.000000000000000000e+00 0.000000000000000000e+00 0.000000000000000000e+00
1.465736098345557861e-02 1.051516462015505277e-02 1.175681273739480337e-02 7.886205597757883420e-03 7.937391081665703951e-03 4.692733150394138263e-03 1.879685500134677112e-02 1.310957225843306477e-02 2.926636961494146275e-03 1.694356082957229268e-02 1.648300348214757488e-02 4.995365013870984965e-03 3.699070401828890740e-05 9.455519248047935393e-03 3.514813129245444520e-03 1.850615432047953215e-02 2.883423379468225047e-03 2.932241642205906437e-03 1.234191134982724931e-02 1.584101979790689422e-03 1.044758620501863057e-02 1.597366687161701909e-02 1.569884198487681015e-02 1.026486345215980867e-02 1.269297542054336793e-02 1.143870659872246037e-02 5.189616144927643865e-03 1.372234929059221523e-02 -4.384640545225211095e-04 1.156559322228707838e-02 2.704181179606353173e-03 -1.963585807790515364e-03 1.751496753299123773e-03 1.501086033641320545e-02 1.389960458605669913e-02 1.071410887993230754e-02 7.833761294630609689e-03 4.369110126607708526e-03 4.342138573211161423e-03 1.672588553307579121e-02 1.190624112662048290e-02 5.165198526712846050e-04 5.329371332220222100e-03 1.729194382349799955e-02 -3.504652013651274583e-03 1.163264506711214966e-02 -1.334237934661344034e-03 -1.435913891025289608e-03 1.573789692482650479e-02 -2.787270929964071140e-03 1.303511593412571591e-02 1.266834528456135638e-02 2.780043102800564339e-03 2.944817249737012935e-03 -9.360461857607023416e-04 1.182476916949119295e-03 1.450003264339823350e-02 1.148702639473279594e-03 1.261323634386400661e-02 7.183108444625419496e-03 6.722223432664063691e-03 1.369645924390900521e-02 4.426342252954592270e-04 1.022092439625842814e-02 2.063192834731318072e-03 2.316274805214778645e-03 -2.435087654077879808e-03 4.553729686685900266e-03 5.549361281050550938e-03 1.436683306316516827e-02 3.881982026688586204e-03 1.686086830295481509e-03 1.312523958227278026e-03 1.191069476070879575e-02 9.909404415889746381e-03 -9.650577833748328433e-04 2.952544889235283587e-03 6.191753292395538264e-05 7.067800059321975234e-03 2.511583736981247688e-03 3.266274433359670198e-03 4.764692217391337629e-04 4.684537860477491246e-03 9.903853698110207451e-03 1.351256807727913879e-02 -2.781959343755547980e-03 4.397930266239455377e-03 1.782267956887166214e-03 2.305780075069424097e-03 1.000000000000000000e+00 0.000000000000000000e+00 0.000000000000000000e+00 0.000000000000000000e+00 0.000000000000000000e+00 0.000000000000000000e+00 0.000000000000000000e+00 0.000000000000000000e+00 0.000000000000000000e+00 0.000000000000000000e+00 0.000000000000000000e+00
1.481346417670679344e-02 1.102918816206439542e-02 1.254609995721251044e-02 5.804267063086917741e-03 5.577530870248808594e-03 1.684968686362852547e-02 7.689443312289444971e-03 6.792027813716877693e-03 4.387275582686646705e-03 1.739122213055210170e-02 1.156976085420820038e-03 9.050295861896689303e-03 1.158576768390816650e-02 2.802348171452482065e-03 1.701366698296306879e-02 8.610461845748009629e-03 7.537867244215173436e-03 1.281596259118704222e-02 9.269062057336673391e-03 8.449499468811218000e-04 -8.914032457092918105e-04 1.173826925345840743e-03 1.237736843918720887e-02 8.041172668596522841e-03 8.216044744643801953e-03 2.714627890239013422e-03 5.023946680595432063e-03 2.930548185703733908e-03 1.203519984907248409e-02 -1.523291003418003641e-04 5.508889173746631118e-03 1.138241706221021325e-02 -1.625445643169892772e-04 8.416265736246727677e-03 1.213220218981390583e-02 1.307579205269123260e-02 8.767374364577976836e-04 1.153917864812172879e-02 1.559982482050105423e-02 8.270823579139470819e-03 1.553586128962483257e-02 9.993877874346614176e-03 1.151960952986683280e-02 3.770070927425951506e-03 1.669547851139434672e-02 1.186186493846975824e-02 1.309370015770826984e-02 -2.197415433972149321e-03 9.734560829309799393e-03 3.925841857798578272e-04 7.098317069015793769e-03 -1.168497992369630593e-03 6.100165402661997770e-03 1.529567416003081194e-02 1.437634071547825437e-02 9.049841299297143801e-03 7.540491408587696523e-03 1.392054826509884179e-02 8.978613836010486404e-03 6.680239696468508008e-03 -2.876762397107260859e-03 1.446298028184048526e-02 -2.172489785693655206e-03 -1.714286407239159473e-03 9.634505974696448358e-03 1.084013065094217333e-02 5.586199665094979117e-03 -1.609033774652584214e-03 1.522211187535958340e-02 1.800947065247611141e-03 9.429599943883041702e-04 -1.044568296637886405e-03 1.289352915036700610e-02 3.822414327269448627e-03 3.567847948896956962e-03 6.208459144115365848e-03 -2.561747574274453147e-03 4.865842235467108916e-03 1.381407283618101174e-02 1.612307326270323929e-02 7.338308259315074605e-03 -1.764573278834116353e-03 -3.824758744534442062e-03 -1.726420992208095194e-03 4.816433858970125235e-03 1.588779099080041973e-02 -3.592877995872288568e-04 -4.104807887032544886e-03 -9.775600093456830123e-04 1.075362084288325991e-02 1.000000000000000000e+00 0.000000000000000000e+00 0.000000000000000000e+00 0.000000000000000000e+00 0.000000000000000000e+00 0.000000000000000000e+00 0.000000000000000000e+00 0.000000000000000000e+00 0.000000000000000000e+00 0.000000000000000000e+00
1.750534667474115680e-02 1.340891868193335931e-02 1.085805166000558195e-02 1.571655251458415822e-02 8.535803143385374547e-03 8.117273147585059995e-03 4.222887492771643949e-04 1.761603722125842583e-02 1.018856918531758221e-02 4.561853623634237829e-04 9.490154106850822238e-03 4.505378648136556564e-03 1.012478800733900355e-02 -9.241007867854804814e-04 1.640613549495130441e-02 1.773998995265748529e-02 -1.741150141964094517e-04 9.556213659473348360e-03 9.736714086510904823e-03 1.611804707209568005e-02 9.261400291010088784e-03 5.602611951467440822e-03 1.259536222314423456e-02 6.269164812371398046e-04 1.254557030013094855e-02 1.012331050120477208e-02 -4.535189355057044004e-04 1.554696144955001330e-02 1.640667508991674323e-02 8.401032224245767038e-03 1.123516224200846354e-02 9.149293001297601965e-03 8.189273548057708976e-03 1.291384881893220191e-02 1.129360678931407881e-02 -1.861128987518888148e-03 4.472536422653615278e-03 4.556361929768784624e-03 9.937705742008598464e-03 9.794245790455123266e-03 6.421075661753932948e-03 8.428293556103933631e-03 1.417153596586173160e-02 9.789167692832776921e-03 1.566644862365124125e-02 7.387451476085493685e-03 8.090764699010039376e-03 -1.154781453179093984e-03 -1.749620975792541078e-03 1.790423901508039197e-03 1.539929875737782762e-02 1.134260339528156587e-02 1.594877829039676072e-04 1.996064986276508031e-03 7.631305869409429551e-03 1.500379597482535271e-02 -1.263805864662290342e-03 2.109823153511933454e-03 -2.138025286529953405e-03 1.425665668075610897e-02 7.859169286008925795e-03 -1.708888261461299863e-03 8.832557277526530831e-03 4.854512722649900920e-03 -6.677070346739670623e-05 7.096740580502479238e-03 5.826901208330758676e-03 -2.730992342703994751e-03 1.155055218109107829e-02 1.289636276175800018e-02 1.464692689702888455e-02 1.387983990382110492e-03 6.232822333711845325e-03 1.324649892533507137e-02 1.060537021578469505e-02 1.216128206092282260e-03 -1.152387559758572769e-03 1.115606654365343224e-02 1.124416864456039868e-02 -4.237421430557657132e-03 1.104084536489706794e-02 -1.877483169466207013e-03 4.926698775051133704e-03 -9.675081964117389311e-04 1.187642432390356717e-02 2.615874524982062833e-03 4.536780177722204753e-06 1.308054946016851822e-02 9.200167521710973448e-03 1.560050699347985447e-03 1.029759719026666215e-02 1.000000000000000000e+00 0.000000000000000000e+00 0.000000000000000000e+00 0.000000000000000000e+00 0.000000000000000000e+00 0.000000000000000000e+00 0.000000000000000000e+00 0.000000000000000000e+00 0.000000000000000000e+00
1.496104214661408451e-02 1.234556991928584431e-02 1.429421619064297037e-02 1.260222319365647201e-02 6.320862696290880864e-03 1.126519797134722944e-02 1.398947854505281502e-02 6.720760854720652863e-03 1.616002989626366682e-02 1.236750904437713960e-02 -9.178167411199694399e-04 8.374590611313560001e-03 4.003252369785137953e-03 1.299260790036339298e-02 1.403969824807170357e-02 4.948871039750132525e-03 4.177215462259281165e-04 6.552356839577660498e-03 1.753613879353705524e-02 -6.953400766290578289e-04 6.948421970965647926e-03 1.644920176372294957e-02 1.330225441433804771e-02 1.741140102054377845e-02 1.350954694942656069e-02 -5.756874260882695587e-04 1.432932387201643837e-03 1.451316233921294378e-02 1.042100942682223919e-02 9.917999375978177670e-03 1.409723788524677376e-02 6.207718837642478907e-03 2.099484527336372038e-03 -1.609974127202564147e-03 -4.140110596980013614e-04 9.419795752087595231e-03 4.791339356688596555e-03 2.543512904515084737e-03 -2.581706564994480039e-03 4.100240080040159184e-03 -2.683570759489781101e-03 -5.420640004359598410e-04 8.642598553013549484e-03 1.261729539648064405e-02 1.245195400091305077e-03 1.492265020874221533e-02 8.849106000193927152e-04 1.193566365527102754e-02 8.842890874988825270e-03 -1.992081010684494072e-05 7.422818015610349249e-03 5.250499512824208931e-03 -2.330741733809671770e-03 5.083681781074809482e-03 4.900136530956099648e-03 1.327766003461854603e-02 1.711240075117995531e-03 3.208328350644200182e-03 8.635859238545189748e-03 2.393788449186239412e-03 1.171683264487407942e-02 1.332972984118836746e-02 -9.707364415211115934e-04 -2.403156075656570027e-03 1.623274127805762745e-02 -5.654671901143854418e-04 1.127378164293060293e-02 -3.151612765201673542e-03 -3.112837853719753987e-03 2.073072652216563765e-03 5.272396584474502157e-03 7.938858287929297184e-04 1.366693279813793217e-02 -2.276593395003993422e-03 6.555629628858698939e-03 1.392812280133907434e-02 4.251229332584204133e-04 -3.419989372442037295e-03 3.597791631401303560e-03 1.354100281113948707e-02 7.067765498017330658e-03 1.030467109097668154e-03 6.178065751904441433e-03 1.603848120253676540e-02 1.276830457632702198e-02 1.566118885483076817e-02 8.326583325619040660e-03 1.267642386011881388e-02 5.094530094579573232e-03 -4.243503548566626184e-03 -1.745814595688380613e-03 1.408070980288759697e-02 1.000000000000000000e+00 0.000000000000000000e+00 0.000000000000000000e+00 0.000000000000000000e+00 0.000000000000000000e+00 0.000000000000000000e+00 0.000000000000000000e+00 0.000000000000000000e+00
1.232713399421985802e-02 6.412893005781830765e-04 5.444641850988791651e-03 -2.404226437953600566e-05 5.522433791771311044e-03 1.134039662071622883e-03 2.224273347841695253e-03 1.513296587741282638e-02 2.581813915579606565e-03 2.199273636347406479e-03 1.091264567714230090e-02 1.597357449768372836e-02 5.741952366714776421e-03 7.480453072693002414e-03 1.548327922513932295e-02 1.748179166381158556e-02 1.447604307227597781e-02 7.482993092517477469e-03 7.777294237712735481e-03 1.046757270193753898e-02 1.075485190955274319e-02 2.976350315454203994e-03 7.514987508804458517e-03 4.857426696656090212e-03 2.928008340886440776e-03 1.769966620010447050e-02 4.084130517708121216e-03 -1.398988549506069868e-03 1.391232580754932745e-02 1.125326448961431894e-03 1.535734359749961302e-02 -8.437263922130384605e-04 1.653188099950887377e-02 2.909657337766701391e-04 5.996357922598762047e-03 1.808949348491964686e-03 1.593495684581059876e-02 9.608554515569203702e-03 -1.841815906438989958e-03 1.520386915944858461e-02 3.578397681019761505e-03 1.018536342592405060e-02 6.956664797000988200e-03 1.023410798339769584e-02 1.269600062451447207e-02 4.796545310545211982e-04 3.184409940273435959e-03 1.176201470835810774e-02 1.494041353266937176e-02 8.365852545131663778e-03 1.265898176442479921e-02 3.641642623013323712e-03 2.259146634460298172e-03 3.078349423884333205e-03 5.137906152277034108e-03 1.150866188813903616e-02 9.651821339366708011e-03 4.808660146491188295e-03 9.976460557947642444e-03 2.219882989718442896e-03 9.219949288868564338e-03 -2.139372939785753620e-03 2.800422251268101705e-03 -2.040749962538015397e-04 -1.314059860172222313e-03 1.040752374359709201e-02 5.991564047358929716e-03 1.486180914610227537e-03 1.344785242164333629e-02 1.426351493776815971e-02 -6.767267177579062770e-04 1.853086126411030397e-03 2.916941697702206491e-03 4.896136323993408208e-03 1.386356505809018154e-02 9.449044031356797560e-03 1.305692535175190759e-02 8.922000889386107539e-03 1.227914839914148910e-02 -3.518804920143381570e-03 2.608558336692005410e-03 7.029067901320321446e-05 1.173268707889371133e-02 4.230882963199638150e-03 1.133614946926488933e-02 -1.383521262313107186e-03 2.810389946043147409e-03 7.303531017677988672e-03 1.370816195969955069e-02 1.360682661577252740e-02 1.094402654625727979e-02 -3.593360394736154224e-03 1.226612762681490894e-02 1.000000000000000000e+00 0.000000000000000000e+00 0.000000000000000000e+00 0.000000000000000000e+00 0.000000000000000000e+00 0.000000000000000000e+00 0.000000000000000000e+00
1.259437785360716620e-02 1.442266014191826394e-02 1.585110338586652803e-02 8.436334598259227074e-03 7.624934731365704856e-03 5.108336779767116108e-03 1.331973443621328225e-02 1.299780516645873338e-02 3.414406495647384718e-03 3.793845044147927618e-03 1.757238715812482407e-02 5.799661712334231757e-03 2.151993749619211560e-06 -3.196518511161423057e-04 -8.258095059463200441e-04 5.252489103371370434e-03 1.331019245578035897e-03 1.228686931061945958e-02 8.424403632721949933e-03 -4.075366037351400698e-04 1.795526307361882193e-02 1.293379455936443864e-02 6.496667165454309348e-03 1.690633180801296917e-02 8.050887806630728852e-03 1.113849818012136762e-02 4.030495036517392667e-03 1.399183659093598472e-02 1.189996254655515361e-02 7.949817552046723954e-03 1.149805751352983574e-02 7.191152073999002373e-03 1.616616820766987941e-02 1.197641379070075660e-02 1.707289831742624803e-02 7.142480243271430440e-03 -2.491707401775720889e-03 1.633326447177337049e-02 3.361011511036892177e-03 7.712832673610474886e-03 9.303179498829175845e-03 4.301405571508922984e-03 -1.798173586378975239e-03 7.704009871452506888e-03 7.698668212749115725e-03 4.053613979470798920e-03 1.952823562719747767e-03 9.303744537092251826e-03 1.178468521998746535e-02 7.863820576991762193e-03 2.733104926550170444e-03 4.622633420797975581e-03 3.521127880973102826e-03 6.084676864127836794e-03 1.589532910919137093e-02 1.343061652053352886e-02 -4.752382817487341583e-04 9.407704917337764150e-03 1.186948419108604588e-02 4.225643195981786527e-04 1.370932204085013482e-03 3.612614548659271330e-03 9.900430056136637000e-03 4.343641876233408396e-03 1.501531292722509993e-02 2.580006929493953733e-03 1.035151033259191014e-02 1.223305004421424563e-02 1.014661107607901791e-03 1.396627558522845966e-02 6.362833009910434483e-03 1.136139489051958204e-02 8.208887272775369781e-03 1.400312292452570058e-02 9.753678661189500720e-03 1.068196273844189241e-02 1.310981222842981173e-02 1.303297908927123980e-02 9.484444716945591297e-03 1.346481787212249447e-02 -4.400247377984489554e-03 4.714380093748228584e-03 2.671850939862163710e-03 -4.175394120253191760e-03 1.514218538341928315e-02 4.516685465631955186e-03 6.221428710521501211e-03 -3.186927411808883857e-03 -3.338137238104740053e-03 9.312286865960282128e-03 1.160174211616009018e-02 4.787572286050277570e-03 4.263887880764919390e-03 6.158834530055955908e-03 1.000000000000000000e+00 0.000000000000000000e+00 0.000000000000000000e+00 0.000000000000000000e+00 0.000000000000000000e+00 0.000000000000000000e+00
5.221773709299466250e-03 1.599639709694381526e-03 9.099992032543458703e-03 9.831303385661290667e-03 1.364565352536511837e-02 7.928199644219334485e-03 1.590682702109621344e-02 1.312029113021890257e-02 2.198409758991064569e-03 4.903054854439010436e-03 1.803720108061123914e-02 1.593384684991555264e-02 5.816885506894970380e-03 3.661402306354842769e-03 9.353316067891036950e-03 -1.196240337772219373e-03 1.002509136119422543e-02 -4.323521297226944429e-04 1.107317554333912997e-02 1.534529127928474512e-02 8.041217127262358447e-03 1.010536270537482594e-02 1.722262202078453722e-02 1.014140440143573157e-02 4.946859469484059767e-03 6.107763414909964453e-03 3.205231444802011855e-03 1.006161470229513522e-02 5.484705483476963635e-03 1.868853215120581945e-02 4.918535090897612275e-03 5.334853619243176345e-03 1.274473545528386279e-02 1.378826646325253917e-02 7.530587400202033883e-03 -1.294371262512320365e-03 6.873554353849037346e-03 6.430835387740046864e-03 1.402352102241211963e-02 2.385003261672706196e-03 1.240170684686267219e-02 1.337709591791650700e-02 1.576511759702457424e-02 1.393753977870109372e-02 1.352108193529323772e-02 1.252627043329363095e-02 1.101041960953376246e-02 4.987359065768913122e-03 4.804000239153671803e-03 6.438913071582092786e-03 4.766715635614343638e-03 -2.815077074934347386e-03 5.216570094955805606e-03 6.121132385646561175e-03 4.395553365697824413e-03 3.467843691981796917e-03 1.552709712597423117e-02 1.274381702664078263e-02 2.440984056765851343e-03 1.398085028061237141e-02 7.104140798089867738e-03 8.388882129875893309e-03 1.787779064027332509e-04 9.386476814119569870e-03 -1.677363351067051372e-03 4.714794471005877979e-03 1.551223100648821537e-03 1.265104553588146429e-03 3.156909627454481011e-03 -7.475888941147595381e-04 -1.339960037916895384e-03 9.194597084438659723e-03 1.323937198092202871e-03 -2.035122880553770410e-03 8.797593110612511591e-03 1.811283003474503791e-03 1.219192782496939659e-02 -3.685327098464766249e-03 1.456842606748389021e-03 1.346374312303753699e-02 -1.057034050188826284e-03 5.442236867148766239e-04 1.484617317241773357e-03 -3.854533008040739346e-03 1.848325610788876345e-03 1.519764810081666688e-02 3.297022476306466963e-04 9.814324497051859011e-03 3.935745495291119792e-03 1.402559319407999973e-02 1.318977098456437791e-02 1.197630085946893921e-02 5.948995754650691220e-03 -2.277236304695446582e-03 1.080809410943887536e-02 1.000000000000000000e+00 0.000000000000000000e+00 0.000000000000000000e+00 0.000000000000000000e+00 0.000000000000000000e+00
1.829111228602046599e-03 5.608408988803980158e-03 1.172318204052649878e-03 7.401699692328568038e-03 9.322616415003126197e-03 1.311600007762685725e-02 7.604400446685683976e-03 2.345210942651051317e-03 5.678900086583929009e-03 7.260670654882945933e-03 1.391063065550343474e-03 3.619638782601338877e-03 2.233563543218510580e-03 1.946091071653222385e-02 9.249966597543721192e-03 1.898870826167341208e-02 1.199597244282670470e-02 1.590518557166023528e-02 -4.927954934108575010e-04 -5.527124310424593514e-05 1.312495451637366722e-02 1.402165780355810187e-02 1.065040186610357112e-02 1.477806351451544688e-02 9.008666116972489230e-03 -1.889922901611073170e-03 -1.854001931999463802e-03 4.533729658345956974e-03 1.514938791307229166e-02 1.183810834198074750e-02 8.427862820296923643e-03 6.446088837907595730e-03 7.782216008571075060e-03 1.075759500074734316e-02 6.039408153438390915e-03 1.504317024755646558e-03 5.337809216617870126e-03 1.182094726268719496e-02 4.249966877861355644e-03 5.092824118809380005e-03 5.524886094503152602e-04 -1.778424884700550686e-03 1.606200980627637762e-02 1.921013098985069334e-02 5.999748077219777508e-03 1.500417311599135800e-02 1.200464725327198522e-02 6.439301327800016003e-03 1.470830174316072568e-02 -1.846635876900150700e-03 7.296800178698318283e-03 3.284983352199208708e-04 1.073883964374762467e-02 1.535967871125378664e-02 1.529005119063650033e-02 1.125219303980545815e-02 5.114922934814002294e-03 7.701920802930160848e-03 -3.020339575847376799e-05 9.510343091357781678e-03 1.316584826603297426e-02 -8.909812183914017506e-04 5.341341430456576951e-03 9.202541422995353434e-04 5.089471074201758378e-03 1.159104724244275526e-02 1.547351580445149692e-02 1.260444359719527056e-02 1.191727587900919851e-02 1.528503197569446373e-02 5.986530190330460049e-03 7.853288339898678583e-03 1.181599933531367330e-02 -2.582975198607164076e-03 -2.523095743715266827e-03 -2.198723221304257121e-03 5.474307557005185336e-03 5.376391950421535205e-03 8.028509642498448187e-03 1.006538002551380859e-02 1.134349758106824660e-02 8.467008533041060769e-03 1.197931667255900529e-02 2.548606592743106361e-04 1.222530420408226605e-02 -2.491029985642674322e-03 -2.298670566085533537e-03 1.357149083152628215e-02 1.094902856892033052e-03 1.128187926317066048e-02 5.806866611323142219e-03 -2.903761114323756554e-03 -3.325090001220280984e-03 -1.242697820673164697e-03 1.126500409252083161e-02 9.283207762821736250e-03 1.000000000000000000e+00 0.000000000000000000e+00 0.000000000000000000e+00 0.000000000000000000e+00
8.373601252310954729e-03 7.931459399275871125e-03 1.747866249020241236e-02 1.466800965557466105e-03 1.817097461197490771e-02 9.130696893570511632e-03 1.888282112801707019e-02 1.274107251357169124e-02 2.670154230682646700e-03 1.885720775336270985e-02 4.728870508603288426e-03 1.661776376482937065e-02 -4.814408207392800580e-04 1.271176901499024466e-02 1.744511929033130265e-02 1.367284171956064352e-02 1.564414519211997090e-02 8.628463758392245983e-03 5.201942621554264635e-04 4.853976951572127815e-03 1.534125250476032348e-02 1.309796563005124863e-02 1.594567201080520844e-02 1.444422122965755700e-02 7.938980320388481365e-03 9.966994585172014864e-03 -2.242398682986240527e-03 6.687913395693332458e-03 9.337591039879682142e-03 1.499845721564791422e-02 9.851123173106636488e-03 4.564062672606715139e-04 -1.614408041406287806e-03 1.252866672995413960e-02 1.118075754212941898e-02 1.190979499943164988e-02 1.080455218272249884e-02 1.078268470191845810e-02 1.367814136936452984e-02 4.105709244302428902e-03 -2.844816294775364286e-03 4.896105504134990252e-03 -1.380707668314557672e-03 1.221453913597416764e-02 1.446174704052471428e-02 8.139034504895371891e-03 2.765823286691178329e-03 1.136653835309809311e-02 6.090087392689015090e-03 1.545397032280870905e-03 1.332683630127790529e-03 4.630596261679735884e-03 5.472988071083699502e-03 9.519884132473161939e-03 5.714873251857381826e-03 5.827211364692506772e-03 1.494384718905371508e-02 1.116458867549292334e-02 9.828013862892299307e-03 1.240475715925860346e-02 -1.627441578095123508e-03 1.299207436032773916e-02 7.562895319666159029e-03 7.219162322768406942e-03 1.171541356250340934e-02 6.551233258365150511e-03 -1.684419022641046957e-03 6.086143954385651693e-03 -1.897388174937639531e-03 1.094348151001346171e-02 2.998250926754869941e-03 1.126729816598316149e-02 1.074912222399472886e-02 1.284069789521435087e-03 2.156306333139684003e-03 2.315770441085487994e-04 1.265977886980339424e-02 6.725436668441472747e-03 4.973621754094950664e-03 1.586326221680470910e-02 -3.577391338858589703e-03 6.021953899422068102e-03 1.716334737550854290e-03 -3.265517726534924569e-03 4.805033543212836912e-03 3.523409416050661720e-03 7.586052934671396950e-03 -1.672874580561972387e-03 3.292149429033397641e-03 3.131611929004345096e-03 1.236986963399098333e-02 5.272187530180462260e-03 -3.760010038369326207e-03 7.781220251655404131e-03 3.847504623507937843e-03 8.573365685485979937e-03 1.076736534127728604e-03 1.000000000000000000e+00 0.000000000000000000e+00 0.000000000000000000e+00
8.447568069260563348e-03 1.540584436133621976e-02 6.849560668394349397e-04 5.776978635584624315e-03 1.329931640407831968e-02 1.552683925887234952e-02 7.559938230313741590e-03 2.930629454530444666e-03 3.128449511161622305e-03 1.514093966908243612e-02 9.588060222005010758e-04 1.030330747235294608e-02 1.466867322430357237e-02 8.058184947014702254e-03 1.898930888852823004e-02 1.402504991736783398e-02 6.777731231610241783e-03 2.407660925196823936e-03 8.048814843196690910e-03 1.667435548417422336e-02 9.981490512545139124e-04 5.247153683170261091e-04 9.814232095144165974e-03 1.296948905436441646e-02 -1.400717229666205432e-03 1.697158356866350706e-02 1.306180763197754141e-02 1.269964257780612470e-02 -7.944821740705384746e-04 1.789648796811298820e-02 1.706724359084865750e-02 7.135080681563065125e-04 1.558751723600704416e-02 -5.185202534097084351e-04 1.169375057406719584e-02 1.094649325792887255e-02 9.238590120453433335e-03 6.397684430839620760e-03 1.331335259983849710e-02 1.424131744755319576e-02 7.360586867803844968e-03 1.212723465271610922e-02 8.858752317982266505e-03 1.581548566004671412e-03 1.428566734227009090e-02 2.659740655948080856e-03 -9.207641047159608599e-04 -2.611663035150525031e-03 4.343496011174981589e-03 1.189035951817685177e-03 -1.693248624825030536e-03 9.382141383969011192e-03 6.255983783663128864e-04 1.500293392245526970e-02 1.341429897270207672e-02 -1.052783771484863901e-03 6.551402004741712672e-03 1.073835388524859574e-02 1.397989737704220629e-02 7.947646387075391755e-03 9.491520875117216358e-03 -1.319769246236686790e-03 1.234955933092575855e-02 1.098613176349547485e-02 1.609177042304828957e-03 1.397530566463533325e-02 1.150268947893750551e-03 1.131641955918694965e-02 1.252476683283551724e-02 -2.824352146978133249e-03 2.934400989382526196e-04 2.416842060309215296e-03 2.165400872598066771e-03 1.880749974001538413e-03 8.758216524250371504e-03 -4.063890932693018862e-03 1.210885978641715712e-03 1.295264006470490774e-02 9.281944096665915162e-03 6.936710359371717292e-04 1.464442572663221358e-02 5.109223820509310211e-03 7.731412620145481848e-03 1.004965762175046191e-02 1.149276341611427284e-02 -2.394993510177642095e-03 9.175684399895285212e-03 1.319216802327924896e-02 -4.651073822853026528e-03 3.086640291696733044e-03 9.383360457892107572e-04 9.112720430908391803e-03 9.569080850630516319e-03 5.587394469270490389e-03 4.115006958850147764e-03 2.917678339416301860e-03 6.288035836005357801e-03 1.206162676683922123e-02 1.000000000000000000e+00 0.000000000000000000e+00
1.062642178442952355e-02 8.577200743119019546e-03 3.595706800252052829e-04 1.410429908622407719e-02 1.568320913436271197e-02 2.724751227296191066e-03 6.601672507091767284e-03 2.598310279213941840e-03 7.568186695182508097e-03 1.370110928419788349e-02 1.134105288245076254e-02 1.619106480760739569e-02 1.015222121079536327e-02 1.037438852660592381e-02 1.195894018268619336e-03 1.844933575986326332e-02 1.747192591066661430e-02 1.547010470320178514e-02 1.725760376265067508e-02 1.293692419526878620e-02 4.579985374207454912e-03 9.524331013808135004e-04 1.271476156889353275e-02 7.657274337329673247e-03 1.455638113499378196e-02 1.357886960341185383e-02 1.515549733033814440e-02 1.254608161553227332e-02 3.719776889040746128e-03 8.176180005568637471e-03 6.422415951473521394e-03 3.401490771169608709e-03 7.809262254029477983e-03 5.266226793890326462e-03 1.731834241214463138e-02 1.024206329449667448e-02 -1.227053491093948578e-03 6.800392732525402037e-03 6.012961075340762969e-03 1.115155344384795039e-03 2.779430507816423729e-03 7.689509109002097033e-03 -1.249758251530098951e-03 1.835554799787199667e-02 -2.500133375524306398e-03 1.431375899700520864e-02 1.010551380771350545e-02 9.571139117518941836e-03 1.430154845187158429e-02 1.423767672403699301e-02 1.077567454206121433e-02 -2.843019976802614937e-03 1.001965166468709277e-02 7.075764308986688678e-03 6.426339403640339565e-03 4.807630810316596177e-03 1.484803640548281768e-02 3.099035893283718247e-03 4.377512320082990564e-03 1.084431240186646030e-02 3.188573525707496300e-03 2.108680498623722536e-03 1.072465808951778531e-02 -1.511543975237360877e-03 1.392972116744398310e-02 8.302527665797103731e-03 3.976701998477115245e-03 -3.568604352606250581e-03 1.525029492061529858e-02 1.441036905844672632e-03 1.456849675127696968e-02 8.830019942197234878e-03 3.109214594890214681e-03 9.920133015028897647e-03 -6.574912273021725918e-04 7.663328955289869411e-03 6.440477821604707019e-03 -1.690776150950029557e-03 -1.863083090550555305e-03 -5.881219036098810820e-04 -2.172547891639760222e-03 9.097649656971023777e-03 1.495449005710156737e-02 9.786925427950650749e-03 6.577022138440708626e-03 -2.517109416720973280e-03 -4.596737206843495502e-03 2.837026839829352633e-03 -1.212421498742797914e-03 -3.199940331217860073e-03 5.155851024766234560e-03 1.956829802143514145e-03 1.265214120061576228e-02 -1.537573352804645719e-03 -2.369663544692898575e-03 -3.248316264201139489e-03 1.118935195804202608e-02 7.149742087817697288e-03 2.772550177206872368e-03 1.000000000000000000e+00
